t,red,ir
1766854694.9275255,241800,225750
1766854694.9375417,241800,225750
1766854694.9475102,241800,225498
1766854694.9575033,241820,225751
1766854694.967508,241820,225751
1766854694.9775112,241820,225751
1766854694.987508,241710,225562
1766854694.9975226,241849,225752
1766854695.007511,241849,225752
1766854695.0175078,241849,225752
1766854695.0275054,241750,225574
1766854695.0375175,241878,225766
1766854695.0475078,241878,225766
1766854695.0575054,241878,225766
1766854695.0675302,241791,225583
1766854695.0775266,241909,225774
1766854695.087509,241909,225774
1766854695.0975058,241909,225774
1766854695.107505,241838,225586
1766854695.117505,241932,225774
1766854695.127504,241932,225774
1766854695.1375043,241932,225774
1766854695.147504,241858,225579
1766854695.157504,241832,225733
1766854695.1675076,241832,225733
1766854695.1775224,241832,225733
1766854695.1875074,241900,225582
1766854695.197506,241523,225609
1766854695.207504,241523,225609
1766854695.217504,241523,225609
1766854695.2275045,241958,225587
1766854695.2375045,241331,225542
1766854695.2475052,241331,225542
1766854695.2575042,241331,225542
1766854695.2675056,241949,225584
1766854695.2775116,241368,225546
1766854695.2875066,241368,225546
1766854695.2975051,241368,225546
1766854695.307514,241728,225498
1766854695.3175144,241457,225572
1766854695.3275158,241457,225572
1766854695.3375144,241457,225572
1766854695.3479328,241489,225407
1766854695.357524,241572,225602
1766854695.3675241,241572,225602
1766854695.3775132,241572,225602
1766854695.3875039,241496,225415
1766854695.397505,241664,225629
1766854695.4075067,241664,225629
1766854695.417505,241664,225629
1766854695.4275284,241596,225438
1766854695.4375076,241705,225646
1766854695.4475048,241705,225646
1766854695.4575055,241705,225646
1766854695.4675052,241721,225479
1766854695.477512,241709,225633
1766854695.4875124,241709,225633
1766854695.4975047,241709,225633
1766854695.5075047,241813,225489
1766854695.5175035,241706,225634
1766854695.5275037,241706,225634
1766854695.537503,241706,225634
1766854695.547504,241863,225518
1766854695.557525,241726,225638
1766854695.5675092,241726,225638
1766854695.5775054,241726,225638
1766854695.5875046,241870,225502
1766854695.5975041,241772,225653
1766854695.6075046,241772,225653
1766854695.617503,241772,225653
1766854695.627504,241861,225484
1766854695.6375034,241827,225651
1766854695.647532,241827,225651
1766854695.6575327,241827,225651
1766854695.6675122,241869,225497
1766854695.6775055,241862,225667
1766854695.687508,241862,225667
1766854695.6975079,241862,225667
1766854695.7075052,241912,225501
1766854695.7175345,241907,225662
1766854695.7275183,241907,225662
1766854695.7375233,241907,225662
1766854695.7475076,241958,225510
1766854695.7575078,241920,225666
1766854695.7675304,241920,225666
1766854695.7775095,241920,225666
1766854695.787529,242005,225535
1766854695.7975101,241951,225667
1766854695.8075268,241951,225667
1766854695.8175075,241951,225667
1766854695.8275042,242014,225522
1766854695.8375058,241928,225634
1766854695.8475075,241928,225634
1766854695.8575294,241928,225634
1766854695.867518,242034,225512
1766854695.8775055,241723,225529
1766854695.8875098,241723,225529
1766854695.8975065,241723,225529
1766854695.9075062,242061,225512
1766854695.9175048,241297,225387
1766854695.9275055,241297,225387
1766854695.9375057,241297,225387
1766854695.947509,241967,225471
1766854695.9575133,241196,225429
1766854695.9675481,241196,225429
1766854695.9775054,241196,225429
1766854695.9875064,241729,225386
1766854695.9975042,241302,225479
1766854696.007511,241302,225479
1766854696.017507,241302,225479
1766854696.0275054,241538,225330
1766854696.0375054,241531,225584
1766854696.0475059,241531,225584
1766854696.0575037,241531,225584
1766854696.067506,241569,225334
1766854696.0775058,241630,225619
1766854696.087521,241630,225619
1766854696.0975084,241630,225619
1766854696.107529,241642,225362
1766854696.117507,241661,225487
1766854696.1275082,241661,225487
1766854696.1375053,241661,225487
1766854696.1475067,241712,225382
1766854696.1575046,241665,225420
1766854696.1675096,241665,225420
1766854696.1775064,241665,225420
1766854696.1875055,241778,225398
1766854696.2005508,241688,225498
1766854696.207512,241688,225498
1766854696.2175193,241688,225498
1766854696.2275085,241859,225403
1766854696.2375069,241710,225562
1766854696.2475069,241710,225562
1766854696.2575262,241710,225562
1766854696.2675223,241915,225403
1766854696.2775097,241750,225574
1766854696.287507,241750,225574
1766854696.297506,241750,225574
1766854696.3075051,241837,225400
1766854696.3175058,241791,225583
1766854696.3275256,241791,225583
1766854696.33752,241791,225583
1766854696.3475335,241755,225420
1766854696.3575075,241838,225586
1766854696.3675077,241838,225586
1766854696.3775055,241838,225586
1766854696.387506,241760,225434
1766854696.397505,241858,225579
1766854696.4075058,241858,225579
1766854696.4175057,241858,225579
1766854696.4275038,241883,225475
1766854696.4375062,241900,225582
1766854696.4475055,241900,225582
1766854696.4575055,241900,225582
1766854696.4675074,241967,225503
1766854696.4775054,241958,225587
1766854696.487505,241958,225587
1766854696.4975047,241958,225587
1766854696.5075042,242000,225402
1766854696.517504,241949,225584
1766854696.5275047,241949,225584
1766854696.5375044,241949,225584
1766854696.5475044,241728,225498
1766854696.557506,241728,225498
1766854696.5675063,241728,225498
1766854696.5775056,241728,225353
1766854696.5875046,241489,225407
1766854696.5975394,241489,225407
1766854696.6075075,241489,225407
1766854696.6175044,241797,225330
1766854696.627504,241496,225415
1766854696.6375039,241496,225415
1766854696.6475706,241496,225415
1766854696.6575284,241565,225251
1766854696.6675472,241596,225438
1766854696.677505,241596,225438
1766854696.687504,241596,225438
1766854696.6975048,241520,225246
1766854696.7075057,241721,225479
1766854696.7175071,241721,225479
1766854696.7275045,241721,225479
1766854696.7375202,241585,225261
1766854696.7475235,241813,225489
1766854696.7575314,241813,225489
1766854696.7675254,241813,225489
1766854696.7775223,241711,225302
1766854696.7875214,241863,225518
1766854696.7975059,241863,225518
1766854696.8075275,241863,225518
1766854696.8175125,241797,225325
1766854696.827507,241870,225502
1766854696.837506,241870,225502
1766854696.8475049,241870,225502
1766854696.8575048,241843,225324
1766854696.8675053,241861,225484
1766854696.877504,241861,225484
1766854696.887504,241861,225484
1766854696.8975053,241858,225328
1766854696.9075205,241869,225497
1766854696.9175065,241869,225497
1766854696.9275045,241869,225497
1766854696.9375112,241847,225308
1766854696.9476008,241912,225501
1766854696.9575226,241912,225501
1766854696.9675193,241912,225501
1766854696.977532,241877,225321
1766854696.9875143,241958,225510
1766854696.9975064,241958,225510
1766854697.0075076,241958,225510
1766854697.017506,241931,225331
1766854697.0275073,242005,225535
1766854697.0375047,242005,225535
1766854697.0475051,242005,225535
1766854697.057511,241959,225343
1766854697.067518,242014,225522
1766854697.0775216,242014,225522
1766854697.0875325,242014,225522
1766854697.0975292,241982,225345
1766854697.1075203,242034,225512
1766854697.1175072,242034,225512
1766854697.1275167,242034,225512
1766854697.1385758,242023,225341
1766854697.1475167,242061,225512
1766854697.161841,242061,225512
1766854697.1675394,242061,225512
1766854697.1775217,242077,225349
1766854697.1875277,241967,225471
1766854697.1975062,241967,225471
1766854697.2075162,241967,225471
1766854697.2175102,242053,225345
1766854697.2275097,241729,225386
1766854697.237508,241729,225386
1766854697.2475078,241729,225386
1766854697.2575061,241865,225276
1766854697.2675085,241538,225330
1766854697.2775044,241538,225330
1766854697.2875073,241538,225330
1766854697.2975054,241571,225160
1766854697.307506,241569,225334
1766854697.3175251,241569,225334
1766854697.3275077,241569,225334
1766854697.337507,241512,225148
1766854697.3475087,241642,225362
1766854697.3575084,241642,225362
1766854697.3675065,241642,225362
1766854697.3775055,241590,225163
1766854697.3875046,241712,225382
1766854697.3975067,241712,225382
1766854697.4075148,241712,225382
1766854697.4175057,241707,225212
1766854697.4275036,241778,225398
1766854697.4375038,241778,225398
1766854697.4475071,241778,225398
1766854697.457504,241791,225240
1766854697.46752,241859,225403
1766854697.4775236,241859,225403
1766854697.487528,241859,225403
1766854697.4975073,241833,225250
1766854697.5077698,241915,225403
1766854697.518579,241915,225403
1766854697.5275216,241915,225403
1766854697.537522,241837,225244
1766854697.5475106,241837,225400
1766854697.5575068,241837,225400
1766854697.5675104,241837,225400
1766854697.5775228,241845,225238
1766854697.587508,241755,225420
1766854697.5975082,241755,225420
1766854697.6075044,241755,225420
1766854697.617506,241881,225255
1766854697.6275058,241760,225434
1766854697.6375046,241760,225434
1766854697.6475637,241760,225434
1766854697.657528,241949,225253
1766854697.6675055,241883,225475
1766854697.6775043,241883,225475
1766854697.6875038,241883,225475
1766854697.697505,241996,225260
1766854697.707719,241967,225503
1766854697.7175217,241967,225503
1766854697.727508,241967,225503
1766854697.7375069,242055,225268
1766854697.7475069,242000,225402
1766854697.7575064,242000,225402
1766854697.7675095,242000,225402
1766854697.7775064,242070,225286
1766854697.7875257,242042,225310
1766854697.7975245,242042,225310
1766854697.807525,242042,225310
1766854697.8175077,242095,225290
1766854697.8275068,242020,225353
1766854697.8375065,242020,225353
1766854697.8475053,242020,225353
1766854697.8575242,242136,225295
1766854697.8675075,241797,225330
1766854697.8775082,241797,225330
1766854697.8875294,241797,225330
1766854697.8975215,242039,225249
1766854697.9075081,241565,225251
1766854697.9175048,241565,225251
1766854697.9275055,241565,225251
1766854697.9374845,241666,225143
1766854697.9475067,241520,225246
1766854697.9575067,241520,225246
1766854697.967515,241520,225246
1766854697.977519,241381,225077
1766854697.987523,241585,225261
1766854697.997508,241585,225261
1766854698.0075076,241585,225261
1766854698.017508,241408,225100
1766854698.027518,241711,225302
1766854698.0375073,241711,225302
1766854698.04751,241711,225302
1766854698.0575283,241605,225212
1766854698.0675077,241797,225325
1766854698.0775063,241797,225325
1766854698.0875056,241797,225325
1766854698.097649,241744,225225
1766854698.1075366,241843,225324
1766854698.117525,241843,225324
1766854698.1275263,241843,225324
1766854698.1375077,241843,225324
1766854698.1475215,241858,225328
1766854698.1575153,241858,225328
1766854698.1675096,241858,225328
1766854698.1775079,241847,225308
1766854698.1875067,241847,225308
1766854698.1975074,241847,225308
1766854698.2075057,241847,225139
1766854698.217519,241877,225321
1766854698.2275238,241877,225321
1766854698.2375247,241877,225321
1766854698.2475097,241835,225187
1766854698.2575233,241931,225331
1766854698.267516,241931,225331
1766854698.2775064,241931,225331
1766854698.287505,241862,225185
1766854698.2975051,241959,225343
1766854698.3075044,241959,225343
1766854698.317505,241959,225343
1766854698.3275042,241893,225193
1766854698.337504,241982,225345
1766854698.3475273,241982,225345
1766854698.3575072,241982,225345
1766854698.3675203,241928,225198
1766854698.3775063,242023,225341
1766854698.3875077,242023,225341
1766854698.3975046,242023,225341
1766854698.407504,241957,225202
1766854698.4175043,242077,225349
1766854698.4275043,242077,225349
1766854698.4375045,242077,225349
1766854698.447521,241961,225210
1766854698.4575102,242053,225345
1766854698.4675238,242053,225345
1766854698.4775078,242053,225345
1766854698.4875233,241975,225196
1766854698.4975066,241865,225276
1766854698.5075054,241865,225276
1766854698.517504,241865,225276
1766854698.5275042,241955,225171
1766854698.5375218,241571,225160
1766854698.5475333,241571,225160
1766854698.5575225,241571,225160
1766854698.5675075,241734,225087
1766854698.577505,241512,225148
1766854698.5875041,241512,225148
1766854698.5975156,241512,225148
1766854698.6075072,241426,224986
1766854698.6175263,241590,225163
1766854698.6275227,241590,225163
1766854698.6375208,241590,225163
1766854698.6475418,241394,224965
1766854698.6575289,241707,225212
1766854698.667494,241707,225212
1766854698.6775265,241707,225212
1766854698.6875103,241487,224999
1766854698.6975055,241791,225240
1766854698.707635,241791,225240
1766854698.7175066,241791,225240
1766854698.7275062,241570,225031
1766854698.737505,241833,225250
1766854698.7475052,241833,225250
1766854698.7575088,241833,225250
1766854698.7675066,241657,225047
1766854698.7775059,241837,225244
1766854698.787525,241837,225244
1766854698.7975125,241837,225244
1766854698.8075082,241683,225061
1766854698.8175051,241845,225238
1766854698.8275206,241845,225238
1766854698.8375132,241845,225238
1766854698.847507,241717,225073
1766854698.8575056,241881,225255
1766854698.8675036,241881,225255
1766854698.8775053,241881,225255
1766854698.8875086,241749,225081
1766854698.8975077,241949,225253
1766854698.907505,241949,225253
1766854698.917504,241949,225253
1766854698.9275045,241769,225086
1766854698.9375043,241996,225260
1766854698.9475064,241996,225260
1766854698.9575226,241996,225260
1766854698.9675221,241810,225084
1766854698.9775155,242055,225268
1766854698.9875212,242055,225268
1766854698.9975226,242055,225268
1766854699.007527,241853,225105
1766854699.0175145,242070,225286
1766854699.0275064,242070,225286
1766854699.037506,242070,225286
1766854699.0475154,241862,225108
1766854699.057511,242095,225290
1766854699.0675035,242095,225290
1766854699.0775259,242095,225290
1766854699.0875092,241886,225100
1766854699.0975084,242136,225295
1766854699.1075068,242136,225295
1766854699.1175048,242136,225295
1766854699.127522,241934,225126
1766854699.137507,242039,225249
1766854699.1475186,242039,225249
1766854699.1575058,242039,225249
1766854699.1675093,241970,225125
1766854699.1775064,241666,225143
1766854699.1875064,241666,225143
1766854699.1974905,241666,225143
1766854699.2083519,241960,225111
1766854699.217525,241381,225077
1766854699.2275176,241381,225077
1766854699.2375078,241381,225077
1766854699.2474961,241773,225042
1766854699.257667,241408,225100
1766854699.2675097,241408,225100
1766854699.2775216,241408,225100
1766854699.28751,241443,224923
1766854699.2975094,241605,225212
1766854699.3075054,241605,225212
1766854699.3175294,241605,225212
1766854699.3275392,241339,224887
1766854699.3378012,241744,225225
1766854699.3475416,241744,225225
1766854699.357531,241744,225225
1766854699.3706765,241400,224901
1766854699.3775227,241843,225324
1766854699.3875492,241843,225324
1766854699.3975317,241843,225324
1766854699.4077067,241532,224945
1766854699.4176154,241826,225063
1766854699.4275763,241826,225063
1766854699.4376097,241826,225063
1766854699.447576,241694,225004
1766854699.4575596,241832,225139
1766854699.4675324,241832,225139
1766854699.477527,241832,225139
1766854699.487527,241794,225027
1766854699.497526,241835,225187
1766854699.5075264,241835,225187
1766854699.5175102,241835,225187
1766854699.5275242,241859,225037
1766854699.5375097,241862,225185
1766854699.5475059,241862,225185
1766854699.5575056,241862,225185
1766854699.567512,241754,225032
1766854699.577506,241893,225193
1766854699.5875065,241893,225193
1766854699.5975065,241893,225193
1766854699.607505,241659,225034
1766854699.6175153,241928,225198
1766854699.6275103,241928,225198
1766854699.637506,241928,225198
1766854699.6475406,241761,225052
1766854699.6575305,241957,225202
1766854699.667508,241957,225202
1766854699.6775103,241957,225202
1766854699.6875086,241897,225134
1766854699.6975083,241961,225210
1766854699.7075217,241961,225210
1766854699.7175102,241961,225210
1766854699.7275054,241961,225140
1766854699.7375073,241975,225196
1766854699.747508,241975,225196
1766854699.7575066,241975,225196
1766854699.7675095,241975,225196
1766854699.777545,241955,225171
1766854699.787555,241955,225171
1766854699.7975318,241955,225171
1766854699.8075306,241734,225087
1766854699.8175213,241734,225087
1766854699.8275247,241734,225087
1766854699.8375285,242083,225081
1766854699.847537,241426,224986
1766854699.8575583,241426,224986
1766854699.8675563,241426,224986
1766854699.877537,242060,225085
1766854699.8913865,241394,224965
1766854699.897544,241394,224965
1766854699.907559,241394,224965
1766854699.9175398,241894,225037
1766854699.9275422,241487,224999
1766854699.9375505,241487,224999
1766854699.9475377,241487,224999
1766854699.957523,241703,224969
1766854699.968419,241570,225031
1766854699.977521,241570,225031
1766854699.987517,241570,225031
1766854699.9975216,241680,224965
1766854700.0075202,241657,225047
1766854700.017517,241657,225047
1766854700.027524,241657,225047
1766854700.0375192,241789,225001
1766854700.0475204,241683,225061
1766854700.057519,241683,225061
1766854700.067517,241683,225061
1766854700.0775297,241864,225009
1766854700.0875285,241717,225073
1766854700.0975652,241717,225073
1766854700.107567,241717,225073
1766854700.11772,241937,225034
1766854700.127573,241749,225081
1766854700.1375675,241749,225081
1766854700.1476033,241749,225081
1766854700.157574,241962,225042
1766854700.167561,241769,225086
1766854700.1775637,241769,225086
1766854700.1875412,241769,225086
1766854700.1976144,241974,225059
1766854700.2075813,241810,225084
1766854700.2175426,241810,225084
1766854700.2275486,241810,225084
1766854700.2375457,241972,225043
1766854700.247588,241853,225105
1766854700.257542,241853,225105
1766854700.2675395,241853,225105
1766854700.2863228,241990,225051
1766854700.287815,241862,225108
1766854700.300724,241862,225108
1766854700.3075225,241862,225108
1766854700.3175237,242020,225047
1766854700.3275232,241886,225100
1766854700.337509,241886,225100
1766854700.3475068,241886,225100
1766854700.3575046,242070,225050
1766854700.367522,241934,225126
1766854700.3775098,241934,225126
1766854700.387545,241934,225126
1766854700.397506,242073,225049
1766854700.4075058,241970,225125
1766854700.4175215,241970,225125
1766854700.4275072,241970,225125
1766854700.437506,242074,225046
1766854700.4475224,241960,225111
1766854700.4575093,241960,225111
1766854700.4675052,241960,225111
1766854700.4775093,242114,225059
1766854700.4875064,241773,225042
1766854700.4975047,241773,225042
1766854700.5075052,241773,225042
1766854700.517504,242147,225066
1766854700.5275056,241443,224923
1766854700.5375054,241443,224923
1766854700.5475044,241443,224923
1766854700.5575113,242083,225055
1766854700.5675056,241339,224887
1766854700.5775075,241339,224887
1766854700.5875056,241339,224887
1766854700.5975254,241880,224974
1766854700.607522,241400,224901
1766854700.6175094,241400,224901
1766854700.627505,241400,224901
1766854700.6375067,241703,224924
1766854700.6475124,241532,224945
1766854700.6575363,241532,224945
1766854700.667521,241532,224945
1766854700.6775262,241715,224912
1766854700.687527,241694,225004
1766854700.697507,241694,225004
1766854700.7076085,241694,225004
1766854700.7175205,241840,224957
1766854700.7275243,241794,225027
1766854700.737505,241794,225027
1766854700.7475042,241794,225027
1766854700.757505,241938,224996
1766854700.76751,241859,225037
1766854700.7775073,241859,225037
1766854700.787524,241859,225037
1766854700.797508,241978,225002
1766854700.8075085,241754,225032
1766854700.8175054,241754,225032
1766854700.8275058,241754,225032
1766854700.8375056,242002,225019
1766854700.847507,241659,225034
1766854700.8575811,241659,225034
1766854700.867508,241659,225034
1766854700.87751,242024,225035
1766854700.88751,241761,225052
1766854700.897506,241761,225052
1766854700.907505,241761,225052
1766854700.917505,242025,225017
1766854700.9275057,241897,225134
1766854700.9375222,241897,225134
1766854700.9475086,241897,225134
1766854700.9575052,242041,225030
1766854700.9675062,241961,225140
1766854700.9775124,241961,225140
1766854700.9875054,241961,225140
1766854700.9975045,242087,225042
1766854701.0075054,241975,225196
1766854701.0175033,241975,225196
1766854701.0275075,241975,225196
1766854701.0375047,242118,225052
1766854701.0475264,242045,224997
1766854701.057508,242045,224997
1766854701.0675042,242045,224997
1766854701.0775054,242149,225059
1766854701.0875046,242083,225081
1766854701.097505,242083,225081
1766854701.107524,242083,225081
1766854701.1175215,242216,225055
1766854701.1275318,242060,225085
1766854701.1375158,242060,225085
1766854701.147522,242060,225085
1766854701.157525,242249,225059
1766854701.1675107,241894,225037
1766854701.1775084,241894,225037
1766854701.1875079,241894,225037
1766854701.1975126,242127,225060
1766854701.2075071,241703,224969
1766854701.2175045,241703,224969
1766854701.2275069,241703,224969
1766854701.2375057,241898,225016
1766854701.2475069,241680,224965
1766854701.2575076,241680,224965
1766854701.2675242,241680,224965
1766854701.2775164,241806,224979
1766854701.2875063,241789,225001
1766854701.2975206,241789,225001
1766854701.3075073,241789,225001
1766854701.3175044,241836,225020
1766854701.3275044,241864,225009
1766854701.3375037,241864,225009
1766854701.3475049,241864,225009
1766854701.3575048,241908,224996
1766854701.3675208,241937,225034
1766854701.3775158,241937,225034
1766854701.3875217,241937,225034
1766854701.397519,241962,225042
1766854701.4075196,241962,225042
1766854701.4175081,241962,225042
1766854701.4275062,241962,225042
1766854701.4375148,241974,225059
1766854701.4475143,241974,225059
1766854701.457507,241974,225059
1766854701.4675093,242123,225010
1766854701.4775064,241972,225043
1766854701.487505,241972,225043
1766854701.4975045,241972,225043
1766854701.5075045,242101,225013
1766854701.5175266,241990,225051
1766854701.5275135,241990,225051
1766854701.5375094,241990,225051
1766854701.5475051,242119,225015
1766854701.5575051,242020,225047
1766854701.5675051,242020,225047
1766854701.5775049,242020,225047
1766854701.5875041,242129,225018
1766854701.597505,242070,225050
1766854701.607506,242070,225050
1766854701.617522,242070,225050
1766854701.62752,242158,225034
1766854701.6375153,242073,225049
1766854701.6475754,242073,225049
1766854701.6575325,242073,225049
1766854701.6675096,242182,225045
1766854701.677508,242074,225046
1766854701.6875072,242074,225046
1766854701.697507,242074,225046
1766854701.7075076,242209,225033
1766854701.7175121,242114,225059
1766854701.7275229,242114,225059
1766854701.7375073,242114,225059
1766854701.7475636,242221,225034
1766854701.7575104,242147,225066
1766854701.7675064,242147,225066
1766854701.7775044,242147,225066
1766854701.7875588,242252,225047
1766854701.797527,242083,225055
1766854701.8075097,242083,225055
1766854701.8175035,242083,225055
1766854701.827507,242235,225039
1766854701.8375304,241880,224974
1766854701.8475075,241880,224974
1766854701.8575056,241880,224974
1766854701.8681374,242060,224971
1766854701.8775225,241703,224924
1766854701.8875246,241703,224924
1766854701.8975077,241703,224924
1766854701.9075062,241879,224920
1766854701.9175036,241715,224912
1766854701.9275134,241715,224912
1766854701.9375076,241715,224912
1766854701.9475055,241851,224900
1766854701.9575067,241840,224957
1766854701.9675066,241840,224957
1766854701.9775112,241840,224957
1766854701.987506,241916,224936
1766854701.9975321,241938,224996
1766854702.0075097,241938,224996
1766854702.0175042,241938,224996
1766854702.0275257,241994,224954
1766854702.03751,241978,225002
1766854702.0475075,241978,225002
1766854702.0575051,241978,225002
1766854702.0675042,242047,224974
1766854702.0775247,242002,225019
1766854702.0875075,242002,225019
1766854702.0976758,242002,225019
1766854702.1075253,242073,224973
1766854702.1175067,242024,225035
1766854702.1275046,242024,225035
1766854702.1375797,242024,225035
1766854702.1475277,242071,224974
1766854702.1575224,242025,225017
1766854702.1675274,242025,225017
1766854702.177509,242025,225017
1766854702.1875072,242049,224956
1766854702.197506,242041,225030
1766854702.2075408,242041,225030
1766854702.217525,242041,225030
1766854702.2275224,242073,224976
1766854702.2377675,242087,225042
1766854702.2475052,242087,225042
1766854702.257505,242087,225042
1766854702.2675211,242106,224976
1766854702.277511,242118,225052
1766854702.287526,242118,225052
1766854702.2975113,242118,225052
1766854702.3075235,242118,224976
1766854702.317524,242149,225059
1766854702.3275084,242149,225059
1766854702.3375049,242149,225059
1766854702.3475034,242130,224982
1766854702.3575106,242216,225055
1766854702.3675077,242216,225055
1766854702.3775048,242216,225055
1766854702.3875043,242155,224977
1766854702.3975062,242249,225059
1766854702.4075038,242249,225059
1766854702.417504,242249,225059
1766854702.4275038,242163,224988
1766854702.437526,242127,225060
1766854702.4475071,242127,225060
1766854702.4575057,242127,225060
1766854702.467504,242118,224974
1766854702.4775047,241898,225016
1766854702.4875038,241898,225016
1766854702.4975033,241898,225016
1766854702.507504,241886,224884
1766854702.5175242,241806,224979
1766854702.5275214,241806,224979
1766854702.5375073,241806,224979
1766854702.547506,241667,224812
1766854702.557506,241836,225020
1766854702.5675075,241836,225020
1766854702.5775313,241836,225020
1766854702.5875103,241640,224806
1766854702.597524,241908,224996
1766854702.6075103,241908,224996
1766854702.6175058,241908,224996
1766854702.627505,241734,224837
1766854702.63752,242009,224856
1766854702.6475105,242009,224856
1766854702.6578932,242009,224856
1766854702.6675217,241875,224886
1766854702.6776788,242072,224912
1766854702.6879222,242072,224912
1766854702.6975148,242072,224912
1766854702.7075174,241961,224907
1766854702.7175126,242123,225010
1766854702.727508,242123,225010
1766854702.7375047,242123,225010
1766854702.7475104,242023,224908
1766854702.7575076,242101,225013
1766854702.7675064,242101,225013
1766854702.777523,242101,225013
1766854702.7875078,241972,224909
1766854702.7975047,242119,225015
1766854702.8075056,242119,225015
1766854702.8175166,242119,225015
1766854702.827513,241881,224910
1766854702.8375056,242129,225018
1766854702.847505,242129,225018
1766854702.857505,242129,225018
1766854702.8675041,241828,224902
1766854702.8775053,242158,225034
1766854702.8875048,242158,225034
1766854702.8975046,242158,225034
1766854702.9075253,241967,224963
1766854702.9175065,242182,225045
1766854702.9275215,242182,225045
1766854702.9375212,242182,225045
1766854702.94752,242051,225012
1766854702.9575114,242209,225033
1766854702.9675088,242209,225033
1766854702.9775124,242209,225033
1766854702.987505,242073,224889
1766854702.997505,242221,225034
1766854703.0075047,242221,225034
1766854703.0175037,242221,225034
1766854703.0275264,242252,225047
1766854703.0375211,242252,225047
1766854703.0475094,242252,225047
1766854703.0575387,242252,224894
1766854703.0675302,242235,225039
1766854703.0775206,242235,225039
1766854703.0875192,242235,225039
1766854703.0975087,242106,224938
1766854703.107525,242060,224971
1766854703.1175091,242060,224971
1766854703.1275263,242060,224971
1766854703.1375082,241852,224846
1766854703.147507,241879,224920
1766854703.1575098,241879,224920
1766854703.1675074,241879,224920
1766854703.1775074,241608,224749
1766854703.187507,241851,224900
1766854703.1975079,241851,224900
1766854703.207519,241851,224900
1766854703.2175083,241589,224747
1766854703.227506,241916,224936
1766854703.2375069,241916,224936
1766854703.2475066,241916,224936
1766854703.2575054,241675,224789
1766854703.267508,241994,224954
1766854703.277508,241994,224954
1766854703.287505,241994,224954
1766854703.297506,241794,224833
1766854703.3075051,242047,224974
1766854703.317505,242047,224974
1766854703.3275046,242047,224974
1766854703.3375313,241886,224850
1766854703.3475223,242073,224973
1766854703.3575165,242073,224973
1766854703.3675075,242073,224973
1766854703.377512,241927,224866
1766854703.3875206,242071,224974
1766854703.3975172,242071,224974
1766854703.407523,242071,224974
1766854703.4175327,241921,224868
1766854703.4275198,242049,224956
1766854703.4388394,242049,224956
1766854703.4475434,242049,224956
1766854703.457524,241942,224870
1766854703.4675236,242073,224976
1766854703.4775102,242073,224976
1766854703.4875119,242073,224976
1766854703.497509,241949,224874
1766854703.5075083,242106,224976
1766854703.5175173,242106,224976
1766854703.5275068,242106,224976
1766854703.5375054,241976,224883
1766854703.5475056,242118,224976
1766854703.5575056,242118,224976
1766854703.567526,242118,224976
1766854703.5775106,242001,224878
1766854703.587509,242130,224982
1766854703.597508,242130,224982
1766854703.607505,242130,224982
1766854703.617504,242046,224894
1766854703.6275046,242155,224977
1766854703.637506,242155,224977
1766854703.6478515,242155,224977
1766854703.6575317,242060,224899
1766854703.6675117,242163,224988
1766854703.6775079,242163,224988
1766854703.68751,242163,224988
1766854703.6975095,242085,224915
1766854703.7075062,242118,224974
1766854703.7175076,242118,224974
1766854703.7275054,242118,224974
1766854703.737505,242061,224894
1766854703.7475066,241886,224884
1766854703.7575066,241886,224884
1766854703.7675068,241886,224884
1766854703.7775078,241812,224808
1766854703.7875264,241667,224812
1766854703.7975097,241667,224812
1766854703.8075092,241667,224812
1766854703.8175356,241484,224679
1766854703.8275125,241640,224806
1766854703.8375058,241640,224806
1766854703.8475068,241640,224806
1766854703.8575232,241405,224637
1766854703.8675072,241734,224837
1766854703.8775134,241734,224837
1766854703.8875115,241734,224837
1766854703.8975291,241456,224677
1766854703.9075267,241875,224886
1766854703.9175286,241875,224886
1766854703.9275506,241875,224886
1766854703.9380474,241584,224724
1766854703.9475737,241961,224907
1766854703.9575317,241961,224907
1766854703.9675384,241961,224907
1766854703.9775212,241676,224749
1766854703.987527,242023,224908
1766854703.9975226,242023,224908
1766854704.007527,242023,224908
1766854704.0175188,241722,224771
1766854704.0275269,241972,224909
1766854704.0375273,241972,224909
1766854704.0475428,241972,224909
1766854704.0575328,241744,224754
1766854704.0675304,241881,224910
1766854704.0775228,241881,224910
1766854704.0875149,241881,224910
1766854704.097507,241760,224765
1766854704.1075227,241828,224902
1766854704.1175086,241828,224902
1766854704.1275046,241828,224902
1766854704.137525,241793,224775
1766854704.1475105,241967,224963
1766854704.157508,241967,224963
1766854704.1675065,241967,224963
1766854704.1775062,241836,224793
1766854704.1875064,242051,225012
1766854704.1975067,242051,225012
1766854704.2075067,242051,225012
1766854704.217504,241886,224806
1766854704.2275054,242073,224889
1766854704.2375042,242073,224889
1766854704.247508,242073,224889
1766854704.2575064,241927,224813
1766854704.267504,242098,224817
1766854704.2775204,242098,224817
1766854704.2875328,242098,224817
1766854704.2975101,241942,224811
1766854704.3075488,242142,224894
1766854704.3181057,242142,224894
1766854704.3275254,242142,224894
1766854704.3375306,242000,224828
1766854704.347509,242106,224938
1766854704.3575065,242106,224938
1766854704.367503,242106,224938
1766854704.3775146,242116,224842
1766854704.387531,241852,224846
1766854704.3975117,241852,224846
1766854704.4075043,241852,224846
1766854704.4175038,241950,224813
1766854704.427504,241608,224749
1766854704.4375043,241608,224749
1766854704.4475257,241608,224749
1766854704.4575086,241552,224708
1766854704.467522,241589,224747
1766854704.477511,241589,224747
1766854704.487507,241589,224747
1766854704.4975083,241376,224650
1766854704.5075078,241675,224789
1766854704.517505,241675,224789
1766854704.527504,241675,224789
1766854704.5375335,241476,224736
1766854704.5475125,241794,224833
1766854704.5575087,241794,224833
1766854704.5675242,241794,224833
1766854704.5775218,241638,224800
1766854704.5875497,241886,224850
1766854704.5975127,241886,224850
1766854704.6075072,241886,224850
1766854704.617506,241749,224687
1766854704.6275098,241927,224866
1766854704.637509,241927,224866
1766854704.6475232,241927,224866
1766854704.6575327,241921,224868
1766854704.6675274,241921,224868
1766854704.6775134,241921,224868
1766854704.6875086,241921,224694
1766854704.6975057,241942,224870
1766854704.7075217,241942,224870
1766854704.7175148,241942,224870
1766854704.7275252,241798,224740
1766854704.7375216,241949,224874
1766854704.7475069,241949,224874
1766854704.757506,241949,224874
1766854704.767676,241804,224754
1766854704.7775106,241976,224883
1766854704.7875984,241976,224883
1766854704.7975287,241976,224883
1766854704.807512,241843,224759
1766854704.8175054,242001,224878
1766854704.827506,242001,224878
1766854704.8375046,242001,224878
1766854704.8475046,241880,224756
1766854704.8575037,242046,224894
1766854704.8675048,242046,224894
1766854704.8775063,242046,224894
1766854704.8875058,241911,224781
1766854704.8975208,242060,224899
1766854704.907507,242060,224899
1766854704.9175043,242060,224899
1766854704.927504,241931,224775
1766854704.9375048,242085,224915
1766854704.947505,242085,224915
1766854704.9575045,242085,224915
1766854704.9675038,241960,224788
1766854704.977511,242061,224894
1766854704.9875138,242061,224894
1766854704.9975066,242061,224894
1766854705.00752,242001,224808
1766854705.0175073,241812,224808
1766854705.0275052,241812,224808
1766854705.0375087,241812,224808
1766854705.0477748,241985,224794
1766854705.0575821,241484,224679
1766854705.0675116,241484,224679
1766854705.0775118,241484,224679
1766854705.0875068,241771,224714
1766854705.0975063,241405,224637
1766854705.1075084,241405,224637
1766854705.1175258,241405,224637
1766854705.1275096,241545,224641
1766854705.137505,241456,224677
1766854705.147505,241456,224677
1766854705.1575305,241456,224677
1766854705.1675076,241560,224655
1766854705.1775134,241584,224724
1766854705.1875274,241584,224724
1766854705.1975303,241584,224724
1766854705.207523,241671,224697
1766854705.2175422,241676,224749
1766854705.2275276,241676,224749
1766854705.2375226,241676,224749
1766854705.2475228,241767,224722
1766854705.257525,241722,224771
1766854705.2675226,241722,224771
1766854705.277525,241722,224771
1766854705.2875412,241818,224745
1766854705.2975447,241744,224754
1766854705.3080297,241744,224754
1766854705.3175406,241744,224754
1766854705.3276222,241850,224754
1766854705.3375483,241760,224765
1766854705.3475614,241760,224765
1766854705.3575351,241760,224765
1766854705.3675349,241844,224746
1766854705.3775332,241793,224775
1766854705.3875241,241793,224775
1766854705.3975263,241793,224775
1766854705.4075506,241852,224758
1766854705.4175417,241836,224793
1766854705.427526,241836,224793
1766854705.4375174,241836,224793
1766854705.447518,241902,224755
1766854705.4575179,241886,224806
1766854705.467637,241886,224806
1766854705.4775236,241886,224806
1766854705.4875257,241948,224763
1766854705.4975348,241927,224813
1766854705.5075235,241927,224813
1766854705.5175235,241927,224813
1766854705.5275235,241970,224779
1766854705.5375457,241942,224811
1766854705.5475338,241942,224811
1766854705.5575275,241942,224811
1766854705.5675213,241986,224776
1766854705.5775247,242000,224828
1766854705.5875745,242000,224828
1766854705.59753,242000,224828
1766854705.607524,242005,224771
1766854705.6175294,242116,224842
1766854705.6275263,242116,224842
1766854705.6375418,242116,224842
1766854705.6475308,242024,224786
1766854705.6575572,241950,224813
1766854705.6676743,241950,224813
1766854705.6776006,241950,224813
1766854705.6875236,241892,224722
1766854705.697543,241552,224708
1766854705.707543,241552,224708
1766854705.717539,241552,224708
1766854705.7277377,241594,224613
1766854705.7377734,241376,224650
1766854705.7475412,241376,224650
1766854705.7575266,241376,224650
1766854705.7675202,241426,224553
1766854705.7775211,241476,224736
1766854705.787759,241476,224736
1766854705.797541,241476,224736
1766854705.8075533,241480,224574
1766854705.8175242,241638,224800
1766854705.8275208,241638,224800
1766854705.8375227,241638,224800
1766854705.8475237,241587,224619
1766854705.857525,241749,224687
1766854705.86752,241749,224687
1766854705.8775196,241749,224687
1766854705.8875284,241704,224662
1766854705.8975303,241795,224628
1766854705.9075258,241795,224628
1766854705.917521,241795,224628
1766854705.9275231,241761,224679
1766854705.9375248,241789,224694
1766854705.9475336,241789,224694
1766854705.957528,241789,224694
1766854705.9675221,241804,224685
1766854705.9775238,241798,224740
1766854705.987589,241798,224740
1766854705.997526,241798,224740
1766854706.0075243,241827,224668
1766854706.017522,241804,224754
1766854706.027522,241804,224754
1766854706.0375245,241804,224754
1766854706.0475266,241793,224679
1766854706.0575733,241843,224759
1766854706.0675294,241843,224759
1766854706.0775228,241843,224759
1766854706.0875254,241647,224682
1766854706.0975218,241880,224756
1766854706.107568,241880,224756
1766854706.1175487,241880,224756
1766854706.127883,241769,224712
1766854706.13753,241911,224781
1766854706.1475213,241911,224781
1766854706.159463,241887,224729
1766854706.167541,241931,224775
1766854706.177543,241931,224775
1766854706.187598,241931,224775
1766854706.1975234,241931,224775
1766854706.2075229,241899,224707
1766854706.217529,241960,224788
1766854706.2275233,241960,224788
1766854706.2375205,241960,224788
1766854706.2475228,241960,224788
1766854706.2575212,242001,224808
1766854706.2675292,242001,224808
1766854706.2775228,242001,224808
1766854706.2875245,241985,224794
1766854706.297555,241985,224794
1766854706.3075686,241985,224794
1766854706.3175497,241722,224588
1766854706.3275309,241771,224714
1766854706.3375301,241771,224714
1766854706.3475306,241771,224714
1766854706.3575342,241346,224478
1766854706.3675523,241545,224641
1766854706.3775423,241545,224641
1766854706.3875318,241545,224641
1766854706.39753,241265,224426
1766854706.4075246,241560,224655
1766854706.4175227,241560,224655
1766854706.427523,241560,224655
1766854706.4375236,241287,224453
1766854706.4475248,241671,224697
1766854706.457523,241671,224697
1766854706.467521,241671,224697
1766854706.4775226,241405,224507
1766854706.487524,241767,224722
1766854706.497581,241767,224722
1766854706.5075657,241767,224722
1766854706.5175405,241526,224552
1766854706.5275319,241818,224745
1766854706.5375319,241818,224745
1766854706.5475523,241818,224745
1766854706.5575793,241604,224573
1766854706.5683475,241850,224754
1766854706.5775504,241850,224754
1766854706.5875375,241850,224754
1766854706.5975313,241622,224583
1766854706.6075356,241844,224746
1766854706.6175222,241844,224746
1766854706.6275215,241844,224746
1766854706.6375208,241637,224575
1766854706.6475189,241852,224758
1766854706.6575472,241852,224758
1766854706.6675422,241852,224758
1766854706.677526,241675,224588
1766854706.6875334,241902,224755
1766854706.6975799,241902,224755
1766854706.7075465,241902,224755
1766854706.7175367,241719,224602
1766854706.7275476,241948,224763
1766854706.7375453,241948,224763
1766854706.747527,241948,224763
1766854706.7575316,241775,224607
1766854706.7675266,241970,224779
1766854706.7775311,241970,224779
1766854706.7875245,241970,224779
1766854706.7975454,241801,224622
1766854706.8075385,241986,224776
1766854706.8175478,241986,224776
1766854706.8275313,241986,224776
1766854706.8375208,241811,224616
1766854706.8475275,242005,224771
1766854706.8575294,242005,224771
1766854706.8675277,242005,224771
1766854706.877527,241834,224626
1766854706.887531,242024,224786
1766854706.8975306,242024,224786
1766854706.9075263,242024,224786
1766854706.9175227,241827,224624
1766854706.927543,241892,224722
1766854706.9375455,241892,224722
1766854706.9475417,241892,224722
1766854706.9575372,241581,224529
1766854706.9692507,241594,224613
1766854706.978035,241594,224613
1766854706.9913108,241594,224613
1766854706.9975333,241219,224367
1766854707.0075343,241426,224553
1766854707.0175278,241426,224553
1766854707.027541,241426,224553
1766854707.0375178,241112,224337
1766854707.0475247,241480,224574
1766854707.0575147,241480,224574
1766854707.0675762,241480,224574
1766854707.0775204,241173,224372
1766854707.087495,241587,224619
1766854707.097521,241587,224619
1766854707.1075168,241587,224619
1766854707.1175182,241312,224435
1766854707.1275344,241704,224662
1766854707.1375403,241704,224662
1766854707.1474998,241704,224662
1766854707.1575158,241465,224491
1766854707.167514,241761,224679
1766854707.177788,241761,224679
1766854707.18752,241761,224679
1766854707.1975398,241529,224508
1766854707.208156,241804,224685
1766854707.2175465,241804,224685
1766854707.2275517,241804,224685
1766854707.2375314,241538,224515
1766854707.2475238,241827,224668
1766854707.2575295,241827,224668
1766854707.2675345,241827,224668
1766854707.2775273,241556,224511
1766854707.2875297,241793,224679
1766854707.2975426,241793,224679
1766854707.3075373,241793,224679
1766854707.3175375,241607,224536
1766854707.327543,241647,224682
1766854707.337544,241647,224682
1766854707.347548,241647,224682
1766854707.3575425,241646,224538
1766854707.3675587,241769,224712
1766854707.3775318,241769,224712
1766854707.3879075,241769,224712
1766854707.3975303,241694,224548
1766854707.4075332,241887,224729
1766854707.4175222,241887,224729
1766854707.4275339,241887,224729
1766854707.4375226,241731,224550
1766854707.4475222,241899,224707
1766854707.4575224,241899,224707
1766854707.467524,241899,224707
1766854707.4775226,241745,224565
1766854707.487596,241960,224788
1766854707.4975252,241960,224788
1766854707.5075345,241960,224788
1766854707.5175357,241766,224568
1766854707.5275352,241937,224583
1766854707.5375323,241937,224583
1766854707.5475342,241937,224583
1766854707.5575314,241792,224579
1766854707.5675282,241722,224588
1766854707.5775282,241722,224588
1766854707.5875318,241722,224588
1766854707.5975292,241736,224542
1766854707.6075294,241346,224478
1766854707.6175272,241346,224478
1766854707.6275346,241346,224478
1766854707.6375616,241409,224400
1766854707.6475606,241265,224426
1766854707.6575665,241265,224426
1766854707.6676414,241265,224426
1766854707.6775374,241027,224311
1766854707.6875608,241287,224453
1766854707.6987994,241287,224453
1766854707.7075229,241287,224453
1766854707.7175386,241053,224315
1766854707.7275214,241405,224507
1766854707.7375157,241405,224507
1766854707.7475424,241405,224507
1766854707.7575567,241141,224385
1766854707.7675219,241526,224552
1766854707.777521,241526,224552
1766854707.7876177,241526,224552
1766854707.7975314,241387,224519
1766854707.8078892,241604,224573
1766854707.8175454,241604,224573
1766854707.8275745,241604,224573
1766854707.8375533,241516,224480
1766854707.8475592,241622,224583
1766854707.857798,241622,224583
1766854707.8675528,241622,224583
1766854707.877531,241622,224583
1766854707.887541,241637,224575
1766854707.8975284,241637,224575
1766854707.9075189,241637,224575
1766854707.9175203,241675,224588
1766854707.9275196,241675,224588
1766854707.9375184,241675,224588
1766854707.9475238,241675,224402
1766854707.9575222,241719,224602
1766854707.9675314,241719,224602
1766854707.977528,241719,224602
1766854707.987523,241620,224495
1766854707.997544,241775,224607
1766854708.0075207,241775,224607
1766854708.017522,241775,224607
1766854708.0275686,241681,224523
1766854708.0375392,241801,224622
1766854708.0475307,241801,224622
1766854708.0575285,241801,224622
1766854708.0675225,241706,224537
1766854708.0775235,241811,224616
1766854708.0875323,241811,224616
1766854708.0975337,241811,224616
1766854708.1075644,241753,224536
1766854708.1175475,241834,224626
1766854708.1276543,241834,224626
1766854708.137526,241834,224626
1766854708.1475258,241775,224543
1766854708.1575263,241827,224624
1766854708.167501,241827,224624
1766854708.17754,241827,224624
1766854708.1875298,241800,224554
1766854708.1977792,241581,224529
1766854708.2075596,241581,224529
1766854708.2175314,241581,224529
1766854708.2275336,241844,224558
1766854708.2378154,241219,224367
1766854708.247543,241219,224367
1766854708.2575474,241219,224367
1766854708.2675462,241719,224512
1766854708.2775414,241112,224337
1766854708.2875185,241112,224337
1766854708.297523,241112,224337
1766854708.3075616,241384,224376
1766854708.317526,241173,224372
1766854708.3275232,241173,224372
1766854708.3375232,241173,224372
1766854708.3475244,241217,224315
1766854708.3575182,241312,224435
1766854708.3675199,241312,224435
1766854708.377521,241312,224435
1766854708.3875453,241250,224333
1766854708.3975255,241465,224491
1766854708.4075215,241465,224491
1766854708.4175267,241465,224491
1766854708.4275603,241370,224385
1766854708.4375365,241529,224508
1766854708.4475398,241529,224508
1766854708.4575262,241529,224508
1766854708.4675274,241509,224445
1766854708.477533,241538,224515
1766854708.487541,241538,224515
1766854708.4975653,241538,224515
1766854708.5075848,241587,224463
1766854708.5175595,241556,224511
1766854708.527561,241556,224511
1766854708.5386055,241556,224511
1766854708.5475645,241604,224467
1766854708.5575435,241607,224536
1766854708.5675888,241607,224536
1766854708.5776,241607,224536
1766854708.5877078,241614,224479
1766854708.5975516,241646,224538
1766854708.6075635,241646,224538
1766854708.6175344,241646,224538
1766854708.6277359,241650,224474
1766854708.6375349,241694,224548
1766854708.6475828,241694,224548
1766854708.6575522,241694,224548
1766854708.667526,241685,224492
1766854708.6775296,241731,224550
1766854708.6875365,241731,224550
1766854708.6975439,241731,224550
1766854708.7075598,241719,224502
1766854708.7175336,241745,224565
1766854708.727529,241745,224565
1766854708.7375264,241745,224565
1766854708.7475483,241767,224513
1766854708.7575223,241766,224568
1766854708.7675083,241766,224568
1766854708.777513,241766,224568
1766854708.7875073,241784,224517
1766854708.7975166,241792,224579
1766854708.807511,241792,224579
1766854708.8175054,241792,224579
1766854708.8275058,241806,224510
1766854708.8375416,241736,224542
1766854708.8475144,241736,224542
1766854708.8575678,241736,224542
1766854708.867505,241829,224525
1766854708.8775065,241409,224400
1766854708.887509,241409,224400
1766854708.897508,241409,224400
1766854708.9075077,241846,224528
1766854708.9175072,241027,224311
1766854708.9275043,241027,224311
1766854708.9375057,241027,224311
1766854708.9475276,241642,224451
1766854708.957511,241053,224315
1766854708.96752,241053,224315
1766854708.9775171,241053,224315
1766854708.9875274,241246,224298
1766854708.9975173,241141,224385
1766854709.0075355,241141,224385
1766854709.0175166,241141,224385
1766854709.0275083,241109,224233
1766854709.037507,241387,224519
1766854709.0475183,241387,224519
1766854709.0575106,241387,224519
1766854709.067505,241169,224267
1766854709.077505,241516,224480
1766854709.0875556,241516,224480
1766854709.097518,241516,224480
1766854709.1075113,241307,224330
1766854709.117507,241622,224583
1766854709.127528,241622,224583
1766854709.1375105,241622,224583
1766854709.1475062,241445,224381
1766854709.1575065,241536,224393
1766854709.1675065,241536,224393
1766854709.1775262,241536,224393
1766854709.1875086,241519,224403
1766854709.1975074,241571,224402
1766854709.2075067,241571,224402
1766854709.2175043,241571,224402
1766854709.2275062,241555,224407
1766854709.2375069,241620,224495
1766854709.247507,241620,224495
1766854709.2575052,241620,224495
1766854709.2675052,241623,224411
1766854709.2775066,241681,224523
1766854709.287515,241681,224523
1766854709.2975056,241681,224523
1766854709.3075042,241606,224418
1766854709.3175147,241706,224537
1766854709.3275223,241706,224537
1766854709.3375244,241706,224537
1766854709.3475091,241479,224432
1766854709.357517,241753,224536
1766854709.3676488,241753,224536
1766854709.377525,241753,224536
1766854709.387519,241554,224474
1766854709.3975081,241775,224543
1766854709.4075072,241775,224543
1766854709.417507,241775,224543
1766854709.4275286,241700,224505
1766854709.4375086,241800,224554
1766854709.4475071,241800,224554
1766854709.4575045,241800,224554
1766854709.4675055,241749,224572
1766854709.4775038,241844,224558
1766854709.4875104,241844,224558
1766854709.497531,241844,224558
1766854709.507509,241844,224558
1766854709.5175138,241719,224512
1766854709.5275066,241719,224512
1766854709.5375066,241719,224512
1766854709.5475066,241384,224376
1766854709.5575042,241384,224376
1766854709.5675054,241384,224376
1766854709.577512,241384,224414
1766854709.5875216,241217,224315
1766854709.597505,241217,224315
1766854709.6075065,241217,224315
1766854709.6175046,241767,224453
1766854709.6275053,241250,224333
1766854709.6375186,241250,224333
1766854709.6475117,241250,224333
1766854709.657527,241396,224297
1766854709.6675236,241370,224385
1766854709.677509,241370,224385
1766854709.687532,241370,224385
1766854709.6975398,241127,224197
1766854709.7075102,241509,224445
1766854709.717508,241509,224445
1766854709.7275064,241509,224445
1766854709.737505,241140,224215
1766854709.7475045,241587,224463
1766854709.7575054,241587,224463
1766854709.7675042,241587,224463
1766854709.7775102,241244,224263
1766854709.7875671,241604,224467
1766854709.7975237,241604,224467
1766854709.8075094,241604,224467
1766854709.8175225,241392,224317
1766854709.8275232,241614,224479
1766854709.8375292,241614,224479
1766854709.8475187,241614,224479
1766854709.8575268,241482,224353
1766854709.8675172,241650,224474
1766854709.8775053,241650,224474
1766854709.8875144,241650,224474
1766854709.8975143,241533,224357
1766854709.9075048,241685,224492
1766854709.9175043,241685,224492
1766854709.927504,241685,224492
1766854709.937504,241559,224387
1766854709.9475052,241719,224502
1766854709.957505,241719,224502
1766854709.9675033,241719,224502
1766854709.9775224,241586,224380
1766854709.9875069,241767,224513
1766854709.9975054,241767,224513
1766854710.007512,241767,224513
1766854710.0175047,241634,224399
1766854710.0275044,241784,224517
1766854710.0375037,241784,224517
1766854710.0475054,241784,224517
1766854710.0575078,241707,224412
1766854710.067546,241806,224510
1766854710.077526,241806,224510
1766854710.087514,241806,224510
1766854710.0975068,241770,224428
1766854710.1075075,241829,224525
1766854710.1174712,241829,224525
1766854710.1275089,241829,224525
1766854710.1375222,241790,224434
1766854710.1475334,241846,224528
1766854710.157511,241846,224528
1766854710.1675057,241846,224528
1766854710.177511,241833,224435
1766854710.1875212,241642,224451
1766854710.1975217,241642,224451
1766854710.2075074,241642,224451
1766854710.217504,241860,224452
1766854710.2275064,241246,224298
1766854710.2375057,241246,224298
1766854710.2475126,241246,224298
1766854710.257525,241886,224467
1766854710.267519,241109,224233
1766854710.2778325,241109,224233
1766854710.287525,241109,224233
1766854710.2975256,241891,224469
1766854710.3075075,241169,224267
1766854710.3175108,241169,224267
1766854710.327525,241169,224267
1766854710.337525,241741,224401
1766854710.34751,241307,224330
1766854710.3575053,241307,224330
1766854710.3675063,241307,224330
1766854710.3775103,241375,224270
1766854710.3875105,241445,224381
1766854710.3975194,241445,224381
1766854710.407509,241445,224381
1766854710.4175055,241218,224199
1766854710.4275055,241519,224403
1766854710.4375057,241519,224403
1766854710.4475312,241519,224403
1766854710.4575353,241261,224230
1766854710.4675264,241555,224407
1766854710.477513,241555,224407
1766854710.4875221,241555,224407
1766854710.497525,241377,224277
1766854710.507507,241623,224411
1766854710.5175066,241623,224411
1766854710.5275044,241623,224411
1766854710.5375116,241519,224334
1766854710.5475087,241606,224418
1766854710.5575087,241606,224418
1766854710.5675063,241606,224418
1766854710.577507,241598,224364
1766854710.5875058,241479,224432
1766854710.5975053,241479,224432
1766854710.6076233,241479,224432
1766854710.6175253,241630,224365
1766854710.62753,241554,224474
1766854710.6375186,241554,224474
1766854710.6475244,241554,224474
1766854710.6576064,241636,224368
1766854710.667528,241700,224505
1766854710.677508,241700,224505
1766854710.6875238,241700,224505
1766854710.6975286,241678,224382
1766854710.707525,241749,224572
1766854710.7176807,241749,224572
1766854710.7275093,241749,224572
1766854710.7375107,241727,224397
1766854710.7475123,241844,224558
1766854710.7575092,241844,224558
1766854710.7675064,241844,224558
1766854710.7775078,241774,224410
1766854710.7875056,241830,224362
1766854710.7975063,241830,224362
1766854710.8075058,241830,224362
1766854710.8175037,241840,224420
1766854710.8275263,241862,224414
1766854710.8375065,241862,224414
1766854710.847507,241862,224414
1766854710.8575084,241924,224437
1766854710.8675065,241767,224453
1766854710.8775215,241767,224453
1766854710.8875349,241767,224453
1766854710.8975124,241981,224452
1766854710.9075046,241396,224297
1766854710.9175045,241396,224297
1766854710.9275036,241396,224297
1766854710.937504,241924,224462
1766854710.947525,241127,224197
1766854710.95751,241127,224197
1766854710.9675128,241127,224197
1766854710.9775226,241889,224484
1766854710.9875202,241140,224215
1766854710.9975197,241140,224215
1766854711.007511,241140,224215
1766854711.0175047,241899,224484
1766854711.0275047,241244,224263
1766854711.0375237,241244,224263
1766854711.047528,241244,224263
1766854711.057518,241908,224531
1766854711.0675058,241392,224317
1766854711.07752,241392,224317
1766854711.0876248,241392,224317
1766854711.0975642,241693,224395
1766854711.1075294,241482,224353
1766854711.1175203,241482,224353
1766854711.1275053,241482,224353
1766854711.1375318,241510,224210
1766854711.1475308,241533,224357
1766854711.1575098,241533,224357
1766854711.1675057,241533,224357
1766854711.1775146,241559,224387
1766854711.1875074,241559,224387
1766854711.197506,241559,224387
1766854711.2075083,241559,224299
1766854711.2175434,241586,224380
1766854711.2275338,241586,224380
1766854711.2375247,241586,224380
1766854711.2475092,241756,224388
1766854711.2575073,241634,224399
1766854711.267505,241634,224399
1766854711.2775064,241634,224399
1766854711.2875113,241825,224413
1766854711.2975357,241707,224412
1766854711.3075085,241707,224412
1766854711.3175125,241707,224412
1766854711.3275068,241872,224427
1766854711.3375075,241770,224428
1766854711.3475149,241770,224428
1766854711.3575163,241770,224428
1766854711.3675044,241878,224426
1766854711.377526,241790,224434
1766854711.387521,241790,224434
1766854711.3975208,241790,224434
1766854711.407508,241901,224419
1766854711.4175093,241833,224435
1766854711.4275107,241833,224435
1766854711.437516,241833,224435
1766854711.4475172,241942,224447
1766854711.4575243,241860,224452
1766854711.4675126,241860,224452
1766854711.4775174,241860,224452
1766854711.487526,241994,224463
1766854711.497525,241886,224467
1766854711.507661,241886,224467
1766854711.5175126,241886,224467
1766854711.5275218,242029,224467
1766854711.5375154,241891,224469
1766854711.5475075,241891,224469
1766854711.5575085,241891,224469
1766854711.567505,242063,224480
1766854711.5775106,241741,224401
1766854711.5875058,241741,224401
1766854711.597506,241741,224401
1766854711.60763,242083,224489
1766854711.6175194,241375,224270
1766854711.6275089,241375,224270
1766854711.6375222,241375,224270
1766854711.647509,242105,224492
1766854711.657526,241218,224199
1766854711.6675215,241218,224199
1766854711.677511,241218,224199
1766854711.6875107,242125,224496
1766854711.6975095,241261,224230
1766854711.7075057,241261,224230
1766854711.7175229,241261,224230
1766854711.727507,242138,224505
1766854711.737504,241377,224277
1766854711.747505,241377,224277
1766854711.7575073,241377,224277
1766854711.7675042,242044,224480
1766854711.7775135,241519,224334
1766854711.787505,241519,224334
1766854711.7975287,241519,224334
1766854711.8075082,241861,224403
1766854711.8175044,241598,224364
1766854711.827511,241598,224364
1766854711.837506,241598,224364
1766854711.8475046,241758,224375
1766854711.8575065,241630,224365
1766854711.8675041,241630,224365
1766854711.8775234,241630,224365
1766854711.887532,241807,224386
1766854711.8975115,241636,224368
1766854711.9075541,241636,224368
1766854711.9175217,241636,224368
1766854711.9275131,241899,224421
1766854711.9375083,241678,224382
1766854711.9475167,241678,224382
1766854711.9575074,241678,224382
1766854711.9675047,241972,224440
1766854711.977514,241727,224397
1766854711.9875064,241727,224397
1766854711.997543,241727,224397
1766854712.0075147,242017,224472
1766854712.0175052,241774,224410
1766854712.0275047,241774,224410
1766854712.0375042,241774,224410
1766854712.0475059,242032,224461
1766854712.0575135,241840,224420
1766854712.0675256,241840,224420
1766854712.0775237,241840,224420
1766854712.08753,242027,224448
1766854712.0975282,241924,224437
1766854712.107509,241924,224437
1766854712.1175141,241924,224437
1766854712.127517,242053,224453
1766854712.1375191,241981,224452
1766854712.1475103,241981,224452
1766854712.1575077,241981,224452
1766854712.1675057,242070,224464
1766854712.177515,241924,224462
1766854712.1875088,241924,224462
1766854712.1975057,241924,224462
1766854712.207505,242102,224467
1766854712.2175066,241889,224484
1766854712.2275057,241889,224484
1766854712.237515,241889,224484
1766854712.2475238,242131,224486
1766854712.2575305,241899,224484
1766854712.2692678,241899,224484
1766854712.277522,241899,224484
1766854712.2875328,242129,224486
1766854712.2975354,241908,224531
1766854712.3075128,241908,224531
1766854712.3175063,241908,224531
1766854712.3275113,242157,224477
1766854712.3375084,241693,224395
1766854712.3475065,241693,224395
1766854712.3575046,241693,224395
1766854712.3675063,242182,224493
1766854712.3775105,241510,224210
1766854712.3875072,241510,224210
1766854712.3975053,241510,224210
1766854712.4075234,242195,224498
1766854712.4175065,241551,224198
1766854712.4275064,241551,224198
1766854712.4375057,241551,224198
1766854712.447506,242057,224447
1766854712.4575315,241658,224299
1766854712.4675076,241658,224299
1766854712.4775066,241658,224299
1766854712.487512,241860,224361
1766854712.4975073,241756,224388
1766854712.5075097,241756,224388
1766854712.5175068,241756,224388
1766854712.527505,241806,224322
1766854712.537507,241825,224413
1766854712.547506,241825,224413
1766854712.5575047,241825,224413
1766854712.5675051,241798,224356
1766854712.5775106,241872,224427
1766854712.5875175,241872,224427
1766854712.5975206,241872,224427
1766854712.6075277,241701,224373
1766854712.6175156,241878,224426
1766854712.6287408,241878,224426
1766854712.6375265,241878,224426
1766854712.647523,241869,224412
1766854712.6575327,241901,224419
1766854712.6675246,241901,224419
1766854712.6775076,241901,224419
1766854712.6875074,241978,224506
1766854712.6975095,241942,224447
1766854712.7075515,241942,224447
1766854712.7175274,241942,224447
1766854712.7275088,241996,224492
1766854712.7375052,241994,224463
1766854712.7475054,241994,224463
1766854712.7575054,241994,224463
1766854712.7675054,241996,224377
1766854712.7775104,242029,224467
1766854712.7875135,242029,224467
1766854712.7975278,242029,224467
1766854712.8075085,242063,224480
1766854712.8175056,242063,224480
1766854712.8275073,242063,224480
1766854712.837559,242044,224374
1766854712.847515,242083,224489
1766854712.857508,242083,224489
1766854712.8675206,242083,224489
1766854712.8775215,242104,224433
1766854712.88752,242105,224492
1766854712.8975203,242105,224492
1766854712.9075124,242105,224492
1766854712.9175096,242126,224445
1766854712.927506,242125,224496
1766854712.937511,242125,224496
1766854712.9475362,242125,224496
1766854712.9575288,242140,224443
1766854712.9675293,242138,224505
1766854712.97752,242138,224505
1766854712.9875078,242138,224505
1766854712.9975078,242191,224447
1766854713.0075068,242044,224480
1766854713.0175185,242044,224480
1766854713.0275304,242044,224480
1766854713.0375192,242194,224449
1766854713.0475094,241861,224403
1766854713.0575073,241861,224403
1766854713.067509,241861,224403
1766854713.0775065,242094,224405
1766854713.0875046,241758,224375
1766854713.097511,241758,224375
1766854713.107506,241758,224375
1766854713.117517,241877,224332
1766854713.1275392,241807,224386
1766854713.1375244,241807,224386
1766854713.1475477,241807,224386
1766854713.1575227,241764,224285
1766854713.1675346,241899,224421
1766854713.177542,241899,224421
1766854713.1875455,241899,224421
1766854713.1975298,241802,224305
1766854713.2075317,241972,224440
1766854713.2175288,241972,224440
1766854713.2275307,241972,224440
1766854713.2375553,241901,224341
1766854713.2475266,242017,224472
1766854713.2575219,242017,224472
1766854713.267525,242017,224472
1766854713.277526,241956,224355
1766854713.2875268,242032,224461
1766854713.2975533,242032,224461
1766854713.3075495,242032,224461
1766854713.317611,242021,224380
1766854713.3275328,242027,224448
1766854713.3375275,242027,224448
1766854713.3475266,242027,224448
1766854713.3575191,242035,224389
1766854713.367649,242053,224453
1766854713.3775084,242053,224453
1766854713.3875074,242053,224453
1766854713.397506,242034,224380
1766854713.4075065,242070,224464
1766854713.4175062,242070,224464
1766854713.4275208,242070,224464
1766854713.437531,242041,224383
1766854713.4475126,242102,224467
1766854713.4575298,242102,224467
1766854713.4675057,242102,224467
1766854713.4775486,242060,224385
1766854713.48753,242131,224486
1766854713.4975245,242131,224486
1766854713.5075226,242131,224486
1766854713.5186362,242108,224388
1766854713.5275133,242129,224486
1766854713.5378182,242129,224486
1766854713.547509,242129,224486
1766854713.557509,242145,224411
1766854713.5675037,242157,224477
1766854713.5775135,242157,224477
1766854713.587508,242157,224477
1766854713.597506,242177,224415
1766854713.607506,242182,224493
1766854713.617506,242182,224493
1766854713.6275246,242182,224493
1766854713.6375227,242186,224415
1766854713.6475635,242195,224498
1766854713.6575449,242195,224498
1766854713.6675622,242195,224498
1766854713.6775415,242219,224428
1766854713.6875446,242057,224447
1766854713.697531,242057,224447
1766854713.7075274,242057,224447
1766854713.7175295,242124,224385
1766854713.72754,241860,224361
1766854713.7375407,241860,224361
1766854713.7475243,241860,224361
1766854713.7576907,241896,224297
1766854713.7675326,241806,224322
1766854713.7775407,241806,224322
1766854713.78784,241806,224322
1766854713.7976706,241742,224256
1766854713.8075433,241798,224356
1766854713.8175755,241798,224356
1766854713.827536,241798,224356
1766854713.8375528,241767,224262
1766854713.8475242,241701,224373
1766854713.8578897,241701,224373
1766854713.8675368,241701,224373
1766854713.8775454,241855,224297
1766854713.888598,241869,224412
1766854713.8975353,241869,224412
1766854713.9088445,241869,224412
1766854713.9178174,241971,224330
1766854713.9275231,241978,224506
1766854713.9375155,241978,224506
1766854713.9475143,241978,224506
1766854713.9575133,241994,224342
1766854713.9676118,241996,224492
1766854713.9778144,241996,224492
1766854713.987517,241996,224492
1766854713.9975154,242023,224349
1766854714.007522,241996,224377
1766854714.017523,241996,224377
1766854714.027524,241996,224377
1766854714.0375912,242015,224336
1766854714.0475583,242009,224299
1766854714.057564,242009,224299
1766854714.067552,242009,224299
1766854714.077547,242036,224348
1766854714.0875528,242044,224374
1766854714.0975506,242044,224374
1766854714.1075242,242044,224374
1766854714.1175425,242124,224350
1766854714.12752,242104,224433
1766854714.1375222,242104,224433
1766854714.1475463,242104,224433
1766854714.157525,242147,224362
1766854714.167542,242126,224445
1766854714.1778183,242126,224445
1766854714.1875503,242126,224445
1766854714.1975336,242017,224363
1766854714.207906,242140,224443
1766854714.2175868,242140,224443
1766854714.2275364,242140,224443
1766854714.237539,242030,224387
1766854714.2475405,242191,224447
1766854714.2575371,242191,224447
1766854714.2675343,242191,224447
1766854714.2795372,242100,224404
1766854714.2880306,242194,224449
1766854714.2975454,242194,224449
1766854714.307535,242194,224449
1766854714.317523,242187,224406
1766854714.3275204,242094,224405
1766854714.337702,242094,224405
1766854714.347536,242094,224405
1766854714.3575222,242139,224361
1766854714.367547,241877,224332
1766854714.3775325,241877,224332
1766854714.387522,241877,224332
1766854714.3975341,241877,224332
1766854714.4075232,241764,224285
1766854714.4175425,241764,224285
1766854714.4275434,241764,224127
1766854714.4375327,241802,224305
1766854714.4475286,241802,224305
1766854714.4575298,241802,224305
1766854714.4675195,241774,224228
1766854714.4775295,241901,224341
1766854714.4875321,241901,224341
1766854714.4976163,241901,224341
1766854714.5078135,241865,224278
1766854714.5175533,241956,224355
1766854714.52753,241956,224355
1766854714.5375485,241956,224355
1766854714.5475528,241946,224301
1766854714.5575368,242021,224380
1766854714.5675228,242021,224380
1766854714.5775285,242021,224380
1766854714.587543,242038,224326
1766854714.5975285,242035,224389
1766854714.6075394,242035,224389
1766854714.6175568,242035,224389
1766854714.6275604,242063,224337
1766854714.6375241,242034,224380
1766854714.6475265,242034,224380
1766854714.6576958,242034,224380
1766854714.668648,242038,224313
1766854714.67786,242041,224383
1766854714.6875927,242041,224383
1766854714.697558,242041,224383
1766854714.7075653,242037,224314
1766854714.7175438,242060,224385
1766854714.727541,242060,224385
1766854714.7375681,242060,224385
1766854714.7474926,242061,224306
1766854714.7575219,242108,224388
1766854714.7675097,242108,224388
1766854714.777508,242108,224388
1766854714.7875237,242077,224312
1766854714.7975109,242145,224411
1766854714.8075063,242145,224411
1766854714.8175044,242145,224411
1766854714.827504,242096,224316
1766854714.8375041,242177,224415
1766854714.847507,242177,224415
1766854714.8575063,242177,224415
1766854714.867514,242096,224325
1766854714.8775086,242186,224415
1766854714.8875046,242186,224415
1766854714.8975084,242186,224415
1766854714.907507,242114,224327
1766854714.9175074,242219,224428
1766854714.9275117,242219,224428
1766854714.937526,242219,224428
1766854714.947509,242126,224326
1766854714.9575078,242124,224385
1766854714.9675105,242124,224385
1766854714.9775052,242124,224385
1766854714.987509,242066,224307
1766854714.9975147,241896,224297
1766854715.0075364,241896,224297
1766854715.0175285,241896,224297
1766854715.0275316,241846,224218
1766854715.0375178,241742,224256
1766854715.0475223,241742,224256
1766854715.0575216,241742,224256
1766854715.0675108,241676,224156
1766854715.0775075,241767,224262
1766854715.0875168,241767,224262
1766854715.0975266,241767,224262
1766854715.1075113,241694,224161
1766854715.117506,241855,224297
1766854715.1275134,241855,224297
1766854715.1375196,241855,224297
1766854715.1475198,241771,224188
1766854715.1575165,241971,224330
1766854715.167506,241971,224330
1766854715.1775138,241971,224330
1766854715.1875293,241859,224229
1766854715.1975076,241994,224342
1766854715.207508,241994,224342
1766854715.2175047,241994,224342
1766854715.227507,241909,224239
1766854715.2375066,242023,224349
1766854715.247518,242023,224349
1766854715.257525,242023,224349
1766854715.2675164,241926,224250
1766854715.2775311,242015,224336
1766854715.2875133,242015,224336
1766854715.297522,242015,224336
1766854715.3075228,241926,224245
1766854715.3175159,242036,224348
1766854715.3275206,242036,224348
1766854715.3375475,242036,224348
1766854715.347524,241941,224245
1766854715.3575306,242124,224350
1766854715.3675077,242124,224350
1766854715.3775218,242124,224350
1766854715.3875144,241980,224261
1766854715.3975143,242147,224362
1766854715.4075081,242147,224362
1766854715.417506,242147,224362
1766854715.4275064,242009,224272
1766854715.4375083,242017,224363
1766854715.4475079,242017,224363
1766854715.4575078,242017,224363
1766854715.4675076,242032,224283
1766854715.4775229,242030,224387
1766854715.487508,242030,224387
1766854715.4975312,242030,224387
1766854715.5075104,242053,224286
1766854715.517507,242100,224404
1766854715.5275066,242100,224404
1766854715.5375228,242100,224404
1766854715.5475242,242096,224289
1766854715.5575097,242187,224406
1766854715.567519,242187,224406
1766854715.5779436,242187,224406
1766854715.5875206,242101,224295
1766854715.5975266,242139,224361
1766854715.6075299,242139,224361
1766854715.6175077,242139,224361
1766854715.6275072,241967,224252
1766854715.6375132,241877,224332
1766854715.6475086,241877,224332
1766854715.6576087,241877,224332
1766854715.6675286,241784,224186
1766854715.6775265,241764,224127
1766854715.6876292,241764,224127
1766854715.6975815,241764,224127
1766854715.7075229,241712,224156
1766854715.7188954,241774,224228
1766854715.727535,241774,224228
1766854715.7375438,241774,224228
1766854715.7475255,241831,224195
1766854715.7575095,241865,224278
1766854715.7675145,241865,224278
1766854715.777516,241865,224278
1766854715.7875097,241934,224213
1766854715.797509,241946,224301
1766854715.8075063,241946,224301
1766854715.817506,241946,224301
1766854715.8275096,241902,224229
1766854715.8375077,242038,224326
1766854715.847507,242038,224326
1766854715.8575242,242038,224326
1766854715.8675065,241829,224233
1766854715.8775046,242063,224337
1766854715.887526,242063,224337
1766854715.8974907,242063,224337
1766854715.9075067,241894,224285
1766854715.9175036,242038,224313
1766854715.9275057,242038,224313
1766854715.937507,242038,224313
1766854715.9474757,241992,224336
1766854715.9575071,242037,224314
1766854715.9675035,242037,224314
1766854715.9775054,242037,224314
1766854715.9875073,242035,224292
1766854715.9975066,242061,224306
1766854716.0075393,242061,224306
1766854716.0175087,242061,224306
1766854716.027506,242061,224306
1766854716.0375347,242077,224312
1766854716.047525,242077,224312
1766854716.0575075,242077,224312
1766854716.0675123,242096,224316
1766854716.0775075,242096,224316
1766854716.0875256,242096,224316
1766854716.0975268,242123,224239
1766854716.107524,242096,224325
1766854716.1175094,242096,224325
1766854716.127579,242096,224325
1766854716.1377506,242139,224254
1766854716.1475222,242114,224327
1766854716.1575255,242114,224327
1766854716.167508,242114,224327
1766854716.177506,242167,224267
1766854716.1875057,242126,224326
1766854716.1975188,242126,224326
1766854716.2075074,242126,224326
1766854716.2175038,242051,224228
1766854716.2275045,242066,224307
1766854716.2375045,242066,224307
1766854716.247505,242066,224307
1766854716.257504,241844,224169
1766854716.2675033,241846,224218
1766854716.2775257,241846,224218
1766854716.2875087,241846,224218
1766854716.2975087,241748,224145
1766854716.307505,241676,224156
1766854716.3175051,241676,224156
1766854716.3275042,241676,224156
1766854716.3375225,241812,224191
1766854716.3475065,241694,224161
1766854716.357505,241694,224161
1766854716.3675044,241694,224161
1766854716.377504,241918,224222
1766854716.3875062,241771,224188
1766854716.397506,241771,224188
1766854716.407505,241771,224188
1766854716.4175131,241986,224242
1766854716.4275224,241859,224229
1766854716.437526,241859,224229
1766854716.4481344,241859,224229
1766854716.4575362,242035,224251
1766854716.4675248,241909,224239
1766854716.477518,241909,224239
1766854716.48752,241909,224239
1766854716.4975114,242033,224251
1766854716.507509,241926,224250
1766854716.518667,241926,224250
1766854716.5275142,241926,224250
1766854716.5375216,242035,224250
1766854716.5475094,241926,224245
1766854716.5575063,241926,224245
1766854716.5675387,241926,224245
1766854716.5775232,242060,224248
1766854716.5875325,241941,224245
1766854716.5975094,241941,224245
1766854716.6075044,241941,224245
1766854716.617506,242078,224266
1766854716.6275046,241980,224261
1766854716.637506,241980,224261
1766854716.6475198,241980,224261
1766854716.6575303,242113,224265
1766854716.667524,242009,224272
1766854716.6775098,242009,224272
1766854716.6875086,242009,224272
1766854716.6975083,242140,224266
1766854716.7075067,242032,224283
1766854716.717511,242032,224283
1766854716.7275124,242032,224283
1766854716.7375116,242164,224287
1766854716.7475002,242053,224286
1766854716.7575054,242053,224286
1766854716.7675035,242053,224286
1766854716.7775033,242190,224292
1766854716.787507,242096,224289
1766854716.7975218,242096,224289
1766854716.8075132,242096,224289
1766854716.8175266,242117,224252
1766854716.8275096,242101,224295
1766854716.8375068,242101,224295
1766854716.8475075,242101,224295
1766854716.8575108,241963,224209
1766854716.8675086,241967,224252
1766854716.8775048,241967,224252
1766854716.8875067,241967,224252
1766854716.8975213,241878,224176
1766854716.9075189,241784,224186
1766854716.9175189,241784,224186
1766854716.927964,241784,224186
1766854716.9375715,241913,224183
1766854716.9475298,241712,224156
1766854716.9575264,241712,224156
1766854716.96752,241712,224156
1766854716.9775574,241983,224204
1766854716.9875324,241831,224195
1766854716.9975243,241831,224195
1766854717.0075078,241831,224195
1766854717.0175111,242052,224237
1766854717.0275335,241934,224213
1766854717.0375278,241934,224213
1766854717.0475297,241934,224213
1766854717.057525,242085,224247
1766854717.067512,241902,224229
1766854717.0775166,241902,224229
1766854717.087515,241902,224229
1766854717.097506,242086,224245
1766854717.1075106,241829,224233
1766854717.1175048,241829,224233
1766854717.1275065,241829,224233
1766854717.1375065,242071,224239
1766854717.1475072,241894,224285
1766854717.1575155,241894,224285
1766854717.1675289,241894,224285
1766854717.1775064,242086,224235
1766854717.1875157,241992,224336
1766854717.197509,241992,224336
1766854717.2075083,241992,224336
1766854717.2175043,242110,224245
1766854717.2275045,242035,224292
1766854717.237505,242035,224292
1766854717.2475069,242035,224292
1766854717.2575054,242128,224246
1766854717.2675035,242061,224306
1766854717.277504,242061,224306
1766854717.287504,242061,224306
1766854717.2975082,242143,224251
1766854717.3075056,242095,224167
1766854717.3175113,242095,224167
1766854717.327507,242095,224167
1766854717.3375053,242168,224262
1766854717.347508,242123,224239
1766854717.3575032,242123,224239
1766854717.3675036,242123,224239
1766854717.3775024,242230,224271
1766854717.3875053,242139,224254
1766854717.3975065,242139,224254
1766854717.4075036,242139,224254
1766854717.4175334,242202,224246
1766854717.4275067,242167,224267
1766854717.437504,242167,224267
1766854717.447505,242167,224267
1766854717.4575064,241843,224170
1766854717.467516,242051,224228
1766854717.4775147,242051,224228
1766854717.487519,242051,224228
1766854717.497524,241593,224117
1766854717.5081165,241844,224169
1766854717.5175145,241844,224169
1766854717.5275147,241844,224169
1766854717.5405436,241732,224147
1766854717.5475209,241748,224145
1766854717.5575254,241748,224145
1766854717.567512,241748,224145
1766854717.577547,241876,224252
1766854717.587517,241812,224191
1766854717.597512,241812,224191
1766854717.607506,241812,224191
1766854717.617504,241943,224246
1766854717.6275063,241918,224222
1766854717.6375046,241918,224222
1766854717.6475055,241918,224222
1766854717.657528,241918,224222
1766854717.667525,241986,224242
1766854717.6775277,241986,224242
1766854717.6875262,241986,224124
1766854717.6975236,242035,224251
1766854717.7075229,242035,224251
1766854717.7175133,242035,224251
1766854717.7275052,241997,224182
1766854717.7375057,242033,224251
1766854717.747518,242033,224251
1766854717.7575219,242033,224251
1766854717.7675376,241988,224189
1766854717.7775245,242035,224250
1766854717.7875524,242035,224250
1766854717.7975376,242035,224250
1766854717.8075354,242016,224210
1766854717.8176475,242060,224248
1766854717.8275878,242060,224248
1766854717.8375788,242060,224248
1766854717.8476028,242057,224207
1766854717.857526,242078,224266
1766854717.8675234,242078,224266
1766854717.8775332,242078,224266
1766854717.8876598,242069,224202
1766854717.8975494,242113,224265
1766854717.9078336,242113,224265
1766854717.9175549,242113,224265
1766854717.9275286,242090,224215
1766854717.937546,242140,224266
1766854717.9476392,242140,224266
1766854717.9575224,242140,224266
1766854717.967524,242105,224219
1766854717.9775078,242164,224287
1766854717.9875069,242164,224287
1766854717.9975078,242164,224287
1766854718.0075746,242124,224223
1766854718.017504,242190,224292
1766854718.027522,242190,224292
1766854718.0375125,242190,224292
1766854718.047509,241968,224159
1766854718.057508,242117,224252
1766854718.067506,242117,224252
1766854718.0775862,242117,224252
1766854718.0875118,241726,224073
1766854718.0975196,241963,224209
1766854718.1075125,241963,224209
1766854718.117505,241963,224209
1766854718.127507,241631,224040
1766854718.1375077,241878,224176
1766854718.1475315,241878,224176
1766854718.1575081,241878,224176
1766854718.1675253,241690,224069
1766854718.1775064,241913,224183
1766854718.187527,241913,224183
1766854718.1975224,241913,224183
1766854718.207516,241778,224103
1766854718.217508,241983,224204
1766854718.227507,241983,224204
1766854718.2375119,241983,224204
1766854718.2475176,241851,224115
1766854718.2575123,242052,224237
1766854718.2675047,242052,224237
1766854718.2775054,242052,224237
1766854718.2875073,241917,224137
1766854718.2975214,242085,224247
1766854718.3077307,242085,224247
1766854718.318008,242085,224247
1766854718.32753,241926,224135
1766854718.3375232,242086,224245
1766854718.3475254,242086,224245
1766854718.357509,242086,224245
1766854718.3675041,241925,224128
1766854718.3775046,242071,224239
1766854718.38751,242071,224239
1766854718.39751,242071,224239
1766854718.4075065,241938,224130
1766854718.4175043,242086,224235
1766854718.4275036,242086,224235
1766854718.4375048,242086,224235
1766854718.4475055,241954,224134
1766854718.4575045,242110,224245
1766854718.467513,242110,224245
1766854718.4775066,242110,224245
1766854718.4875042,241991,224143
1766854718.497506,242128,224246
1766854718.507506,242128,224246
1766854718.517504,242128,224246
1766854718.5275037,242030,224154
1766854718.5375037,242143,224251
1766854718.5475175,242143,224251
1766854718.5575392,242143,224251
1766854718.5675116,242049,224164
1766854718.5775201,242168,224262
1766854718.5875258,242168,224262
1766854718.5975208,242168,224262
1766854718.607509,242066,224163
1766854718.617504,242230,224271
1766854718.6275039,242230,224271
1766854718.6375117,242230,224271
1766854718.6475062,242090,224169
1766854718.6575305,242202,224246
1766854718.6675286,242202,224246
1766854718.677512,242202,224246
1766854718.6875055,241969,224119
1766854718.6974792,241843,224170
1766854718.7075136,241843,224170
1766854718.717517,241843,224170
1766854718.7275074,241678,224016
1766854718.737504,241593,224117
1766854718.7475815,241593,224117
1766854718.7575357,241593,224117
1766854718.7675154,241497,223953
1766854718.777518,241732,224147
1766854718.7875197,241732,224147
1766854718.797522,241732,224147
1766854718.8075302,241522,223970
1766854718.817517,241876,224252
1766854718.8275177,241876,224252
1766854718.8375242,241876,224252
1766854718.8475158,241588,223992
1766854718.8575172,241943,224246
1766854718.8675122,241943,224246
1766854718.8775182,241943,224246
1766854718.8875155,241671,224009
1766854718.8975081,241918,224222
1766854718.9075065,241918,224222
1766854718.9175062,241918,224222
1766854718.9275224,241748,224033
1766854718.9375083,242010,224124
1766854718.9475067,242010,224124
1766854718.957506,242010,224124
1766854718.9675102,241801,224065
1766854718.977505,241997,224182
1766854718.9875073,241997,224182
1766854718.9975078,241997,224182
1766854719.0075054,241866,224064
1766854719.0175183,241988,224189
1766854719.0275092,241988,224189
1766854719.0375125,241988,224189
1766854719.0475123,241885,224058
1766854719.0575306,242016,224210
1766854719.0675056,242016,224210
1766854719.0775065,242016,224210
1766854719.0875068,241713,224072
1766854719.0975266,242057,224207
1766854719.1075182,242057,224207
1766854719.1175077,242057,224207
1766854719.1275058,241684,224079
1766854719.1375313,242069,224202
1766854719.1475236,242069,224202
1766854719.1575263,242069,224202
1766854719.1675081,241859,224126
1766854719.1775177,242090,224215
1766854719.1875286,242090,224215
1766854719.1975229,242090,224215
1766854719.2075076,241930,224162
1766854719.217505,242105,224219
1766854719.2275128,242105,224219
1766854719.2375097,242105,224219
1766854719.2475138,241954,224111
1766854719.2575064,242124,224223
1766854719.2675064,242124,224223
1766854719.2775059,242124,224223
1766854719.2875097,241968,224159
1766854719.2975097,241968,224159
1766854719.307528,241968,224159
1766854719.3175259,241968,224020
1766854719.3275256,241726,224073
1766854719.3375201,241726,224073
1766854719.3475277,241726,224073
1766854719.357513,241872,224056
1766854719.367505,241631,224040
1766854719.3775046,241631,224040
1766854719.3875163,241631,224040
1766854719.3975089,241590,223967
1766854719.407505,241690,224069
1766854719.4175055,241690,224069
1766854719.4275196,241690,224069
1766854719.4375286,241488,223909
1766854719.4475102,241778,224103
1766854719.457521,241778,224103
1766854719.467523,241778,224103
1766854719.4775326,241549,223944
1766854719.4875278,241851,224115
1766854719.4975238,241851,224115
1766854719.5075285,241851,224115
1766854719.5177946,241629,223983
1766854719.5275118,241917,224137
1766854719.537509,241917,224137
1766854719.5475223,241917,224137
1766854719.557522,241716,224011
1766854719.5684004,241926,224135
1766854719.577513,241926,224135
1766854719.5875309,241926,224135
1766854719.5975282,241760,224026
1766854719.607528,241925,224128
1766854719.6175058,241925,224128
1766854719.627512,241925,224128
1766854719.6375065,241760,224024
1766854719.6475067,241938,224130
1766854719.6575305,241938,224130
1766854719.6675255,241938,224130
1766854719.6775095,241762,224031
1766854719.6875064,241954,224134
1766854719.697527,241954,224134
1766854719.7075083,241954,224134
1766854719.7175126,241781,224029
1766854719.7275088,241991,224143
1766854719.7375324,241991,224143
1766854719.7475407,241991,224143
1766854719.7575262,241821,224047
1766854719.7675292,242030,224154
1766854719.7775242,242030,224154
1766854719.7875385,242030,224154
1766854719.7975545,241882,224066
1766854719.8075268,242049,224164
1766854719.8175263,242049,224164
1766854719.8275268,242049,224164
1766854719.837525,241916,224074
1766854719.8475275,242066,224163
1766854719.8612416,242066,224163
1766854719.8675673,242066,224163
1766854719.8775587,241935,224077
1766854719.8875382,242090,224169
1766854719.8975537,242090,224169
1766854719.907527,242090,224169
1766854719.9175234,241953,224085
1766854719.9275236,241969,224119
1766854719.937518,241969,224119
1766854719.947521,241969,224119
1766854719.957518,241983,224094
1766854719.967517,241678,224016
1766854719.9775195,241678,224016
1766854719.987521,241678,224016
1766854719.997521,241996,224089
1766854720.007516,241497,223953
1766854720.0175161,241497,223953
1766854720.027516,241497,223953
1766854720.037531,241954,224076
1766854720.0491278,241522,223970
1766854720.0575352,241522,223970
1766854720.067582,241522,223970
1766854720.077554,241755,224002
1766854720.0875382,241588,223992
1766854720.0975294,241588,223992
1766854720.1075473,241588,223992
1766854720.1175363,241569,223942
1766854720.1275332,241671,224009
1766854720.1375194,241671,224009
1766854720.147517,241671,224009
1766854720.1575193,241567,223939
1766854720.1675165,241748,224033
1766854720.1775467,241748,224033
1766854720.1875398,241748,224033
1766854720.197528,241640,223973
1766854720.2075186,241801,224065
1766854720.2175188,241801,224065
1766854720.227519,241801,224065
1766854720.2375352,241724,223997
1766854720.2475333,241866,224064
1766854720.2575262,241866,224064
1766854720.267532,241866,224064
1766854720.277534,241786,224024
1766854720.287683,241885,224058
1766854720.297567,241885,224058
1766854720.3075488,241885,224058
1766854720.3175306,241812,224026
1766854720.327536,241713,224072
1766854720.3375351,241713,224072
1766854720.347529,241713,224072
1766854720.3575265,241794,224015
1766854720.367525,241684,224079
1766854720.3775244,241684,224079
1766854720.3875365,241684,224079
1766854720.3975325,241809,224012
1766854720.4075255,241859,224126
1766854720.417523,241859,224126
1766854720.427523,241859,224126
1766854720.4375288,241832,224032
1766854720.4475293,241930,224162
1766854720.4575517,241930,224162
1766854720.4716892,241879,224034
1766854720.4775426,241954,224111
1766854720.489614,241954,224111
1766854720.4975302,241954,224111
1766854720.5075595,241954,224111
1766854720.517555,241894,224072
1766854720.5275447,241991,223997
1766854720.537525,241991,223997
1766854720.5475283,241991,223997
1766854720.5575159,241945,224057
1766854720.567527,242003,224020
1766854720.5775132,242003,224020
1766854720.587518,242003,224020
1766854720.5975194,241990,224070
1766854720.6075149,241872,224056
1766854720.6175156,241872,224056
1766854720.627514,241872,224056
1766854720.6375153,242064,224070
1766854720.647559,241590,223967
1766854720.6578205,241590,223967
1766854720.6678376,241590,223967
1766854720.6775417,241969,224081
1766854720.6875474,241488,223909
1766854720.697584,241488,223909
1766854720.7075598,241488,223909
1766854720.7175457,241815,224057
1766854720.727536,241549,223944
1766854720.7376359,241549,223944
1766854720.7475197,241549,223944
1766854720.7575183,241656,223995
1766854720.767516,241629,223983
1766854720.7775154,241629,223983
1766854720.7875185,241629,223983
1766854720.7975307,241521,223948
1766854720.8075266,241716,224011
1766854720.8175292,241716,224011
1766854720.827528,241716,224011
1766854720.8375173,241555,223993
1766854720.8475416,241760,224026
1766854720.8577654,241760,224026
1766854720.8675518,241760,224026
1766854720.877564,241760,224026
1766854720.887548,241760,224024
1766854720.9018753,241760,224024
1766854720.9078386,241688,223883
1766854720.9175541,241762,224031
1766854720.9275486,241762,224031
1766854720.9375257,241762,224031
1766854720.9475145,241762,223934
1766854720.9575326,241781,224029
1766854720.9675143,241781,224029
1766854720.977513,241781,224029
1766854720.9875152,241788,223993
1766854720.9975123,241821,224047
1766854721.0075123,241821,224047
1766854721.0175138,241821,224047
1766854721.027511,241761,223976
1766854721.0375113,241882,224066
1766854721.0475578,241882,224066
1766854721.0588257,241882,224066
1766854721.0675347,241771,223981
1766854721.0775292,241916,224074
1766854721.0875263,241916,224074
1766854721.097567,241916,224074
1766854721.1075451,241783,223984
1766854721.1175697,241935,224077
1766854721.1275702,241935,224077
1766854721.1375585,241935,224077
1766854721.147732,241825,223998
1766854721.157531,241953,224085
1766854721.1675212,241953,224085
1766854721.1775239,241953,224085
1766854721.1876051,241857,224012
1766854721.1975274,241983,224094
1766854721.2075195,241983,224094
1766854721.2186215,241983,224094
1766854721.227526,241886,224017
1766854721.2375484,241996,224089
1766854721.2475512,241996,224089
1766854721.257522,241996,224089
1766854721.2675512,241891,224016
1766854721.2780862,241954,224076
1766854721.2875462,241954,224076
1766854721.2981558,241954,224076
1766854721.30755,241921,224028
1766854721.317541,241755,224002
1766854721.327524,241755,224002
1766854721.3375242,241755,224002
1766854721.3476362,241957,224022
1766854721.3575387,241569,223942
1766854721.367543,241569,223942
1766854721.377518,241569,223942
1766854721.3875246,241908,224006
1766854721.3975205,241567,223939
1766854721.4075196,241567,223939
1766854721.4175198,241567,223939
1766854721.4275177,241687,223921
1766854721.4375198,241640,223973
1766854721.4475217,241640,223973
1766854721.4575238,241640,223973
1766854721.4675257,241492,223859
1766854721.4775465,241724,223997
1766854721.4875293,241724,223997
1766854721.4975393,241724,223997
1766854721.5075238,241452,223841
1766854721.5175285,241786,224024
1766854721.5275261,241786,224024
1766854721.5375514,241786,224024
1766854721.5475326,241516,223864
1766854721.557527,241812,224026
1766854721.567526,241812,224026
1766854721.5775259,241812,224026
1766854721.587538,241599,223902
1766854721.5975301,241794,224015
1766854721.6075482,241794,224015
1766854721.6175299,241794,224015
1766854721.6275728,241650,223909
1766854721.6376052,241809,224012
1766854721.647553,241809,224012
1766854721.6578927,241809,224012
1766854721.6675627,241689,223914
1766854721.6801522,241832,224032
1766854721.687534,241832,224032
1766854721.6975474,241832,224032
1766854721.7076666,241697,223918
1766854721.7175364,241879,224034
1766854721.7280948,241879,224034
1766854721.7375457,241879,224034
1766854721.7475395,241698,223916
1766854721.757526,241894,224072
1766854721.7675273,241894,224072
1766854721.777516,241894,224072
1766854721.787531,241713,223924
1766854721.7975209,241945,224057
1766854721.8075316,241945,224057
1766854721.8175251,241945,224057
1766854721.827518,241763,223944
1766854721.8375278,241990,224070
1766854721.8475342,241990,224070
1766854721.8575318,241990,224070
1766854721.867529,241815,223948
1766854721.8775423,242064,224070
1766854721.8875377,242064,224070
1766854721.897526,242064,224070
1766854721.907525,241846,223970
1766854721.9175227,241969,224081
1766854721.927525,241969,224081
1766854721.9375224,241969,224081
1766854721.9475257,241862,223972
1766854721.9575238,241815,224057
1766854721.9675295,241815,224057
1766854721.9775252,241815,224057
1766854721.9875243,241883,223974
1766854721.9975233,241656,223995
1766854722.0075333,241656,223995
1766854722.017527,241656,223995
1766854722.0275354,241908,223969
1766854722.0375352,241521,223948
1766854722.0475252,241521,223948
1766854722.0575335,241521,223948
1766854722.0675404,241844,223955
1766854722.08444,241555,223993
1766854722.087547,241555,223993
1766854722.097548,241555,223993
1766854722.1075528,241605,223864
1766854722.1175466,241760,224026
1766854722.1275518,241760,224026
1766854722.137546,241760,224026
1766854722.1475554,241394,223795
1766854722.1575289,241688,223883
1766854722.167519,241688,223883
1766854722.1775162,241688,223883
1766854722.187531,241381,223790
1766854722.1975214,241751,223934
1766854722.2075176,241751,223934
1766854722.2175179,241751,223934
1766854722.2275176,241489,223834
1766854722.2375157,241788,223993
1766854722.247521,241788,223993
1766854722.257531,241788,223993
1766854722.267543,241647,223850
1766854722.280646,241761,223976
1766854722.287546,241761,223976
1766854722.297529,241761,223976
1766854722.3075569,241621,223880
1766854722.3175507,241771,223981
1766854722.3276238,241771,223981
1766854722.337957,241771,223981
1766854722.3475695,241564,223920
1766854722.3575637,241783,223984
1766854722.367539,241783,223984
1766854722.3775804,241783,223984
1766854722.387537,241585,223925
1766854722.3975687,241825,223998
1766854722.4075348,241825,223998
1766854722.417534,241825,223998
1766854722.427537,241663,223960
1766854722.4375474,241857,224012
1766854722.4475467,241857,224012
1766854722.457551,241857,224012
1766854722.4675422,241706,223948
1766854722.4775288,241886,224017
1766854722.487539,241886,224017
1766854722.4975698,241886,224017
1766854722.5080104,241886,224017
1766854722.517524,241891,224016
1766854722.527536,241891,224016
1766854722.5377667,241891,223869
1766854722.5475955,241921,224028
1766854722.557526,241921,224028
1766854722.5675275,241921,224028
1766854722.5785632,241829,223906
1766854722.587512,241957,224022
1766854722.5974715,241957,224022
1766854722.6075075,241957,224022
1766854722.6175063,241865,223952
1766854722.6275058,241908,224006
1766854722.6375217,241908,224006
1766854722.6475003,241908,224006
1766854722.6575274,241893,223972
1766854722.6675208,241687,223921
1766854722.677509,241687,223921
1766854722.687526,241687,223921
1766854722.69753,241911,223967
1766854722.707511,241492,223859
1766854722.717507,241492,223859
1766854722.7275062,241492,223859
1766854722.7375066,241803,223939
1766854722.7474778,241452,223841
1766854722.7575066,241452,223841
1766854722.7675047,241452,223841
1766854722.7775042,241582,223854
1766854722.787507,241516,223864
1766854722.7975168,241516,223864
1766854722.8075097,241516,223864
1766854722.8175054,241442,223798
1766854722.827506,241599,223902
1766854722.8374984,241599,223902
1766854722.8475091,241599,223902
1766854722.8575068,241482,223818
1766854722.86752,241650,223909
1766854722.8775294,241650,223909
1766854722.8875256,241650,223909
1766854722.9004574,241565,223860
1766854722.9076464,241689,223914
1766854722.9175222,241689,223914
1766854722.9275148,241689,223914
1766854722.9375079,241638,223881
1766854722.9475064,241697,223918
1766854722.95751,241697,223918
1766854722.9675052,241697,223918
1766854722.9775245,241707,223900
1766854722.9875276,241698,223916
1766854722.9975235,241698,223916
1766854723.0075085,241698,223916
1766854723.0175047,241712,223901
1766854723.0275307,241713,223924
1766854723.0375268,241713,223924
1766854723.0475266,241713,223924
1766854723.058746,241707,223900
1766854723.0675313,241763,223944
1766854723.0775092,241763,223944
1766854723.087507,241763,223944
1766854723.097512,241709,223901
1766854723.1075077,241815,223948
1766854723.11751,241815,223948
1766854723.1275072,241815,223948
1766854723.1375062,241748,223907
1766854723.147506,241846,223970
1766854723.1575058,241846,223970
1766854723.1675043,241846,223970
1766854723.177516,241795,223931
1766854723.1875253,241862,223972
1766854723.197527,241862,223972
1766854723.2075088,241862,223972
1766854723.2175248,241839,223940
1766854723.2275229,241883,223974
1766854723.2375107,241883,223974
1766854723.2475069,241883,223974
1766854723.2575173,241869,223943
1766854723.2675211,241908,223969
1766854723.2775195,241908,223969
1766854723.2875218,241908,223969
1766854723.297524,241898,223947
1766854723.3075194,241844,223955
1766854723.317505,241844,223955
1766854723.3275058,241844,223955
1766854723.3375123,241929,223971
1766854723.3475068,241605,223864
1766854723.3575058,241605,223864
1766854723.3675048,241605,223864
1766854723.3775034,241929,223964
1766854723.3875108,241394,223795
1766854723.3975103,241394,223795
1766854723.4075055,241394,223795
1766854723.4175215,241758,223911
1766854723.4275079,241381,223790
1766854723.4375038,241381,223790
1766854723.447505,241381,223790
1766854723.4575057,241593,223851
1766854723.4675033,241489,223834
1766854723.477518,241489,223834
1766854723.4875085,241489,223834
1766854723.4975283,241543,223838
1766854723.507507,241647,223850
1766854723.5175035,241647,223850
1766854723.5275118,241647,223850
1766854723.5375202,241596,223850
1766854723.5475237,241621,223880
1766854723.5575104,241621,223880
1766854723.567505,241621,223880
1766854723.5775044,241673,223885
1766854723.5875177,241564,223920
1766854723.5975087,241564,223920
1766854723.6075044,241564,223920
1766854723.6175032,241737,223903
1766854723.6275115,241585,223925
1766854723.6375062,241585,223925
1766854723.6475058,241585,223925
1766854723.6575353,241765,223915
1766854723.6675339,241663,223960
1766854723.6775184,241663,223960
1766854723.687518,241663,223960
1766854723.6975195,241760,223898
1766854723.7075233,241706,223948
1766854723.71751,241706,223948
1766854723.7275064,241706,223948
1766854723.7375064,241759,223905
1766854723.747515,241886,224017
1766854723.7575045,241886,224017
1766854723.7675045,241886,224017
1766854723.777504,241777,223907
1766854723.7875235,241795,223869
1766854723.7975137,241795,223869
1766854723.8075147,241795,223869
1766854723.817518,241781,223919
1766854723.8275173,241829,223906
1766854723.8375075,241829,223906
1766854723.847507,241829,223906
1766854723.8575966,241828,223920
1766854723.867515,241865,223952
1766854723.877506,241865,223952
1766854723.8875053,241865,223952
1766854723.8975139,241910,223919
1766854723.9075193,241893,223972
1766854723.917515,241893,223972
1766854723.9275062,241893,223972
1766854723.9375048,241846,223905
1766854723.9475362,241911,223967
1766854723.9575088,241911,223967
1766854723.9675038,241911,223967
1766854723.977502,241756,223934
1766854723.9875128,241803,223939
1766854723.99751,241803,223939
1766854724.0075054,241803,223939
1766854724.0175238,241717,223933
1766854724.0275264,241582,223854
1766854724.0375354,241582,223854
1766854724.0477414,241582,223854
1766854724.0576997,241710,223923
1766854724.0675337,241442,223798
1766854724.077521,241442,223798
1766854724.0875115,241442,223798
1766854724.0975091,241515,223844
1766854724.1075156,241482,223818
1766854724.117506,241482,223818
1766854724.127506,241482,223818
1766854724.1375058,241416,223720
1766854724.1475074,241565,223860
1766854724.1575186,241565,223860
1766854724.1675093,241565,223860
1766854724.177505,241638,223881
1766854724.1875055,241638,223881
1766854724.1975093,241638,223881
1766854724.2075064,241638,223748
1766854724.2175076,241707,223900
1766854724.2275236,241707,223900
1766854724.237524,241707,223900
1766854724.2475326,241603,223835
1766854724.257514,241712,223901
1766854724.2675166,241712,223901
1766854724.2775297,241712,223901
1766854724.2875168,241645,223852
1766854724.2975204,241707,223900
1766854724.3075128,241707,223900
1766854724.3175075,241707,223900
1766854724.3275056,241634,223846
1766854724.3375115,241709,223901
1766854724.3475082,241709,223901
1766854724.3575063,241709,223901
1766854724.367523,241630,223850
1766854724.3775053,241748,223907
1766854724.38752,241748,223907
1766854724.397513,241748,223907
1766854724.407527,241654,223853
1766854724.4175115,241795,223931
1766854724.4275055,241795,223931
1766854724.4375076,241795,223931
1766854724.4475203,241681,223854
1766854724.4575117,241839,223940
1766854724.467505,241839,223940
1766854724.4775064,241839,223940
1766854724.487508,241714,223869
1766854724.4975274,241869,223943
1766854724.507508,241869,223943
1766854724.5175161,241869,223943
1766854724.5276346,241757,223884
1766854724.5375347,241898,223947
1766854724.5475147,241898,223947
1766854724.5575128,241898,223947
1766854724.5675125,241786,223884
1766854724.5775068,241929,223971
1766854724.5875204,241929,223971
1766854724.597825,241929,223971
1766854724.6075225,241794,223892
1766854724.6175065,241929,223964
1766854724.6275218,241929,223964
1766854724.6375053,241929,223964
1766854724.6475072,241810,223885
1766854724.6584108,241758,223911
1766854724.6675305,241758,223911
1766854724.6775072,241758,223911
1766854724.687503,241655,223831
1766854724.6975076,241593,223851
1766854724.7075272,241593,223851
1766854724.7175205,241593,223851
1766854724.727511,241389,223730
1766854724.7375045,241543,223838
1766854724.7475226,241543,223838
1766854724.7578676,241543,223838
1766854724.7675135,241254,223685
1766854724.7775173,241596,223850
1766854724.7875159,241596,223850
1766854724.797528,241596,223850
1766854724.8075104,241325,223714
1766854724.817538,241673,223885
1766854724.827512,241673,223885
1766854724.837509,241673,223885
1766854724.84752,241387,223740
1766854724.8575056,241737,223903
1766854724.8675053,241737,223903
1766854724.8775172,241737,223903
1766854724.8875256,241486,223775
1766854724.8975096,241765,223915
1766854724.9075067,241765,223915
1766854724.9175048,241765,223915
1766854724.9275138,241555,223797
1766854724.9375062,241760,223898
1766854724.9475067,241760,223898
1766854724.9575088,241760,223898
1766854724.9675038,241563,223801
1766854724.9775064,241759,223905
1766854724.9875052,241759,223905
1766854724.99751,241759,223905
1766854725.007525,241557,223784
1766854725.0175092,241777,223907
1766854725.0275064,241777,223907
1766854725.0375059,241777,223907
1766854725.0475056,241575,223800
1766854725.057507,241781,223919
1766854725.0675395,241781,223919
1766854725.0775142,241781,223919
1766854725.0875065,241608,223807
1766854725.0976985,241828,223920
1766854725.107522,241828,223920
1766854725.1175077,241828,223920
1766854725.127515,241652,223835
1766854725.1375139,241910,223919
1766854725.1475117,241910,223919
1766854725.1575267,241910,223919
1766854725.1675434,241678,223830
1766854725.1777122,241846,223905
1766854725.1875224,241846,223905
1766854725.197533,241846,223905
1766854725.2075279,241718,223844
1766854725.2175243,241756,223934
1766854725.227508,241756,223934
1766854725.237515,241756,223934
1766854725.2475057,241721,223837
1766854725.2575073,241717,223933
1766854725.2675056,241717,223933
1766854725.2775083,241717,223933
1766854725.2875183,241743,223851
1766854725.2975132,241710,223923
1766854725.307507,241710,223923
1766854725.3186173,241710,223923
1766854725.3275256,241698,223816
1766854725.337526,241515,223844
1766854725.3475513,241515,223844
1766854725.357534,241515,223844
1766854725.3675323,241410,223725
1766854725.377541,241416,223720
1766854725.3875399,241416,223720
1766854725.3975413,241416,223720
1766854725.4075577,241169,223629
1766854725.4175448,241454,223671
1766854725.4290638,241454,223671
1766854725.4375317,241454,223671
1766854725.4475596,241148,223648
1766854725.4575338,241527,223748
1766854725.4675324,241527,223748
1766854725.4775317,241527,223748
1766854725.487539,241283,223661
1766854725.4975424,241603,223835
1766854725.5075397,241603,223835
1766854725.5175362,241603,223835
1766854725.5275447,241424,223711
1766854725.537532,241645,223852
1766854725.5475566,241645,223852
1766854725.557545,241645,223852
1766854725.567591,241392,223741
1766854725.577531,241634,223846
1766854725.5875404,241634,223846
1766854725.5975327,241634,223846
1766854725.6075487,241345,223745
1766854725.617542,241630,223850
1766854725.6286006,241630,223850
1766854725.6375327,241630,223850
1766854725.647551,241373,223734
1766854725.6577017,241654,223853
1766854725.6675255,241654,223853
1766854725.6775315,241654,223853
1766854725.687537,241471,223816
1766854725.6976237,241681,223854
1766854725.7075448,241681,223854
1766854725.7175188,241681,223854
1766854725.7275157,241522,223842
1766854725.7375247,241714,223869
1766854725.747513,241714,223869
1766854725.7575064,241714,223869
1766854725.7675078,241578,223755
1766854725.7775073,241757,223884
1766854725.787507,241757,223884
1766854725.7975254,241757,223884
1766854725.807509,241786,223884
1766854725.8175073,241786,223884
1766854725.827507,241786,223884
1766854725.8375053,241786,223727
1766854725.8475068,241794,223892
1766854725.8575037,241794,223892
1766854725.8675075,241794,223892
1766854725.8775067,241664,223788
1766854725.8875058,241810,223885
1766854725.897506,241810,223885
1766854725.9075348,241810,223885
1766854725.9175239,241718,223824
1766854725.9275203,241655,223831
1766854725.9375212,241655,223831
1766854725.9483056,241655,223831
1766854725.9580781,241683,223813
1766854725.9679515,241389,223730
1766854725.9775193,241389,223730
1766854725.987512,241389,223730
1766854725.997511,241480,223734
1766854726.0075102,241254,223685
1766854726.0175078,241254,223685
1766854726.0275056,241254,223685
1766854726.0375211,241223,223635
1766854726.0475094,241325,223714
1766854726.0575192,241325,223714
1766854726.0675073,241325,223714
1766854726.0775142,241168,223629
1766854726.08752,241387,223740
1766854726.0975153,241387,223740
1766854726.1075237,241387,223740
1766854726.1175125,241239,223647
1766854726.1275065,241486,223775
1766854726.1375065,241486,223775
1766854726.14751,241486,223775
1766854726.1575053,241365,223701
1766854726.1675065,241555,223797
1766854726.177519,241555,223797
1766854726.1875088,241555,223797
1766854726.1975112,241438,223719
1766854726.2075043,241563,223801
1766854726.2175212,241563,223801
1766854726.2275178,241563,223801
1766854726.2375262,241483,223730
1766854726.2475085,241557,223784
1766854726.257514,241557,223784
1766854726.267508,241557,223784
1766854726.277506,241489,223742
1766854726.2875283,241575,223800
1766854726.2975214,241575,223800
1766854726.3075173,241575,223800
1766854726.3175263,241492,223742
1766854726.3275142,241608,223807
1766854726.3375185,241608,223807
1766854726.3475082,241608,223807
1766854726.357521,241530,223753
1766854726.3675272,241652,223835
1766854726.3775122,241652,223835
1766854726.3875074,241652,223835
1766854726.3975112,241567,223757
1766854726.4075124,241678,223830
1766854726.417507,241678,223830
1766854726.4275062,241678,223830
1766854726.4375074,241607,223765
1766854726.4475064,241718,223844
1766854726.4575064,241718,223844
1766854726.467508,241718,223844
1766854726.4775062,241638,223781
1766854726.4875183,241721,223837
1766854726.497508,241721,223837
1766854726.5075138,241721,223837
1766854726.5175083,241658,223791
1766854726.5275054,241743,223851
1766854726.537524,241743,223851
1766854726.5475113,241743,223851
1766854726.557506,241708,223793
1766854726.567513,241698,223816
1766854726.5775075,241698,223816
1766854726.5875087,241698,223816
1766854726.5975106,241724,223810
1766854726.6075072,241410,223725
1766854726.617505,241410,223725
1766854726.6275213,241410,223725
1766854726.6375198,241609,223772
1766854726.647522,241169,223629
1766854726.6575325,241169,223629
1766854726.667528,241169,223629
1766854726.6775105,241399,223686
1766854726.687555,241148,223648
1766854726.6978815,241148,223648
1766854726.7075224,241148,223648
1766854726.717523,241277,223650
1766854726.7275188,241283,223661
1766854726.7375247,241283,223661
1766854726.7475,241283,223661
1766854726.7575061,241338,223669
1766854726.767505,241424,223711
1766854726.7775111,241424,223711
1766854726.7875092,241424,223711
1766854726.7975123,241405,223698
1766854726.807508,241392,223741
1766854726.8175054,241392,223741
1766854726.8275054,241392,223741
1766854726.8375046,241483,223722
1766854726.8475056,241345,223745
1766854726.8575256,241345,223745
1766854726.8675067,241345,223745
1766854726.877525,241513,223737
1766854726.8875115,241373,223734
1766854726.8975086,241373,223734
1766854726.907507,241373,223734
1766854726.9175062,241532,223744
1766854726.927544,241471,223816
1766854726.937512,241471,223816
1766854726.9475083,241471,223816
1766854726.9575052,241532,223729
1766854726.9677212,241522,223842
1766854726.9775088,241522,223842
1766854726.9875336,241522,223842
1766854726.9975467,241551,223748
1766854727.0089993,241578,223755
1766854727.0175273,241578,223755
1766854727.0275223,241578,223755
1766854727.0375333,241538,223747
1766854727.048036,241617,223684
1766854727.0575526,241617,223684
1766854727.0675373,241617,223684
1766854727.0775313,241633,223754
1766854727.0875356,241663,223727
1766854727.0975273,241663,223727
1766854727.1076365,241663,223727
1766854727.1187205,241675,223766
1766854727.127533,241664,223788
1766854727.1375332,241664,223788
1766854727.147566,241664,223788
1766854727.1575522,241750,223801
1766854727.16754,241718,223824
1766854727.1775296,241718,223824
1766854727.187535,241718,223824
1766854727.1975362,241623,223782
1766854727.2075074,241683,223813
1766854727.217509,241683,223813
1766854727.2275052,241683,223813
1766854727.2375064,241535,223781
1766854727.2475266,241480,223734
1766854727.2575085,241480,223734
1766854727.2675047,241480,223734
1766854727.2775037,241463,223732
1766854727.2875051,241223,223635
1766854727.2975347,241223,223635
1766854727.3075268,241223,223635
1766854727.3175564,241297,223706
1766854727.3275166,241168,223629
1766854727.33751,241168,223629
1766854727.3475053,241168,223629
1766854727.3575053,241192,223673
1766854727.3675666,241239,223647
1766854727.3775148,241239,223647
1766854727.3875053,241239,223647
1766854727.397506,241248,223575
1766854727.407505,241365,223701
1766854727.4175038,241365,223701
1766854727.4275038,241365,223701
1766854727.437504,241438,223719
1766854727.4475174,241438,223719
1766854727.457508,241438,223719
1766854727.4675155,241438,223642
1766854727.477519,241483,223730
1766854727.4875185,241483,223730
1766854727.4975188,241483,223730
1766854727.507533,241484,223703
1766854727.517545,241489,223742
1766854727.5275378,241489,223742
1766854727.5375233,241489,223742
1766854727.5475197,241487,223692
1766854727.5575354,241492,223742
1766854727.5675282,241492,223742
1766854727.5777345,241492,223742
1766854727.5907238,241486,223707
1766854727.5975354,241530,223753
1766854727.607541,241530,223753
1766854727.6175327,241530,223753
1766854727.6275256,241501,223712
1766854727.6375234,241567,223757
1766854727.647527,241567,223757
1766854727.6575522,241567,223757
1766854727.667573,241531,223715
1766854727.6775455,241607,223765
1766854727.6875453,241607,223765
1766854727.697523,241607,223765
1766854727.7075338,241566,223723
1766854727.7175457,241638,223781
1766854727.727539,241638,223781
1766854727.7375395,241638,223781
1766854727.7475255,241599,223728
1766854727.7575188,241658,223791
1766854727.7675226,241658,223791
1766854727.7775242,241658,223791
1766854727.7875228,241602,223736
1766854727.7975373,241708,223793
1766854727.8075366,241708,223793
1766854727.817542,241708,223793
1766854727.8275425,241625,223738
1766854727.8375251,241724,223810
1766854727.8475332,241724,223810
1766854727.8587422,241724,223810
1766854727.8675356,241612,223736
1766854727.8775475,241609,223772
1766854727.887532,241609,223772
1766854727.897522,241609,223772
1766854727.9075305,241403,223651
1766854727.9175377,241399,223686
1766854727.9275506,241399,223686
1766854727.9375305,241399,223686
1766854727.9475317,241130,223542
1766854727.9575632,241277,223650
1766854727.967528,241277,223650
1766854727.9775288,241277,223650
1766854727.9875612,241065,223516
1766854727.9975305,241338,223669
1766854728.0075262,241338,223669
1766854728.0175235,241338,223669
1766854728.02753,241157,223565
1766854728.0375288,241405,223698
1766854728.0475252,241405,223698
1766854728.0575218,241405,223698
1766854728.0676022,241270,223594
1766854728.077554,241483,223722
1766854728.088937,241483,223722
1766854728.0975409,241483,223722
1766854728.107545,241347,223634
1766854728.1175327,241513,223737
1766854728.1275291,241513,223737
1766854728.1375284,241513,223737
1766854728.1475475,241397,223652
1766854728.1575358,241532,223744
1766854728.16753,241532,223744
1766854728.177521,241532,223744
1766854728.1881986,241399,223649
1766854728.197533,241532,223729
1766854728.2075655,241532,223729
1766854728.2175484,241532,223729
1766854728.227543,241405,223644
1766854728.2375457,241551,223748
1766854728.247527,241551,223748
1766854728.257526,241551,223748
1766854728.267531,241441,223664
1766854728.277523,241538,223747
1766854728.2875166,241538,223747
1766854728.297518,241538,223747
1766854728.307539,241490,223682
1766854728.3175242,241633,223754
1766854728.327517,241633,223754
1766854728.337552,241633,223754
1766854728.3475363,241528,223692
1766854728.3575454,241675,223766
1766854728.3675437,241675,223766
1766854728.3775284,241675,223766
1766854728.387525,241567,223689
1766854728.397541,241750,223801
1766854728.4075284,241750,223801
1766854728.417529,241750,223801
1766854728.427533,241586,223696
1766854728.4375381,241623,223782
1766854728.4475656,241623,223782
1766854728.4575582,241623,223782
1766854728.4676027,241607,223711
1766854728.4775496,241535,223781
1766854728.487547,241535,223781
1766854728.4975371,241535,223781
1766854728.5075338,241566,223692
1766854728.517527,241463,223732
1766854728.5275333,241463,223732
1766854728.5375288,241463,223732
1766854728.5475423,241318,223598
1766854728.5575294,241297,223706
1766854728.5675232,241297,223706
1766854728.5775213,241297,223706
1766854728.5875206,241067,223494
1766854728.5975301,241192,223673
1766854728.6075637,241192,223673
1766854728.6175568,241192,223673
1766854728.627527,241038,223495
1766854728.637523,241248,223575
1766854728.6475275,241248,223575
1766854728.6575465,241248,223575
1766854728.6675124,241114,223523
1766854728.6775372,241351,223544
1766854728.6875288,241351,223544
1766854728.697526,241351,223544
1766854728.707555,241231,223562
1766854728.7175393,241444,223642
1766854728.7282882,241444,223642
1766854728.7375968,241444,223642
1766854728.74754,241314,223604
1766854728.757526,241484,223703
1766854728.767532,241484,223703
1766854728.7775378,241484,223703
1766854728.7879176,241437,223617
1766854728.7975368,241487,223692
1766854728.807537,241487,223692
1766854728.8175404,241487,223692
1766854728.8275318,241240,223611
1766854728.83752,241486,223707
1766854728.8475213,241486,223707
1766854728.8576226,241486,223707
1766854728.8675199,241257,223620
1766854728.8775284,241501,223712
1766854728.887529,241501,223712
1766854728.8975375,241501,223712
1766854728.9075437,241299,223652
1766854728.9175391,241531,223715
1766854728.9275308,241531,223715
1766854728.9375248,241531,223715
1766854728.947556,241445,223701
1766854728.9575381,241566,223723
1766854728.96755,241566,223723
1766854728.9777396,241566,223723
1766854728.9875891,241566,223723
1766854728.9975476,241599,223728
1766854729.0075307,241599,223728
1766854729.01753,241599,223728
1766854729.0275226,241599,223728
1766854729.0375535,241602,223736
1766854729.04753,241602,223736
1766854729.0583882,241544,223603
1766854729.0682287,241625,223738
1766854729.0775402,241625,223738
1766854729.087537,241625,223738
1766854729.1048198,241575,223673
1766854729.111556,241612,223736
1766854729.1175287,241612,223736
1766854729.127678,241612,223736
1766854729.1375446,241566,223680
1766854729.1475255,241403,223651
1766854729.1575205,241403,223651
1766854729.1675296,241403,223651
1766854729.177517,241345,223584
1766854729.1875148,241130,223542
1766854729.19753,241130,223542
1766854729.2075202,241130,223542
1766854729.2175186,241063,223471
1766854729.227521,241065,223516
1766854729.2375193,241065,223516
1766854729.2475321,241065,223516
1766854729.2575278,240992,223449
1766854729.2675443,241157,223565
1766854729.27752,241157,223565
1766854729.2875237,241157,223565
1766854729.2975247,241056,223481
1766854729.3075292,241270,223594
1766854729.317525,241270,223594
1766854729.3275363,241270,223594
1766854729.3375282,241170,223527
1766854729.347547,241347,223634
1766854729.3575256,241347,223634
1766854729.3675313,241347,223634
1766854729.3778777,241267,223563
1766854729.3875391,241397,223652
1766854729.397539,241397,223652
1766854729.4075234,241397,223652
1766854729.417519,241326,223585
1766854729.4275234,241399,223649
1766854729.4375265,241399,223649
1766854729.447534,241399,223649
1766854729.4575336,241331,223579
1766854729.4675329,241405,223644
1766854729.4799275,241405,223644
1766854729.48756,241405,223644
1766854729.4975424,241341,223596
1766854729.5075517,241441,223664
1766854729.517546,241441,223664
1766854729.5275455,241441,223664
1766854729.5375268,241368,223603
1766854729.5475402,241490,223682
1766854729.557528,241490,223682
1766854729.567526,241490,223682
1766854729.577636,241406,223612
1766854729.5875223,241528,223692
1766854729.5975254,241528,223692
1766854729.6075191,241528,223692
1766854729.6175234,241445,223616
1766854729.6275375,241567,223689
1766854729.6375272,241567,223689
1766854729.6475375,241567,223689
1766854729.6575499,241495,223633
1766854729.6675522,241586,223696
1766854729.6775355,241586,223696
1766854729.687636,241586,223696
1766854729.6975193,241515,223642
1766854729.7075377,241607,223711
1766854729.719175,241607,223711
1766854729.7275476,241607,223711
1766854729.737542,241550,223647
1766854729.747528,241566,223692
1766854729.7575219,241566,223692
1766854729.7675269,241566,223692
1766854729.7775328,241571,223669
1766854729.7875414,241318,223598
1766854729.7975266,241318,223598
1766854729.807526,241318,223598
1766854729.8175232,241479,223625
1766854729.827532,241067,223494
1766854729.837544,241067,223494
1766854729.8475738,241067,223494
1766854729.8575444,241217,223530
1766854729.8719776,241038,223495
1766854729.878961,241038,223495
1766854729.887537,241038,223495
1766854729.8975363,241061,223461
1766854729.9075375,241114,223523
1766854729.9175408,241114,223523
1766854729.9275212,241114,223523
1766854729.9375215,241097,223488
1766854729.9475212,241231,223562
1766854729.9575217,241231,223562
1766854729.9675195,241231,223562
1766854729.9775188,241212,223528
1766854729.9875252,241314,223604
1766854729.9975305,241314,223604
1766854730.007553,241314,223604
1766854730.0175812,241307,223566
1766854730.0275276,241437,223617
1766854730.0375214,241437,223617
1766854730.0475645,241437,223617
1766854730.0575266,241371,223581
1766854730.0675275,241240,223611
1766854730.077527,241240,223611
1766854730.0875487,241240,223611
1766854730.0981457,241384,223603
1766854730.1075356,241257,223620
1766854730.1175377,241257,223620
1766854730.1275306,241257,223620
1766854730.137536,241406,223596
1766854730.1475348,241299,223652
1766854730.1575334,241299,223652
1766854730.1675282,241299,223652
1766854730.177528,241410,223597
1766854730.1875288,241445,223701
1766854730.197527,241445,223701
1766854730.2075365,241445,223701
1766854730.2175994,241456,223612
1766854730.227536,241566,223723
1766854730.2376077,241566,223723
1766854730.24763,241566,223723
1766854730.2575474,241503,223624
1766854730.2675376,241599,223728
1766854730.2775426,241599,223728
1766854730.2875361,241599,223728
1766854730.2975242,241530,223638
1766854730.3075304,241544,223603
1766854730.3175259,241544,223603
1766854730.3275175,241544,223603
1766854730.3375196,241531,223634
1766854730.3475223,241575,223673
1766854730.35752,241575,223673
1766854730.3675156,241575,223673
1766854730.3775284,241617,223640
1766854730.3875475,241566,223680
1766854730.3975706,241566,223680
1766854730.4075336,241566,223680
1766854730.4175315,241540,223643
1766854730.4275289,241345,223584
1766854730.4375336,241345,223584
1766854730.4475286,241345,223584
1766854730.4575334,241426,223624
1766854730.4675272,241063,223471
1766854730.477526,241063,223471
1766854730.4875505,241063,223471
1766854730.4975579,241150,223539
1766854730.5075276,240992,223449
1766854730.5175352,240992,223449
1766854730.5275438,240992,223449
1766854730.5375388,241052,223497
1766854730.5475578,241056,223481
1766854730.5575438,241056,223481
1766854730.5675256,241056,223481
1766854730.5775247,241102,223577
1766854730.5875564,241170,223527
1766854730.5975256,241170,223527
1766854730.6075253,241170,223527
1766854730.6175196,241203,223510
1766854730.6275167,241267,223563
1766854730.6375215,241267,223563
1766854730.6475224,241267,223563
1766854730.657562,241267,223563
1766854730.6675527,241326,223585
1766854730.677539,241326,223585
1766854730.6875968,241326,223484
1766854730.6975262,241331,223579
1766854730.7075255,241331,223579
1766854730.7175412,241331,223579
1766854730.7276993,241357,223544
1766854730.7376041,241341,223596
1766854730.7475724,241341,223596
1766854730.7575552,241341,223596
1766854730.7717144,241345,223562
1766854730.777522,241368,223603
1766854730.787551,241368,223603
1766854730.797528,241368,223603
1766854730.8075423,241364,223553
1766854730.8175209,241406,223612
1766854730.82753,241406,223612
1766854730.8375423,241406,223612
1766854730.8475323,241400,223566
1766854730.8575218,241445,223616
1766854730.8675175,241445,223616
1766854730.8775215,241445,223616
1766854730.887654,241435,223588
1766854730.8975372,241495,223633
1766854730.907534,241495,223633
1766854730.917522,241495,223633
1766854730.9275239,241464,223593
1766854730.9375236,241515,223642
1766854730.947525,241515,223642
1766854730.9575498,241515,223642
1766854730.9675932,241488,223607
1766854730.9775612,241550,223647
1766854730.9875653,241550,223647
1766854730.9975462,241550,223647
1766854731.0075736,241534,223601
1766854731.0175388,241571,223669
1766854731.0275235,241571,223669
1766854731.0375264,241571,223669
1766854731.0475266,241559,223617
1766854731.0575364,241479,223625
1766854731.0675247,241479,223625
1766854731.0775194,241479,223625
1766854731.08754,241461,223586
1766854731.0975213,241217,223530
1766854731.1075335,241217,223530
1766854731.11752,241217,223530
1766854731.1275234,241176,223477
1766854731.137551,241061,223461
1766854731.1475425,241061,223461
1766854731.1575558,241061,223461
1766854731.1675417,240975,223396
1766854731.1775372,241097,223488
1766854731.188556,241097,223488
1766854731.1975195,241097,223488
1766854731.2075307,241002,223402
1766854731.2201185,241212,223528
1766854731.227531,241212,223528
1766854731.2375498,241212,223528
1766854731.2475474,241094,223450
1766854731.2575233,241307,223566
1766854731.2675154,241307,223566
1766854731.2775204,241307,223566
1766854731.2875195,241204,223488
1766854731.2975256,241371,223581
1766854731.3075316,241371,223581
1766854731.3175232,241371,223581
1766854731.3275275,241271,223509
1766854731.3375282,241384,223603
1766854731.347538,241384,223603
1766854731.3575401,241384,223603
1766854731.3675299,241294,223531
1766854731.377525,241406,223596
1766854731.3875313,241406,223596
1766854731.3975344,241406,223596
1766854731.4075353,241286,223524
1766854731.4175303,241410,223597
1766854731.4275277,241410,223597
1766854731.4375234,241410,223597
1766854731.4475267,241302,223519
1766854731.4575303,241456,223612
1766854731.467542,241456,223612
1766854731.477553,241456,223612
1766854731.4875774,241340,223538
1766854731.4975436,241503,223624
1766854731.5083299,241503,223624
1766854731.517539,241503,223624
1766854731.5275533,241382,223553
1766854731.5375426,241530,223638
1766854731.550035,241530,223638
1766854731.557561,241530,223638
1766854731.5675423,241461,223578
1766854731.5775266,241531,223634
1766854731.587523,241531,223634
1766854731.5977483,241531,223634
1766854731.60763,241462,223569
1766854731.6201,241617,223640
1766854731.627542,241617,223640
1766854731.637561,241617,223640
1766854731.647564,241459,223577
1766854731.6575716,241540,223643
1766854731.6675458,241540,223643
1766854731.6775603,241540,223643
1766854731.6875503,241514,223593
1766854731.6975274,241426,223624
1766854731.707529,241426,223624
1766854731.7175012,241426,223624
1766854731.7275653,241339,223521
1766854731.737565,241150,223539
1766854731.7476237,241150,223539
1766854731.7576423,241150,223539
1766854731.7675254,241032,223391
1766854731.7775412,241052,223497
1766854731.7875288,241052,223497
1766854731.7975464,241052,223497
1766854731.8075645,240923,223360
1766854731.8175268,241102,223577
1766854731.8275316,241102,223577
1766854731.837539,241102,223577
1766854731.8475323,240977,223386
1766854731.857525,241203,223510
1766854731.8675222,241203,223510
1766854731.8775218,241203,223510
1766854731.8875334,241065,223415
1766854731.8975446,241267,223563
1766854731.9075367,241267,223563
1766854731.9175274,241267,223563
1766854731.927508,241159,223458
1766854731.9376814,241334,223484
1766854731.9475472,241334,223484
1766854731.9575145,241334,223484
1766854731.967524,241258,223492
1766854731.9775069,241357,223544
1766854731.9875054,241357,223544
1766854731.9975135,241357,223544
1766854732.007621,241374,223505
1766854732.0175242,241345,223562
1766854732.0275073,241345,223562
1766854732.0375178,241345,223562
1766854732.047506,241338,223510
1766854732.0575154,241364,223553
1766854732.0675063,241364,223553
1766854732.0787342,241364,223553
1766854732.0875158,241400,223566
1766854732.097522,241400,223566
1766854732.1075175,241400,223566
1766854732.1175067,241400,223566
1766854732.1275048,241234,223529
1766854732.1375062,241435,223588
1766854732.1475115,241435,223588
1766854732.1575162,241435,223588
1766854732.167507,241353,223591
1766854732.1775155,241464,223593
1766854732.187507,241464,223593
1766854732.197507,241464,223593
1766854732.207514,241469,223664
1766854732.2175057,241488,223607
1766854732.2275047,241488,223607
1766854732.2375262,241488,223607
1766854732.2475302,241505,223577
1766854732.2575197,241534,223601
1766854732.267522,241534,223601
1766854732.2775204,241534,223601
1766854732.2875142,241559,223617
1766854732.297636,241559,223617
1766854732.3075175,241559,223617
1766854732.3175087,241559,223617
1766854732.3275044,241461,223586
1766854732.3375106,241461,223586
1766854732.3475113,241461,223586
1766854732.3575234,241287,223461
1766854732.3675094,241176,223477
1766854732.3775065,241176,223477
1766854732.3875058,241176,223477
1766854732.3975253,240990,223359
1766854732.4075203,240975,223396
1766854732.417528,240975,223396
1766854732.4275198,240975,223396
1766854732.4381394,240925,223349
1766854732.447524,241002,223402
1766854732.457567,241002,223402
1766854732.4675074,241002,223402
1766854732.4775054,240995,223383
1766854732.4875271,241094,223450
1766854732.4975178,241094,223450
1766854732.5075204,241094,223450
1766854732.5175083,241110,223420
1766854732.527506,241204,223488
1766854732.5375056,241204,223488
1766854732.5475078,241204,223488
1766854732.5575078,241203,223456
1766854732.5675175,241271,223509
1766854732.577507,241271,223509
1766854732.5875056,241271,223509
1766854732.5975049,241255,223473
1766854732.607507,241294,223531
1766854732.6176333,241294,223531
1766854732.6275113,241294,223531
1766854732.6375065,241278,223493
1766854732.6475074,241286,223524
1766854732.6575303,241286,223524
1766854732.6676726,241286,223524
1766854732.6775248,241291,223477
1766854732.6875095,241302,223519
1766854732.6975226,241302,223519
1766854732.7075334,241302,223519
1766854732.717516,241350,223493
1766854732.727522,241340,223538
1766854732.7375076,241340,223538
1766854732.747505,241340,223538
1766854732.7575066,241404,223523
1766854732.7675087,241382,223553
1766854732.7775056,241382,223553
1766854732.787515,241382,223553
1766854732.7975078,241447,223532
1766854732.8075085,241461,223578
1766854732.8175056,241461,223578
1766854732.8275127,241461,223578
1766854732.8375175,241490,223545
1766854732.8475072,241462,223569
1766854732.8575695,241462,223569
1766854732.8675063,241462,223569
1766854732.8775055,241512,223553
1766854732.8875191,241459,223577
1766854732.8975327,241459,223577
1766854732.9079502,241459,223577
1766854732.9185162,241546,223564
1766854732.9275224,241514,223593
1766854732.9375203,241514,223593
1766854732.9475234,241514,223593
1766854732.9575074,241570,223573
1766854732.9675035,241339,223521
1766854732.9775085,241339,223521
1766854732.9875042,241339,223521
1766854732.997519,241414,223512
1766854733.0075355,241032,223391
1766854733.017524,241032,223391
1766854733.027524,241032,223391
1766854733.0375097,241126,223418
1766854733.0475256,240923,223360
1766854733.0575073,240923,223360
1766854733.0675068,240923,223360
1766854733.0775192,241043,223380
1766854733.0875092,240977,223386
1766854733.0975068,240977,223386
1766854733.1075125,240977,223386
1766854733.117515,241114,223412
1766854733.127504,241065,223415
1766854733.1375449,241065,223415
1766854733.147524,241065,223415
1766854733.1575086,241220,223461
1766854733.1675072,241159,223458
1766854733.177506,241159,223458
1766854733.1875072,241159,223458
1766854733.1975346,241319,223483
1766854733.2075124,241258,223492
1766854733.2175047,241258,223492
1766854733.2275052,241258,223492
1766854733.2375236,241386,223515
1766854733.2475235,241374,223505
1766854733.25751,241374,223505
1766854733.267505,241374,223505
1766854733.2775056,241395,223523
1766854733.287505,241338,223510
1766854733.297507,241338,223510
1766854733.3075094,241338,223510
1766854733.3175054,241403,223509
1766854733.3275242,241276,223495
1766854733.3375084,241276,223495
1766854733.3475077,241276,223495
1766854733.357522,241425,223525
1766854733.3675172,241234,223529
1766854733.377507,241234,223529
1766854733.3875062,241234,223529
1766854733.397506,241458,223524
1766854733.4075298,241353,223591
1766854733.4175255,241353,223591
1766854733.4287286,241353,223591
1766854733.4375122,241512,223542
1766854733.447521,241469,223664
1766854733.4575214,241469,223664
1766854733.4675198,241469,223664
1766854733.4775066,241522,223553
1766854733.4875195,241505,223577
1766854733.4975345,241505,223577
1766854733.5075226,241505,223577
1766854733.517507,241531,223556
1766854733.5275161,241530,223509
1766854733.5375087,241530,223509
1766854733.5475075,241530,223509
1766854733.5575056,241558,223564
1766854733.5675037,241517,223489
1766854733.5775244,241517,223489
1766854733.5875337,241517,223489
1766854733.59752,241583,223570
1766854733.6075168,241287,223461
1766854733.6175063,241287,223461
1766854733.6275163,241287,223461
1766854733.637518,241512,223504
1766854733.6475165,240990,223359
1766854733.6575224,240990,223359
1766854733.6675267,240990,223359
1766854733.6775236,241270,223422
1766854733.687517,240925,223349
1766854733.6975079,240925,223349
1766854733.7075067,240925,223349
1766854733.7175045,241039,223408
1766854733.7275143,240995,223383
1766854733.7375073,240995,223383
1766854733.7475233,240995,223383
1766854733.7575076,241046,223426
1766854733.7675047,241110,223420
1766854733.7775042,241110,223420
1766854733.787505,241110,223420
1766854733.7975557,241202,223503
1766854733.8075092,241203,223456
1766854733.8175054,241203,223456
1766854733.8275044,241203,223456
1766854733.8375154,241377,223602
1766854733.8475177,241255,223473
1766854733.8575199,241255,223473
1766854733.867506,241255,223473
1766854733.877504,241422,223497
1766854733.8875127,241278,223493
1766854733.8975053,241278,223493
1766854733.9075246,241278,223493
1766854733.91765,241291,223477
1766854733.9276354,241291,223477
1766854733.9375193,241291,223477
1766854733.9475243,241291,223453
1766854733.957524,241350,223493
1766854733.9675257,241350,223493
1766854733.9775066,241350,223493
1766854733.9875116,241443,223512
1766854733.997507,241404,223523
1766854734.0075362,241404,223523
1766854734.0175166,241404,223523
1766854734.0275066,241484,223535
1766854734.037517,241447,223532
1766854734.0475237,241447,223532
1766854734.0575209,241447,223532
1766854734.067517,241532,223546
1766854734.0775077,241490,223545
1766854734.0875058,241490,223545
1766854734.0975127,241490,223545
1766854734.1075284,241559,223559
1766854734.1175113,241512,223553
1766854734.127505,241512,223553
1766854734.1375172,241512,223553
1766854734.1475086,241578,223554
1766854734.1575267,241546,223564
1766854734.167517,241546,223564
1766854734.1775186,241546,223564
1766854734.1875284,241608,223577
1766854734.1974826,241570,223573
1766854734.2075133,241570,223573
1766854734.2175064,241570,223573
1766854734.2275095,241553,223549
1766854734.237507,241414,223512
1766854734.2475061,241414,223512
1766854734.257519,241414,223512
1766854734.267508,241325,223456
1766854734.2775042,241126,223418
1766854734.2875047,241126,223418
1766854734.2975042,241126,223418
1766854734.307523,241111,223382
1766854734.3177397,241043,223380
1766854734.3275273,241043,223380
1766854734.3375082,241043,223380
1766854734.3487377,241092,223369
1766854734.357515,241114,223412
1766854734.3675165,241114,223412
1766854734.3775146,241114,223412
1766854734.3875058,241185,223413
1766854734.3975055,241220,223461
1766854734.407518,241220,223461
1766854734.417506,241220,223461
1766854734.4275112,241276,223448
1766854734.4375057,241319,223483
1766854734.447504,241319,223483
1766854734.4575055,241319,223483
1766854734.4675035,241356,223477
1766854734.4775138,241386,223515
1766854734.4875064,241386,223515
1766854734.497527,241386,223515
1766854734.5075276,241361,223469
1766854734.5175114,241395,223523
1766854734.5275056,241395,223523
1766854734.537504,241395,223523
1766854734.5475054,241356,223477
1766854734.5575302,241403,223509
1766854734.5675247,241403,223509
1766854734.5775266,241403,223509
1766854734.58754,241352,223461
1766854734.5979364,241425,223525
1766854734.6078017,241425,223525
1766854734.617506,241425,223525
1766854734.6275065,241374,223478
1766854734.6375086,241458,223524
1766854734.6475067,241458,223524
1766854734.6575415,241458,223524
1766854734.6675284,241425,223494
1766854734.6775339,241512,223542
1766854734.6875112,241512,223542
1766854734.6975052,241512,223542
1766854734.7075064,241471,223509
1766854734.7175045,241522,223553
1766854734.727554,241522,223553
1766854734.7375252,241522,223553
1766854734.747533,241510,223525
1766854734.7575107,241531,223556
1766854734.7675276,241531,223556
1766854734.7775223,241531,223556
1766854734.7876265,241524,223534
1766854734.7976427,241558,223564
1766854734.8075278,241558,223564
1766854734.8175058,241558,223564
1766854734.8275084,241564,223533
1766854734.8375065,241583,223570
1766854734.8475173,241583,223570
1766854734.857507,241583,223570
1766854734.8675041,241451,223489
1766854734.8775036,241512,223504
1766854734.8875222,241512,223504
1766854734.8975255,241512,223504
1766854734.9075096,241144,223376
1766854734.9175048,241270,223422
1766854734.927526,241270,223422
1766854734.9380162,241270,223422
1766854734.9475205,241024,223319
1766854734.9575226,241039,223408
1766854734.9675205,241039,223408
1766854734.9775045,241039,223408
1766854734.987503,241091,223353
1766854734.9975147,241046,223426
1766854735.0075066,241046,223426
1766854735.017505,241046,223426
1766854735.0275548,241192,223394
1766854735.0375082,241202,223503
1766854735.0475051,241202,223503
1766854735.0575035,241202,223503
1766854735.0675242,241292,223433
1766854735.0775206,241377,223602
1766854735.0875244,241377,223602
1766854735.0975232,241377,223602
1766854735.1075206,241344,223447
1766854735.1175172,241422,223497
1766854735.12751,241422,223497
1766854735.1375031,241422,223497
1766854735.1475368,241374,223456
1766854735.157513,241419,223423
1766854735.1675055,241419,223423
1766854735.1775115,241419,223423
1766854735.1875253,241387,223474
1766854735.1975367,241414,223453
1766854735.2075107,241414,223453
1766854735.2175055,241414,223453
1766854735.2275102,241409,223464
1766854735.2375176,241443,223512
1766854735.24752,241443,223512
1766854735.2575233,241443,223512
1766854735.2675369,241527,223481
1766854735.2775207,241484,223535
1766854735.2875276,241484,223535
1766854735.2975092,241484,223535
1766854735.307508,241516,223502
1766854735.3175223,241532,223546
1766854735.3275156,241532,223546
1766854735.3375266,241532,223546
1766854735.3475225,241424,223513
1766854735.357506,241559,223559
1766854735.3675046,241559,223559
1766854735.377504,241559,223559
1766854735.3884096,241406,223526
1766854735.3975213,241578,223554
1766854735.407541,241578,223554
1766854735.4175231,241578,223554
1766854735.427522,241551,223557
1766854735.437509,241608,223577
1766854735.4475102,241608,223577
1766854735.4575088,241608,223577
1766854735.467504,241604,223628
1766854735.4775076,241553,223549
1766854735.4875271,241553,223549
1766854735.4974854,241553,223549
1766854735.5075104,241443,223467
1766854735.5175242,241325,223456
1766854735.527554,241325,223456
1766854735.5375278,241325,223456
1766854735.5475118,241111,223382
1766854735.5575058,241111,223382
1766854735.5675054,241111,223382
1766854735.5775068,241111,223382
1766854735.587511,241092,223369
1766854735.5975206,241092,223369
1766854735.6075141,241092,223369
1766854735.617509,241049,223317
1766854735.6275067,241185,223413
1766854735.6375055,241185,223413
1766854735.6475062,241185,223413
1766854735.6575298,241146,223376
1766854735.6675262,241276,223448
1766854735.6775372,241276,223448
1766854735.6885216,241276,223448
1766854735.6975245,241251,223409
1766854735.7075236,241356,223477
1766854735.7175188,241356,223477
1766854735.7275128,241356,223477
1766854735.7375214,241304,223427
1766854735.7475104,241361,223469
1766854735.7575076,241361,223469
1766854735.7675047,241361,223469
1766854735.7775834,241328,223426
1766854735.7875102,241356,223477
1766854735.797515,241356,223477
1766854735.8075225,241356,223477
1766854735.817596,241326,223440
1766854735.8275313,241352,223461
1766854735.8375087,241352,223461
1766854735.8475049,241352,223461
1766854735.8575058,241346,223436
1766854735.867512,241374,223478
1766854735.8775089,241374,223478
1766854735.8875067,241374,223478
1766854735.8975072,241399,223451
1766854735.9075124,241425,223494
1766854735.9175072,241425,223494
1766854735.9275208,241425,223494
1766854735.9377775,241439,223465
1766854735.9475338,241471,223509
1766854735.9575286,241471,223509
1766854735.967507,241471,223509
1766854735.977504,241491,223480
1766854735.9875047,241510,223525
1766854735.9975064,241510,223525
1766854736.007509,241510,223525
1766854736.0176296,241521,223491
1766854736.027518,241524,223534
1766854736.0375183,241524,223534
1766854736.0475574,241524,223534
1766854736.0575209,241545,223496
1766854736.0675213,241564,223533
1766854736.077512,241564,223533
1766854736.0875053,241564,223533
1766854736.0975087,241573,223505
1766854736.10751,241451,223489
1766854736.1175063,241451,223489
1766854736.1275048,241451,223489
1766854736.1375136,241549,223496
1766854736.1475039,241144,223376
1766854736.1575053,241144,223376
1766854736.1675043,241144,223376
1766854736.1775045,241318,223403
1766854736.1875207,241024,223319
1766854736.197507,241024,223319
1766854736.2075372,241024,223319
1766854736.2175078,241053,223298
1766854736.2275093,241091,223353
1766854736.2375045,241091,223353
1766854736.2475038,241091,223353
1766854736.2575047,240998,223272
1766854736.2675292,241192,223394
1766854736.2775068,241192,223394
1766854736.2877412,241192,223394
1766854736.297524,241074,223319
1766854736.307521,241292,223433
1766854736.317549,241292,223433
1766854736.3274977,241292,223433
1766854736.3375733,241199,223369
1766854736.347567,241344,223447
1766854736.3584929,241344,223447
1766854736.3675332,241344,223447
1766854736.3775265,241291,223398
1766854736.387528,241374,223456
1766854736.3975675,241374,223456
1766854736.4075646,241374,223456
1766854736.4175375,241338,223413
1766854736.427528,241387,223474
1766854736.4375284,241387,223474
1766854736.4475303,241387,223474
1766854736.457921,241342,223423
1766854736.4675314,241409,223464
1766854736.477531,241409,223464
1766854736.4875195,241409,223464
1766854736.4975412,241344,223415
1766854736.507534,241527,223481
1766854736.5175283,241527,223481
1766854736.5275493,241527,223481
1766854736.537516,241384,223431
1766854736.5475087,241516,223502
1766854736.5575075,241516,223502
1766854736.5675054,241516,223502
1766854736.5775054,241418,223443
1766854736.58756,241424,223513
1766854736.597512,241424,223513
1766854736.607509,241424,223513
1766854736.6175053,241466,223457
1766854736.6275058,241406,223526
1766854736.6375062,241406,223526
1766854736.6475065,241406,223526
1766854736.6582952,241514,223470
1766854736.667534,241551,223557
1766854736.6775296,241551,223557
1766854736.6875086,241551,223557
1766854736.697528,241529,223472
1766854736.707553,241604,223628
1766854736.7175276,241604,223628
1766854736.7275343,241604,223628
1766854736.7375324,241569,223484
1766854736.7475271,241443,223467
1766854736.7575252,241443,223467
1766854736.7675238,241443,223467
1766854736.7775223,241613,223504
1766854736.787534,241159,223254
1766854736.7975385,241159,223254
1766854736.807552,241159,223254
1766854736.8175275,241557,223480
1766854736.82753,241008,223214
1766854736.837538,241008,223214
1766854736.8475277,241008,223214
1766854736.8575242,241347,223404
1766854736.8675504,241049,223317
1766854736.8775291,241049,223317
1766854736.8875682,241049,223317
1766854736.8975718,241271,223343
1766854736.9075334,241146,223376
1766854736.9175289,241146,223376
1766854736.9275303,241146,223376
1766854736.9375293,241199,223347
1766854736.9511445,241251,223409
1766854736.957758,241251,223409
1766854736.9685175,241251,223409
1766854736.9775422,241238,223349
1766854736.9875426,241304,223427
1766854736.9975448,241304,223427
1766854737.0075293,241304,223427
1766854737.0175247,241225,223413
1766854737.0275295,241328,223426
1766854737.0375485,241328,223426
1766854737.0475328,241328,223426
1766854737.057516,241379,223501
1766854737.0675163,241326,223440
1766854737.0775163,241326,223440
1766854737.0875425,241326,223440
1766854737.097542,241456,223503
1766854737.1075306,241346,223436
1766854737.11753,241346,223436
1766854737.127594,241346,223436
1766854737.1386864,241346,223436
1766854737.1475248,241399,223451
1766854737.157527,241399,223451
1766854737.167555,241399,223451
1766854737.177519,241439,223465
1766854737.187521,241439,223465
1766854737.1975324,241439,223465
1766854737.2075274,241439,223365
1766854737.2175174,241491,223480
1766854737.2275267,241491,223480
1766854737.2388928,241491,223480
1766854737.2476563,241533,223451
1766854737.2575202,241521,223491
1766854737.2675323,241521,223491
1766854737.2775424,241521,223491
1766854737.287548,241591,223486
1766854737.2977946,241545,223496
1766854737.3075402,241545,223496
1766854737.3207078,241545,223496
1766854737.3283756,241601,223492
1766854737.33799,241573,223505
1766854737.3475444,241573,223505
1766854737.357528,241573,223505
1766854737.3675523,241631,223488
1766854737.377527,241549,223496
1766854737.3875325,241549,223496
1766854737.3975215,241549,223496
1766854737.4075437,241644,223481
1766854737.4175215,241318,223403
1766854737.4275193,241318,223403
1766854737.437519,241318,223403
1766854737.4475174,241648,223490
1766854737.457736,241053,223298
1766854737.4675362,241053,223298
1766854737.4775217,241053,223298
1766854737.4875185,241469,223411
1766854737.497516,240998,223272
1766854737.5075204,240998,223272
1766854737.5175276,240998,223272
1766854737.5275233,241269,223355
1766854737.5375235,241074,223319
1766854737.5475252,241074,223319
1766854737.5575228,241074,223319
1766854737.567522,241235,223336
1766854737.5775218,241199,223369
1766854737.5875206,241199,223369
1766854737.5975213,241199,223369
1766854737.607538,241320,223377
1766854737.6175394,241291,223398
1766854737.6275663,241291,223398
1766854737.637572,241291,223398
1766854737.6475363,241398,223404
1766854737.6575475,241338,223413
1766854737.66758,241338,223413
1766854737.6775546,241338,223413
1766854737.6882527,241458,223426
1766854737.6982436,241342,223423
1766854737.7076705,241342,223423
1766854737.7178137,241342,223423
1766854737.72754,241494,223448
1766854737.737536,241344,223415
1766854737.7475457,241344,223415
1766854737.757523,241344,223415
1766854737.7675207,241493,223433
1766854737.7775228,241384,223431
1766854737.7875192,241384,223431
1766854737.7975183,241384,223431
1766854737.8075254,241491,223442
1766854737.8175323,241418,223443
1766854737.8275278,241418,223443
1766854737.837526,241418,223443
1766854737.8475552,241509,223446
1766854737.857536,241466,223457
1766854737.86756,241466,223457
1766854737.8775437,241466,223457
1766854737.8875341,241541,223448
1766854737.8975315,241514,223470
1766854737.9075274,241514,223470
1766854737.9175348,241514,223470
1766854737.9275303,241566,223456
1766854737.9375503,241529,223472
1766854737.947537,241529,223472
1766854737.9575326,241529,223472
1766854737.9675295,241597,223472
1766854737.977526,241569,223484
1766854737.9876153,241569,223484
1766854737.997529,241569,223484
1766854738.0075307,241614,223475
1766854738.017538,241613,223504
1766854738.0275433,241613,223504
1766854738.0375514,241613,223504
1766854738.0475478,241647,223487
1766854738.0575514,241557,223480
1766854738.067643,241557,223480
1766854738.0831816,241649,223485
1766854738.089527,241347,223404
1766854738.09754,241347,223404
1766854738.1075487,241347,223404
1766854738.1175263,241347,223404
1766854738.127522,241428,223397
1766854738.1375213,241271,223343
1766854738.1475632,241271,223343
1766854738.1575274,241271,223343
1766854738.167523,241208,223318
1766854738.1775174,241199,223347
1766854738.1875176,241199,223347
1766854738.1975257,241199,223347
1766854738.2075276,241173,223313
1766854738.2175488,241238,223349
1766854738.2275393,241238,223349
1766854738.2375257,241238,223349
1766854738.247526,241247,223338
1766854738.257526,241225,223413
1766854738.2675252,241225,223413
1766854738.277546,241225,223413
1766854738.287522,241347,223372
1766854738.2975233,241379,223501
1766854738.3075252,241379,223501
1766854738.3175285,241379,223501
1766854738.3275447,241418,223391
1766854738.338029,241456,223503
1766854738.3475494,241456,223503
1766854738.358755,241456,223503
1766854738.3675377,241421,223401
1766854738.377544,241346,223436
1766854738.3875344,241346,223436
1766854738.3975267,241346,223436
1766854738.407608,241439,223409
1766854738.4175391,241450,223375
1766854738.427535,241450,223375
1766854738.4375255,241450,223375
1766854738.4475226,241450,223413
1766854738.4575217,241494,223365
1766854738.4675193,241494,223365
1766854738.477519,241494,223365
1766854738.4875264,241493,223416
1766854738.497547,241533,223451
1766854738.507625,241533,223451
1766854738.5175335,241533,223451
1766854738.5275304,241574,223421
1766854738.5375266,241591,223486
1766854738.5475507,241591,223486
1766854738.5617428,241590,223446
1766854738.567535,241601,223492
1766854738.5775442,241601,223492
1766854738.5875378,241601,223492
1766854738.5975242,241601,223492
1766854738.607531,241451,223448
1766854738.617559,241631,223488
1766854738.6275244,241631,223488
1766854738.6375897,241631,223488
1766854738.6475282,241504,223475
1766854738.6584811,241644,223481
1766854738.6675508,241644,223481
1766854738.6782503,241644,223481
1766854738.687537,241648,223490
1766854738.6975412,241648,223490
1766854738.7075434,241648,223490
1766854738.7175245,241648,223490
1766854738.7275198,241616,223463
1766854738.737526,241469,223411
1766854738.7475185,241469,223411
1766854738.757536,241469,223411
1766854738.7675178,241394,223325
1766854738.7775204,241269,223355
1766854738.787521,241269,223355
1766854738.797531,241269,223355
1766854738.807529,241235,223336
1766854738.817531,241235,223336
1766854738.8275664,241235,223336
1766854738.8375342,241235,223218
1766854738.8503468,241320,223377
1766854738.8577716,241320,223377
1766854738.8675392,241320,223377
1766854738.8775518,241178,223294
1766854738.8875606,241398,223404
1766854738.8975399,241398,223404
1766854738.9075377,241398,223404
1766854738.917523,241269,223322
1766854738.9275467,241458,223426
1766854738.9382815,241458,223426
1766854738.9475596,241458,223426
1766854738.9579766,241357,223358
1766854738.967638,241494,223448
1766854738.9777079,241494,223448
1766854738.9875424,241494,223448
1766854738.9975414,241400,223375
1766854739.0075278,241493,223433
1766854739.0175223,241493,223433
1766854739.0275328,241493,223433
1766854739.0375273,241421,223365
1766854739.0475245,241491,223442
1766854739.057523,241491,223442
1766854739.0675213,241491,223442
1766854739.0775208,241401,223378
1766854739.087533,241509,223446
1766854739.0975502,241509,223446
1766854739.1075256,241509,223446
1766854739.1175299,241417,223384
1766854739.1275332,241541,223448
1766854739.1375349,241541,223448
1766854739.1490867,241541,223448
1766854739.1575305,241464,223379
1766854739.167527,241566,223456
1766854739.1775277,241566,223456
1766854739.187528,241566,223456
1766854739.1975281,241506,223396
1766854739.207546,241597,223472
1766854739.217532,241597,223472
1766854739.2275457,241597,223472
1766854739.2375305,241533,223404
1766854739.2475395,241614,223475
1766854739.2583466,241614,223475
1766854739.2689946,241614,223475
1766854739.2775488,241555,223412
1766854739.287546,241647,223487
1766854739.2975492,241647,223487
1766854739.3075438,241647,223487
1766854739.3175402,241592,223425
1766854739.3275435,241649,223485
1766854739.3404,241649,223485
1766854739.347524,241649,223485
1766854739.3575313,241582,223423
1766854739.3675287,241428,223397
1766854739.3775158,241428,223397
1766854739.387517,241428,223397
1766854739.3975525,241361,223327
1766854739.4075239,241208,223318
1766854739.4175253,241208,223318
1766854739.4275482,241208,223318
1766854739.437537,241109,223245
1766854739.4475265,241173,223313
1766854739.457526,241173,223313
1766854739.4675224,241173,223313
1766854739.477524,241059,223223
1766854739.4875236,241247,223338
1766854739.4975276,241247,223338
1766854739.5075235,241247,223338
1766854739.5175335,241135,223258
1766854739.527525,241347,223372
1766854739.5375264,241347,223372
1766854739.5475285,241347,223372
1766854739.5575294,241237,223293
1766854739.567524,241418,223391
1766854739.5775542,241418,223391
1766854739.5875323,241418,223391
1766854739.5975306,241321,223324
1766854739.6075273,241421,223401
1766854739.61753,241421,223401
1766854739.627529,241421,223401
1766854739.6375299,241363,223329
1766854739.6475341,241439,223409
1766854739.6575484,241439,223409
1766854739.6676784,241439,223409
1766854739.6775641,241370,223336
1766854739.6876001,241450,223413
1766854739.6975806,241450,223413
1766854739.7075577,241450,223413
1766854739.717535,241372,223341
1766854739.7275233,241493,223416
1766854739.737521,241493,223416
1766854739.747777,241493,223416
1766854739.7579834,241398,223343
1766854739.7675343,241574,223421
1766854739.7785614,241574,223421
1766854739.787536,241574,223421
1766854739.7975419,241428,223360
1766854739.8096533,241590,223446
1766854739.8175478,241590,223446
1766854739.8275387,241590,223446
1766854739.8375266,241487,223379
1766854739.8475184,241451,223448
1766854739.8575158,241451,223448
1766854739.8675356,241451,223448
1766854739.8775187,241520,223392
1766854739.8875244,241504,223475
1766854739.8975172,241504,223475
1766854739.9075186,241504,223475
1766854739.917516,241560,223392
1766854739.9275239,241624,223446
1766854739.9375525,241624,223446
1766854739.9475355,241624,223446
1766854739.9575267,241569,223406
1766854739.9675233,241616,223463
1766854739.9775236,241616,223463
1766854739.9875264,241616,223463
1766854739.9975295,241588,223410
1766854740.0075269,241394,223325
1766854740.0175304,241394,223325
1766854740.0275266,241394,223325
1766854740.0375261,241431,223355
1766854740.0475252,241139,223180
1766854740.0575583,241139,223180
1766854740.0675504,241139,223180
1766854740.077542,241218,223268
1766854740.0885134,241115,223218
1766854740.0975397,241115,223218
1766854740.1075385,241115,223218
1766854740.1175284,241159,223250
1766854740.1275227,241178,223294
1766854740.1375227,241178,223294
1766854740.1475468,241178,223294
1766854740.1575315,241286,223279
1766854740.1675239,241269,223322
1766854740.1775212,241269,223322
1766854740.1875238,241269,223322
1766854740.1975229,241237,223304
1766854740.207537,241357,223358
1766854740.2175481,241357,223358
1766854740.2275252,241357,223358
1766854740.2375257,241211,223324
1766854740.2475252,241400,223375
1766854740.2584794,241400,223375
1766854740.2675433,241400,223375
1766854740.277532,241324,223347
1766854740.2875483,241421,223365
1766854740.2975252,241421,223365
1766854740.3075197,241421,223365
1766854740.3175287,241413,223448
1766854740.3275342,241401,223378
1766854740.3375413,241401,223378
1766854740.3475277,241401,223378
1766854740.3575253,241419,223345
1766854740.3675227,241417,223384
1766854740.377527,241417,223384
1766854740.3875237,241417,223384
1766854740.3975246,241417,223384
1766854740.4075227,241464,223379
1766854740.417522,241464,223379
1766854740.4275227,241464,223379
1766854740.437604,241506,223396
1766854740.4475572,241506,223396
1766854740.45754,241506,223396
1766854740.4675343,241506,223376
1766854740.4775324,241533,223404
1766854740.4875274,241533,223404
1766854740.4975324,241533,223404
1766854740.507539,241581,223390
1766854740.5175745,241555,223412
1766854740.5275335,241555,223412
1766854740.537523,241555,223412
1766854740.5475237,241598,223399
1766854740.5575254,241592,223425
1766854740.568323,241592,223425
1766854740.584337,241592,223425
1766854740.5875306,241628,223402
1766854740.5975525,241582,223423
1766854740.6075342,241582,223423
1766854740.6175241,241582,223423
1766854740.6275249,241656,223418
1766854740.6375349,241361,223327
1766854740.6475198,241361,223327
1766854740.6575568,241361,223327
1766854740.6675487,241562,223381
1766854740.67754,241109,223245
1766854740.6875472,241109,223245
1766854740.6975389,241109,223245
1766854740.7078216,241348,223296
1766854740.7175386,241059,223223
1766854740.7275305,241059,223223
1766854740.7375228,241059,223223
1766854740.7475476,241239,223273
1766854740.7575586,241135,223258
1766854740.7675326,241135,223258
1766854740.7775412,241135,223258
1766854740.7876494,241287,223290
1766854740.7975318,241237,223293
1766854740.8075438,241237,223293
1766854740.8175273,241237,223293
1766854740.8275223,241371,223313
1766854740.8375533,241321,223324
1766854740.8475327,241321,223324
1766854740.857529,241321,223324
1766854740.8675222,241445,223333
1766854740.8775373,241363,223329
1766854740.8875246,241363,223329
1766854740.8975508,241363,223329
1766854740.9075441,241484,223348
1766854740.917544,241370,223336
1766854740.927523,241370,223336
1766854740.9375215,241370,223336
1766854740.947632,241477,223348
1766854740.957991,241372,223341
1766854740.9675434,241372,223341
1766854740.9775422,241372,223341
1766854740.987575,241476,223343
1766854740.9976192,241398,223343
1766854741.00768,241398,223343
1766854741.0175517,241398,223343
1766854741.0275433,241487,223357
1766854741.037544,241428,223360
1766854741.0475507,241428,223360
1766854741.0575294,241428,223360
1766854741.0675242,241539,223359
1766854741.077546,241487,223379
1766854741.0875287,241487,223379
1766854741.0975335,241487,223379
1766854741.1075327,241541,223366
1766854741.1175292,241520,223392
1766854741.1280665,241520,223392
1766854741.1375272,241520,223392
1766854741.1475315,241567,223373
1766854741.1575267,241560,223392
1766854741.16751,241560,223392
1766854741.1775064,241560,223392
1766854741.187507,241605,223384
1766854741.1975062,241569,223406
1766854741.2075143,241569,223406
1766854741.2175167,241569,223406
1766854741.227511,241633,223380
1766854741.2375226,241588,223410
1766854741.2475061,241588,223410
1766854741.2575173,241588,223410
1766854741.2675133,241650,223397
1766854741.2775292,241431,223355
1766854741.287509,241431,223355
1766854741.2975254,241431,223355
1766854741.3075228,241508,223332
1766854741.317508,241218,223268
1766854741.327505,241218,223268
1766854741.3375041,241218,223268
1766854741.3475032,241280,223252
1766854741.3575058,241159,223250
1766854741.3675053,241159,223250
1766854741.377507,241159,223250
1766854741.387505,241180,223227
1766854741.3975046,241286,223279
1766854741.407506,241286,223279
1766854741.4175048,241286,223279
1766854741.4275048,241222,223244
1766854741.4375038,241237,223304
1766854741.447526,241237,223304
1766854741.457529,241237,223304
1766854741.4675112,241298,223271
1766854741.477537,241211,223324
1766854741.488224,241211,223324
1766854741.497518,241211,223324
1766854741.5075321,241372,223297
1766854741.5175269,241324,223347
1766854741.528126,241324,223347
1766854741.53754,241324,223347
1766854741.5475254,241421,223324
1766854741.5575066,241413,223448
1766854741.5675027,241413,223448
1766854741.5775054,241413,223448
1766854741.5875084,241410,223322
1766854741.5975049,241419,223345
1766854741.6075108,241419,223345
1766854741.6175096,241419,223345
1766854741.6275058,241410,223313
1766854741.6375043,241417,223384
1766854741.6475043,241417,223384
1766854741.6575458,241417,223384
1766854741.6675317,241425,223312
1766854741.6775196,241510,223271
1766854741.6875072,241510,223271
1766854741.6975052,241510,223271
1766854741.707524,241465,223323
1766854741.7175088,241562,223376
1766854741.7275114,241562,223376
1766854741.7375228,241562,223376
1766854741.7476552,241590,223333
1766854741.7575197,241581,223390
1766854741.7675204,241581,223390
1766854741.7775218,241581,223390
1766854741.787509,241548,223344
1766854741.7975266,241598,223399
1766854741.8075154,241598,223399
1766854741.8175187,241598,223399
1766854741.827525,241461,223343
1766854741.837528,241628,223402
1766854741.8475227,241628,223402
1766854741.8575404,241628,223402
1766854741.8684316,241450,223340
1766854741.8775208,241656,223418
1766854741.887848,241656,223418
1766854741.8975232,241656,223418
1766854741.9075196,241565,223369
1766854741.9175096,241562,223381
1766854741.9275212,241562,223381
1766854741.937509,241562,223381
1766854741.9475372,241401,223386
1766854741.9575083,241348,223296
1766854741.9675057,241348,223296
1766854741.9775047,241348,223296
1766854741.987539,241156,223173
1766854741.997508,241239,223273
1766854742.0075095,241239,223273
1766854742.01752,241239,223273
1766854742.0275056,241287,223290
1766854742.0375059,241287,223290
1766854742.0475059,241287,223290
1766854742.0575066,241287,223290
1766854742.0675044,241371,223313
1766854742.077506,241371,223313
1766854742.0875316,241371,223313
1766854742.0975144,241238,223214
1766854742.1075208,241445,223333
1766854742.1175194,241445,223333
1766854742.1275208,241445,223333
1766854742.1375265,241316,223256
1766854742.1475105,241484,223348
1766854742.1575072,241484,223348
1766854742.1675048,241484,223348
1766854742.177514,241343,223257
1766854742.1875093,241477,223348
1766854742.197506,241477,223348
1766854742.2075152,241477,223348
1766854742.2175174,241349,223270
1766854742.2275188,241476,223343
1766854742.2375202,241476,223343
1766854742.2487633,241476,223343
1766854742.257525,241343,223268
1766854742.2676003,241487,223357
1766854742.2775114,241487,223357
1766854742.2875078,241487,223357
1766854742.2975075,241372,223266
1766854742.3075128,241539,223359
1766854742.3175125,241539,223359
1766854742.3275268,241539,223359
1766854742.3375223,241400,223281
1766854742.3475075,241541,223366
1766854742.3575099,241541,223366
1766854742.3675077,241541,223366
1766854742.3775196,241457,223292
1766854742.3875532,241567,223373
1766854742.397533,241567,223373
1766854742.4075186,241567,223373
1766854742.4178777,241487,223302
1766854742.4275198,241605,223384
1766854742.4375224,241605,223384
1766854742.447506,241605,223384
1766854742.4575138,241506,223309
1766854742.4675052,241633,223380
1766854742.4775116,241633,223380
1766854742.4875066,241633,223380
1766854742.4975069,241530,223320
1766854742.5075052,241650,223397
1766854742.5175204,241650,223397
1766854742.5275233,241650,223397
1766854742.5375082,241535,223317
1766854742.5475214,241508,223332
1766854742.5575113,241508,223332
1766854742.5675068,241508,223332
1766854742.5775344,241336,223244
1766854742.587528,241280,223252
1766854742.5975673,241280,223252
1766854742.6076515,241280,223252
1766854742.6175232,241094,223151
1766854742.627519,241180,223227
1766854742.6375268,241180,223227
1766854742.6475325,241180,223227
1766854742.6575356,241015,223121
1766854742.6675038,241222,223244
1766854742.6775248,241222,223244
1766854742.68751,241222,223244
1766854742.697506,241068,223140
1766854742.7075133,241298,223271
1766854742.7175086,241298,223271
1766854742.7275085,241298,223271
1766854742.7374897,241168,223186
1766854742.7475061,241372,223297
1766854742.7575078,241372,223297
1766854742.7675047,241372,223297
1766854742.777505,241254,223222
1766854742.787511,241421,223324
1766854742.7976,241421,223324
1766854742.807511,241421,223324
1766854742.8175075,241312,223226
1766854742.827507,241410,223322
1766854742.837536,241410,223322
1766854742.8475382,241410,223322
1766854742.8575099,241318,223241
1766854742.8675208,241410,223313
1766854742.8787124,241410,223313
1766854742.8875117,241410,223313
1766854742.8975222,241336,223242
1766854742.9075246,241425,223312
1766854742.91751,241425,223312
1766854742.9275074,241425,223312
1766854742.937512,241362,223257
1766854742.9475074,241465,223323
1766854742.9575067,241465,223323
1766854742.967569,241465,223323
1766854742.9775276,241397,223261
1766854742.987523,241590,223333
1766854742.997516,241590,223333
1766854743.0086231,241590,223333
1766854743.017527,241439,223280
1766854743.0275404,241548,223344
1766854743.0375316,241548,223344
1766854743.0475612,241548,223344
1766854743.0575242,241487,223297
1766854743.0675104,241461,223343
1766854743.077506,241461,223343
1766854743.0875072,241461,223343
1766854743.0975053,241510,223293
1766854743.1075063,241450,223340
1766854743.117506,241450,223340
1766854743.1275053,241450,223340
1766854743.137524,241541,223308
1766854743.1475067,241565,223369
1766854743.1578717,241565,223369
1766854743.167507,241565,223369
1766854743.1775215,241558,223310
1766854743.1875067,241401,223386
1766854743.1975057,241401,223386
1766854743.2075095,241401,223386
1766854743.2175097,241400,223245
1766854743.227519,241156,223173
1766854743.2375245,241156,223173
1766854743.2475107,241156,223173
1766854743.2575052,241171,223160
1766854743.2675073,241104,223073
1766854743.2775044,241104,223073
1766854743.2875214,241104,223073
1766854743.297524,241086,223141
1766854743.3075216,241163,223113
1766854743.31751,241163,223113
1766854743.3275044,241163,223113
1766854743.3375072,241144,223174
1766854743.347525,241238,223214
1766854743.3575222,241238,223214
1766854743.367524,241238,223214
1766854743.3792317,241297,223199
1766854743.3875191,241316,223256
1766854743.3975406,241316,223256
1766854743.4075093,241316,223256
1766854743.417512,241280,223203
1766854743.427507,241343,223257
1766854743.4375129,241343,223257
1766854743.4475062,241343,223257
1766854743.4575064,241290,223247
1766854743.467505,241349,223270
1766854743.4775064,241349,223270
1766854743.4875054,241349,223270
1766854743.4975061,241201,223241
1766854743.5077853,241343,223268
1766854743.5175235,241343,223268
1766854743.5275068,241343,223268
1766854743.5375144,241333,223319
1766854743.5475106,241372,223266
1766854743.5575054,241372,223266
1766854743.5675116,241372,223266
1766854743.5775056,241396,223340
1766854743.5875041,241400,223281
1766854743.5975266,241400,223281
1766854743.6075068,241400,223281
1766854743.617526,241440,223226
1766854743.6275272,241457,223292
1766854743.6375074,241457,223292
1766854743.6475222,241457,223292
1766854743.6575425,241487,223302
1766854743.6675143,241487,223302
1766854743.6775248,241487,223302
1766854743.68751,241487,223225
1766854743.6975095,241506,223309
1766854743.7075038,241506,223309
1766854743.7175243,241506,223309
1766854743.727512,241543,223273
1766854743.7375238,241530,223320
1766854743.7475088,241530,223320
1766854743.7575212,241530,223320
1766854743.7675192,241576,223296
1766854743.778027,241535,223317
1766854743.7875237,241535,223317
1766854743.7975261,241535,223317
1766854743.8075287,241579,223298
1766854743.8175223,241336,223244
1766854743.827508,241336,223244
1766854743.8375099,241336,223244
1766854743.847508,241468,223240
1766854743.8575072,241094,223151
1766854743.8675086,241094,223151
1766854743.877508,241094,223151
1766854743.8875062,241253,223181
1766854743.8975205,241015,223121
1766854743.9075289,241015,223121
1766854743.9175332,241015,223121
1766854743.927517,241168,223142
1766854743.9375193,241068,223140
1766854743.9475193,241068,223140
1766854743.9575083,241068,223140
1766854743.9675074,241213,223172
1766854743.9775121,241168,223186
1766854743.9875164,241168,223186
1766854743.9975073,241168,223186
1766854744.0075083,241300,223209
1766854744.017507,241254,223222
1766854744.0275068,241254,223222
1766854744.0375059,241254,223222
1766854744.0475233,241365,223227
1766854744.057509,241312,223226
1766854744.0675132,241312,223226
1766854744.0775063,241312,223226
1766854744.0875032,241403,223228
1766854744.0975056,241318,223241
1766854744.1075168,241318,223241
1766854744.117512,241318,223241
1766854744.1275065,241407,223243
1766854744.1375055,241336,223242
1766854744.1475062,241336,223242
1766854744.1575315,241336,223242
1766854744.167527,241391,223234
1766854744.1775138,241362,223257
1766854744.1881485,241362,223257
1766854744.1975212,241362,223257
1766854744.2075331,241404,223231
1766854744.2175107,241397,223261
1766854744.2275229,241397,223261
1766854744.2375095,241397,223261
1766854744.2475133,241452,223254
1766854744.2575092,241439,223280
1766854744.267506,241439,223280
1766854744.2775102,241439,223280
1766854744.2875087,241471,223259
1766854744.297506,241487,223297
1766854744.3075068,241487,223297
1766854744.3175087,241487,223297
1766854744.3275251,241514,223276
1766854744.3375087,241510,223293
1766854744.3475542,241510,223293
1766854744.3575287,241510,223293
1766854744.36751,241515,223274
1766854744.377524,241541,223308
1766854744.3885815,241541,223308
1766854744.3975768,241541,223308
1766854744.4075115,241547,223280
1766854744.4175124,241558,223310
1766854744.4275079,241558,223310
1766854744.4375072,241558,223310
1766854744.447496,241556,223284
1766854744.4575086,241400,223245
1766854744.4675055,241400,223245
1766854744.4775193,241400,223245
1766854744.4875252,241411,223231
1766854744.4975293,241171,223160
1766854744.5075238,241171,223160
1766854744.5176494,241171,223160
1766854744.5275233,241190,223154
1766854744.5375082,241086,223141
1766854744.5475128,241086,223141
1766854744.559058,241086,223141
1766854744.5675194,241103,223116
1766854744.57752,241144,223174
1766854744.5875123,241144,223174
1766854744.5975065,241144,223174
1766854744.6075053,241154,223144
1766854744.6175132,241297,223199
1766854744.6275427,241297,223199
1766854744.6375215,241297,223199
1766854744.647534,241241,223173
1766854744.6575348,241280,223203
1766854744.6675284,241280,223203
1766854744.6775253,241280,223203
1766854744.6875052,241312,223201
1766854744.697507,241290,223247
1766854744.7075043,241290,223247
1766854744.717511,241290,223247
1766854744.7275116,241344,223209
1766854744.7375102,241201,223241
1766854744.747507,241201,223241
1766854744.7575047,241201,223241
1766854744.7675395,241334,223199
1766854744.7775197,241333,223319
1766854744.7875214,241333,223319
1766854744.7975662,241333,223319
1766854744.8075292,241326,223194
1766854744.817519,241396,223340
1766854744.8275054,241396,223340
1766854744.8375046,241396,223340
1766854744.8475072,241349,223206
1766854744.8575778,241440,223226
1766854744.8675077,241440,223226
1766854744.8775053,241440,223226
1766854744.8875043,241394,223220
1766854744.897513,241480,223162
1766854744.9079409,241480,223162
1766854744.9175286,241480,223162
1766854744.9275296,241447,223227
1766854744.9375248,241513,223225
1766854744.947526,241513,223225
1766854744.9576335,241513,223225
1766854744.9675076,241493,223227
1766854744.9775057,241543,223273
1766854744.987517,241543,223273
1766854744.9975135,241543,223273
1766854745.0075057,241524,223236
1766854745.017507,241576,223296
1766854745.027506,241576,223296
1766854745.037506,241576,223296
1766854745.0475059,241393,223239
1766854745.0575054,241579,223298
1766854745.0675046,241579,223298
1766854745.0775201,241579,223298
1766854745.0875087,241351,223243
1766854745.0975058,241468,223240
1766854745.1075258,241468,223240
1766854745.1175227,241468,223240
1766854745.12752,241226,223230
1766854745.1375153,241253,223181
1766854745.1475093,241253,223181
1766854745.1575055,241253,223181
1766854745.1675048,241064,223150
1766854745.1775098,241168,223142
1766854745.1875508,241168,223142
1766854745.1975083,241168,223142
1766854745.2075043,240995,223110
1766854745.2175055,241213,223172
1766854745.227505,241213,223172
1766854745.2375238,241213,223172
1766854745.2475078,241213,223172
1766854745.2575219,241300,223209
1766854745.2675066,241300,223209
1766854745.277506,241300,223209
1766854745.2875326,241365,223227
1766854745.297528,241365,223227
1766854745.3075151,241365,223227
1766854745.318816,241217,223120
1766854745.3275487,241403,223228
1766854745.3375163,241403,223228
1766854745.3475056,241403,223228
1766854745.3575056,241252,223159
1766854745.367509,241407,223243
1766854745.3775127,241407,223243
1766854745.3875067,241407,223243
1766854745.3975065,241260,223152
1766854745.4075038,241391,223234
1766854745.417504,241391,223234
1766854745.4275045,241391,223234
1766854745.4375043,241258,223177
1766854745.4475176,241404,223231
1766854745.45751,241404,223231
1766854745.4675062,241404,223231
1766854745.4775057,241289,223170
1766854745.487505,241452,223254
1766854745.497505,241452,223254
1766854745.507598,241452,223254
1766854745.5175102,241342,223178
1766854745.5275161,241471,223259
1766854745.5375245,241471,223259
1766854745.5475216,241471,223259
1766854745.5575101,241363,223190
1766854745.56825,241514,223276
1766854745.5776482,241514,223276
1766854745.5875576,241514,223276
1766854745.5976033,241388,223199
1766854745.6075494,241515,223274
1766854745.6175277,241515,223274
1766854745.6275277,241515,223274
1766854745.6375318,241408,223207
1766854745.6475534,241547,223280
1766854745.6575577,241547,223280
1766854745.6675272,241547,223280
1766854745.6775298,241434,223208
1766854745.6875093,241556,223284
1766854745.6994667,241556,223284
1766854745.7075396,241556,223284
1766854745.717576,241436,223204
1766854745.7275422,241411,223231
1766854745.7375455,241411,223231
1766854745.7475276,241411,223231
1766854745.757528,241242,223125
1766854745.7675312,241190,223154
1766854745.777506,241190,223154
1766854745.7875078,241190,223154
1766854745.7975044,240975,223029
1766854745.8075078,241103,223116
1766854745.8175056,241103,223116
1766854745.8275144,241103,223116
1766854745.8375156,240886,222997
1766854745.8475075,241154,223144
1766854745.8575044,241154,223144
1766854745.8675048,241154,223144
1766854745.8775032,240937,223021
1766854745.887504,241241,223173
1766854745.8975053,241241,223173
1766854745.9075034,241241,223173
1766854745.917505,241040,223059
1766854745.9275317,241312,223201
1766854745.9375162,241312,223201
1766854745.9475505,241312,223201
1766854745.9575186,241129,223097
1766854745.9675186,241344,223209
1766854745.9775114,241344,223209
1766854745.9875066,241344,223209
1766854745.9975111,241174,223106
1766854746.0075336,241334,223199
1766854746.0175276,241334,223199
1766854746.027522,241334,223199
1766854746.037542,241193,223110
1766854746.0475316,241326,223194
1766854746.0593529,241326,223194
1766854746.067544,241326,223194
1766854746.0775464,241198,223116
1766854746.0875459,241349,223206
1766854746.097524,241349,223206
1766854746.10752,241349,223206
1766854746.117526,241243,223120
1766854746.127594,241394,223220
1766854746.1375186,241394,223220
1766854746.1475222,241394,223220
1766854746.1575196,241283,223146
1766854746.16752,241447,223227
1766854746.1775358,241447,223227
1766854746.189513,241447,223227
1766854746.1979012,241321,223152
1766854746.2092173,241493,223227
1766854746.2175467,241493,223227
1766854746.227618,241493,223227
1766854746.237533,241343,223159
1766854746.2475212,241524,223236
1766854746.2575214,241524,223236
1766854746.2675142,241524,223236
1766854746.277515,241375,223173
1766854746.2875152,241393,223239
1766854746.2975173,241393,223239
1766854746.3075166,241393,223239
1766854746.31752,241408,223177
1766854746.3275325,241351,223243
1766854746.3375309,241351,223243
1766854746.3475604,241351,223243
1766854746.3575315,241430,223187
1766854746.3675497,241226,223230
1766854746.3775063,241226,223230
1766854746.387525,241226,223230
1766854746.3975236,241291,223129
1766854746.4075274,241064,223150
1766854746.4175253,241064,223150
1766854746.427526,241064,223150
1766854746.4375305,241019,223026
1766854746.4475303,240995,223110
1766854746.457556,240995,223110
1766854746.4675317,240995,223110
1766854746.4775243,240894,222984
1766854746.4875383,241213,223172
1766854746.497526,241213,223172
1766854746.5075288,241213,223172
1766854746.5175273,240932,223007
1766854746.5275533,241135,223008
1766854746.5375588,241135,223008
1766854746.5475404,241135,223008
1766854746.564234,241045,223042
1766854746.5675454,241217,223120
1766854746.5775409,241217,223120
1766854746.58753,241217,223120
1766854746.5975485,241193,223075
1766854746.6075444,241252,223159
1766854746.6175392,241252,223159
1766854746.6275346,241252,223159
1766854746.6375415,241224,223091
1766854746.6475232,241260,223152
1766854746.6630332,241260,223152
1766854746.667568,241260,223152
1766854746.6775575,241144,223092
1766854746.6875532,241258,223177
1766854746.6975493,241258,223177
1766854746.7077324,241258,223177
1766854746.7175348,241080,223123
1766854746.7275288,241289,223170
1766854746.7375119,241289,223170
1766854746.7475066,241289,223170
1766854746.757519,241129,223145
1766854746.7675087,241342,223178
1766854746.7775152,241342,223178
1766854746.7875423,241342,223178
1766854746.7975194,241247,223187
1766854746.8075247,241363,223190
1766854746.8175232,241363,223190
1766854746.8275235,241363,223190
1766854746.8375092,241308,223138
1766854746.8474789,241388,223199
1766854746.8575132,241388,223199
1766854746.8675056,241388,223199
1766854746.877514,241388,223199
1766854746.8875225,241408,223207
1766854746.8975112,241408,223207
1766854746.9075193,241408,223207
1766854746.9175057,241434,223208
1766854746.9275079,241434,223208
1766854746.9375215,241434,223208
1766854746.9475086,241393,223130
1766854746.9575093,241436,223204
1766854746.9675055,241436,223204
1766854746.977505,241436,223204
1766854746.987506,241432,223161
1766854746.9975214,241242,223125
1766854747.0075264,241242,223125
1766854747.0177546,241242,223125
1766854747.0275185,241395,223153
1766854747.037516,240975,223029
1766854747.0475056,240975,223029
1766854747.0575109,240975,223029
1766854747.0675058,241201,223088
1766854747.0775075,240886,222997
1766854747.087505,240886,222997
1766854747.0975037,240886,222997
1766854747.1075048,241039,223023
1766854747.117505,240937,223021
1766854747.1275053,240937,223021
1766854747.1375208,240937,223021
1766854747.1475413,241021,223029
1766854747.1575212,241040,223059
1766854747.1675305,241040,223059
1766854747.177507,241040,223059
1766854747.1875052,241087,223057
1766854747.1975117,241129,223097
1766854747.207507,241129,223097
1766854747.2175078,241129,223097
1766854747.2275057,241182,223083
1766854747.2375119,241174,223106
1766854747.2475154,241174,223106
1766854747.257508,241174,223106
1766854747.2675138,241268,223105
1766854747.277507,241193,223110
1766854747.2875123,241193,223110
1766854747.2975903,241193,223110
1766854747.3075504,241292,223120
1766854747.3175628,241198,223116
1766854747.3275235,241198,223116
1766854747.337524,241198,223116
1766854747.3475046,241293,223120
1766854747.3575196,241243,223120
1766854747.3675046,241243,223120
1766854747.3775098,241243,223120
1766854747.3875198,241305,223122
1766854747.3975127,241283,223146
1766854747.4075058,241283,223146
1766854747.417508,241283,223146
1766854747.4275212,241324,223124
1766854747.4375498,241321,223152
1766854747.4475083,241321,223152
1766854747.4575055,241321,223152
1766854747.4675047,241363,223146
1766854747.4775045,241343,223159
1766854747.4875047,241343,223159
1766854747.4975095,241343,223159
1766854747.5075057,241403,223151
1766854747.5175045,241375,223173
1766854747.5275166,241375,223173
1766854747.5375717,241375,223173
1766854747.547564,241435,223156
1766854747.5591404,241408,223177
1766854747.5675209,241408,223177
1766854747.577528,241408,223177
1766854747.5875063,241435,223157
1766854747.5975034,241430,223187
1766854747.6075768,241430,223187
1766854747.6175175,241430,223187
1766854747.6275067,241479,223179
1766854747.637515,241291,223129
1766854747.6475058,241291,223129
1766854747.6575282,241291,223129
1766854747.6675265,241477,223170
1766854747.6775215,241019,223026
1766854747.6875114,241019,223026
1766854747.697511,241019,223026
1766854747.7075062,241288,223103
1766854747.7175074,240894,222984
1766854747.7275257,240894,222984
1766854747.737525,240894,222984
1766854747.7475078,241061,223019
1766854747.7575064,240932,223007
1766854747.767522,240932,223007
1766854747.7775168,240932,223007
1766854747.7875223,240991,222989
1766854747.797542,241045,223042
1766854747.807522,241045,223042
1766854747.817512,241045,223042
1766854747.8275263,241035,223010
1766854747.837512,241193,223075
1766854747.8475068,241193,223075
1766854747.8575232,241193,223075
1766854747.8675365,241099,223034
1766854747.877525,241224,223091
1766854747.8875303,241224,223091
1766854747.8975883,241224,223091
1766854747.907531,241177,223055
1766854747.9175286,241144,223092
1766854747.9282973,241144,223092
1766854747.9375317,241144,223092
1766854747.9475284,241204,223080
1766854747.9575078,241080,223123
1766854747.967503,241080,223123
1766854747.9775064,241080,223123
1766854747.9875124,241195,223069
1766854747.9975073,241129,223145
1766854748.0075238,241129,223145
1766854748.0175087,241129,223145
1766854748.027522,241185,223069
1766854748.0375073,241247,223187
1766854748.0475056,241247,223187
1766854748.0575042,241247,223187
1766854748.0675368,241201,223066
1766854748.0775278,241308,223138
1766854748.0875075,241308,223138
1766854748.097504,241308,223138
1766854748.1075068,241231,223084
1766854748.117504,241388,223199
1766854748.1275048,241388,223199
1766854748.137504,241388,223199
1766854748.147522,241278,223095
1766854748.1575062,241366,223057
1766854748.1675074,241366,223057
1766854748.1775045,241366,223057
1766854748.1875045,241297,223107
1766854748.1975043,241393,223130
1766854748.2075138,241393,223130
1766854748.217507,241393,223130
1766854748.2279503,241353,223105
1766854748.2375493,241432,223161
1766854748.247531,241432,223161
1766854748.2575078,241432,223161
1766854748.2675223,241356,223116
1766854748.2775161,241395,223153
1766854748.28752,241395,223153
1766854748.2975345,241395,223153
1766854748.3075216,241304,223131
1766854748.317539,241201,223088
1766854748.3275254,241201,223088
1766854748.3375084,241201,223088
1766854748.3475041,241041,223064
1766854748.3575118,241039,223023
1766854748.3675072,241039,223023
1766854748.3775065,241039,223023
1766854748.3875048,240829,222968
1766854748.3975055,241021,223029
1766854748.4075058,241021,223029
1766854748.4175074,241021,223029
1766854748.4275146,240802,222988
1766854748.4375236,241087,223057
1766854748.4475105,241087,223057
1766854748.4575057,241087,223057
1766854748.4675047,240865,222948
1766854748.477509,241182,223083
1766854748.4875069,241182,223083
1766854748.4975076,241182,223083
1766854748.5075052,241182,223083
1766854748.5175085,241268,223105
1766854748.5275457,241268,223105
1766854748.5375297,241268,223105
1766854748.5475237,241292,223120
1766854748.5575314,241292,223120
1766854748.5675223,241292,223120
1766854748.5775213,241085,222994
1766854748.5875118,241293,223120
1766854748.5975192,241293,223120
1766854748.607523,241293,223120
1766854748.617515,241108,223021
1766854748.6275082,241305,223122
1766854748.637508,241305,223122
1766854748.6475058,241305,223122
1766854748.6575396,241114,223015
1766854748.6675367,241324,223124
1766854748.6775513,241324,223124
1766854748.687539,241324,223124
1766854748.6975248,241131,223027
1766854748.707529,241363,223146
1766854748.7175083,241363,223146
1766854748.7275066,241363,223146
1766854748.7375073,241170,223037
1766854748.7475111,241403,223151
1766854748.7575064,241403,223151
1766854748.7675054,241403,223151
1766854748.7775047,241227,223053
1766854748.7875056,241435,223156
1766854748.7975066,241435,223156
1766854748.8075063,241435,223156
1766854748.8175187,241253,223066
1766854748.8275259,241435,223157
1766854748.8375132,241435,223157
1766854748.8475087,241435,223157
1766854748.8575063,241271,223071
1766854748.8675063,241479,223179
1766854748.8775032,241479,223179
1766854748.8875284,241479,223179
1766854748.8975132,241308,223072
1766854748.9075062,241477,223170
1766854748.9175112,241477,223170
1766854748.9279156,241477,223170
1766854748.937519,241346,223079
1766854748.9475243,241288,223103
1766854748.957507,241288,223103
1766854748.9675045,241288,223103
1766854748.9775035,241238,223051
1766854748.9875126,241061,223019
1766854748.9975278,241061,223019
1766854749.007507,241061,223019
1766854749.0175056,240941,222917
1766854749.027506,240991,222989
1766854749.0375235,240991,222989
1766854749.0475056,240991,222989
1766854749.0575294,240750,222860
1766854749.0675209,241035,223010
1766854749.0782206,241035,223010
1766854749.087515,241035,223010
1766854749.097525,240757,222870
1766854749.107518,241099,223034
1766854749.1175184,241099,223034
1766854749.1275127,241099,223034
1766854749.137511,240863,222895
1766854749.147596,241177,223055
1766854749.1575072,241177,223055
1766854749.167506,241177,223055
1766854749.177506,240958,222941
1766854749.1875045,241204,223080
1766854749.197506,241204,223080
1766854749.2075136,241204,223080
1766854749.2175112,241027,222959
1766854749.2275262,241195,223069
1766854749.2375114,241195,223069
1766854749.2475076,241195,223069
1766854749.257514,241048,222968
1766854749.2675087,241185,223069
1766854749.2775073,241185,223069
1766854749.2875078,241185,223069
1766854749.297539,241060,222962
1766854749.307511,241201,223066
1766854749.3175175,241201,223066
1766854749.3275137,241201,223066
1766854749.3375447,241069,222974
1766854749.347531,241231,223084
1766854749.3575127,241231,223084
1766854749.3675103,241231,223084
1766854749.3774896,241115,222993
1766854749.3875132,241278,223095
1766854749.3975081,241278,223095
1766854749.4075058,241278,223095
1766854749.417523,241161,223003
1766854749.427509,241297,223107
1766854749.437504,241297,223107
1766854749.4475071,241297,223107
1766854749.4575055,241208,223021
1766854749.4675236,241353,223105
1766854749.477509,241353,223105
1766854749.4875052,241353,223105
1766854749.4974873,241224,223020
1766854749.507507,241356,223116
1766854749.5175068,241356,223116
1766854749.5275087,241356,223116
1766854749.5375059,241258,223023
1766854749.5475118,241304,223131
1766854749.5575285,241304,223131
1766854749.5675118,241304,223131
1766854749.5775065,241289,223027
1766854749.58753,241041,223064
1766854749.5975063,241041,223064
1766854749.6075096,241041,223064
1766854749.617529,241284,223041
1766854749.627519,240829,222968
1766854749.6375566,240829,222968
1766854749.647525,240829,222968
1766854749.6575344,241050,222937
1766854749.6675303,240802,222988
1766854749.6775246,240802,222988
1766854749.6875103,240802,222988
1766854749.697505,240783,222853
1766854749.7075064,240865,222948
1766854749.7175064,240865,222948
1766854749.7275143,240865,222948
1766854749.7375083,240729,222823
1766854749.7475069,241182,223083
1766854749.7575054,241182,223083
1766854749.767505,241182,223083
1766854749.7775128,240786,222851
1766854749.787517,241056,222901
1766854749.7975218,241056,222901
1766854749.8075411,241056,222901
1766854749.8175092,240884,222888
1766854749.8275056,241085,222994
1766854749.8375034,241085,222994
1766854749.8475041,241085,222994
1766854749.8575046,241028,222915
1766854749.8675077,241108,223021
1766854749.8775058,241108,223021
1766854749.8875113,241108,223021
1766854749.8975065,241111,222939
1766854749.907504,241114,223015
1766854749.917504,241114,223015
1766854749.9275205,241114,223015
1766854749.9375072,240992,222933
1766854749.9475114,241131,223027
1766854749.9575155,241131,223027
1766854749.9675198,241131,223027
1766854749.977522,240914,222940
1766854749.987524,241170,223037
1766854749.9975376,241170,223037
1766854750.0075216,241170,223037
1766854750.0192733,240982,222969
1766854750.0275207,241227,223053
1766854750.037518,241227,223053
1766854750.0475078,241227,223053
1766854750.057509,241131,223032
1766854750.0675051,241253,223066
1766854750.0775125,241253,223066
1766854750.0875065,241253,223066
1766854750.0975056,241192,223056
1766854750.107505,241271,223071
1766854750.1175044,241271,223071
1766854750.1275046,241271,223071
1766854750.1375053,241218,222975
1766854750.1475215,241308,223072
1766854750.1575089,241308,223072
1766854750.167504,241308,223072
1766854750.1775138,241346,223079
1766854750.187539,241346,223079
1766854750.1975372,241346,223079
1766854750.207546,241293,222993
1766854750.2175317,241238,223051
1766854750.2275872,241238,223051
1766854750.23753,241238,223051
1766854750.2475579,241334,223027
1766854750.2575295,240941,222917
1766854750.2675285,240941,222917
1766854750.2775266,240941,222917
1766854750.2875295,241210,222987
1766854750.2975278,240750,222860
1766854750.3075676,240750,222860
1766854750.3175392,240750,222860
1766854750.327529,240983,222906
1766854750.3394344,240757,222870
1766854750.3475342,240757,222870
1766854750.3575282,240757,222870
1766854750.3675313,240846,222858
1766854750.3775089,240863,222895
1766854750.3875306,240863,222895
1766854750.3975132,240863,222895
1766854750.4075165,240886,222874
1766854750.4175088,240958,222941
1766854750.4275067,240958,222941
1766854750.4375126,240958,222941
1766854750.4475074,240997,222913
1766854750.4575067,241027,222959
1766854750.4675035,241027,222959
1766854750.4775038,241027,222959
1766854750.4875038,241085,222942
1766854750.4975047,241048,222968
1766854750.5075076,241048,222968
1766854750.517504,241048,222968
1766854750.5275204,241137,222969
1766854750.5375066,241060,222962
1766854750.5475056,241060,222962
1766854750.5575042,241060,222962
1766854750.5675042,241141,222960
1766854750.577504,241069,222974
1766854750.5875041,241069,222974
1766854750.5975053,241069,222974
1766854750.6075306,241147,222967
1766854750.6175084,241115,222993
1766854750.627505,241115,222993
1766854750.6375268,241115,222993
1766854750.6475098,241154,222974
1766854750.657522,241161,223003
1766854750.667523,241161,223003
1766854750.677521,241161,223003
1766854750.6875057,241198,222972
1766854750.697519,241208,223021
1766854750.7075067,241208,223021
1766854750.717511,241208,223021
1766854750.7275114,241240,222994
1766854750.737527,241224,223020
1766854750.7475212,241224,223020
1766854750.757512,241224,223020
1766854750.7688951,241272,223005
1766854750.777514,241258,223023
1766854750.7875211,241258,223023
1766854750.7975266,241258,223023
1766854750.8075156,241298,223008
1766854750.8175201,241289,223027
1766854750.8275135,241289,223027
1766854750.8375075,241289,223027
1766854750.8475044,241315,223019
1766854750.8575106,241284,223041
1766854750.8675044,241284,223041
1766854750.8775048,241284,223041
1766854750.887506,241351,223023
1766854750.8975308,241050,222937
1766854750.9075148,241050,222937
1766854750.9175062,241050,222937
1766854750.9275076,241187,222961
1766854750.937506,240783,222853
1766854750.947524,240783,222853
1766854750.9575224,240783,222853
1766854750.9675074,240959,222887
1766854750.9775171,240729,222823
1766854750.98751,240729,222823
1766854750.9975233,240729,222823
1766854751.0075226,240873,222853
1766854751.0175133,240786,222851
1766854751.0275054,240786,222851
1766854751.0375047,240786,222851
1766854751.0475087,240932,222884
1766854751.0575087,240884,222888
1766854751.0675037,240884,222888
1766854751.077518,240884,222888
1766854751.087528,241038,222921
1766854751.0975294,241028,222915
1766854751.1075258,241028,222915
1766854751.1175256,241028,222915
1766854751.1293366,241114,222949
1766854751.1375337,241111,222939
1766854751.1475222,241111,222939
1766854751.1575196,241111,222939
1766854751.1675243,241162,222959
1766854751.1775062,240992,222933
1766854751.1875057,240992,222933
1766854751.197506,240992,222933
1766854751.2075188,241152,222956
1766854751.2175148,240914,222940
1766854751.2275066,240914,222940
1766854751.2375047,240914,222940
1766854751.247506,241157,222957
1766854751.2575066,240982,222969
1766854751.267511,240982,222969
1766854751.2775056,240982,222969
1766854751.2875147,241176,222952
1766854751.2975068,241131,223032
1766854751.3075047,241131,223032
1766854751.3175035,241131,223032
1766854751.3275054,241230,222965
1766854751.3375046,241192,223056
1766854751.3475032,241192,223056
1766854751.357505,241192,223056
1766854751.3675246,241244,222972
1766854751.3775134,241218,222975
1766854751.3875067,241218,222975
1766854751.3975039,241218,222975
1766854751.4075036,241268,222990
1766854751.4175053,241259,222879
1766854751.4275053,241259,222879
1766854751.4375036,241259,222879
1766854751.4475038,241297,222995
1766854751.457505,241293,222993
1766854751.4675047,241293,222993
1766854751.4775186,241293,222993
1766854751.487523,241348,222998
1766854751.4974992,241334,223027
1766854751.5075068,241334,223027
1766854751.5175061,241334,223027
1766854751.5275087,241365,222971
1766854751.5375063,241210,222987
1766854751.5475204,241210,222987
1766854751.557506,241210,222987
1766854751.5675056,241064,222896
1766854751.5775049,240983,222906
1766854751.5875075,240983,222906
1766854751.5975254,240983,222906
1766854751.6075194,240761,222808
1766854751.617522,240846,222858
1766854751.6305463,240846,222858
1766854751.6375148,240846,222858
1766854751.6475406,240748,222836
1766854751.6575272,240886,222874
1766854751.667525,240886,222874
1766854751.6775165,240886,222874
1766854751.6875288,240912,222925
1766854751.6976762,240997,222913
1766854751.7075381,240997,222913
1766854751.717522,240997,222913
1766854751.7275245,241024,222925
1766854751.737542,241085,222942
1766854751.7475376,241085,222942
1766854751.757558,241085,222942
1766854751.7675679,241085,222942
1766854751.7775426,241137,222969
1766854751.7875168,241137,222969
1766854751.7975283,241137,222969
1766854751.8075314,241141,222960
1766854751.81757,241141,222960
1766854751.8275373,241141,222960
1766854751.837518,241141,222871
1766854751.847526,241147,222967
1766854751.8590648,241147,222967
1766854751.867522,241147,222967
1766854751.8775296,241137,222910
1766854751.887514,241154,222974
1766854751.8975356,241154,222974
1766854751.9075162,241154,222974
1766854751.917519,241179,222925
1766854751.927531,241198,222972
1766854751.937545,241198,222972
1766854751.9475336,241198,222972
1766854751.957545,241232,222945
1766854751.9675186,241240,222994
1766854751.97754,241240,222994
1766854751.9875445,241240,222994
1766854751.9975255,241255,222950
1766854752.0075216,241272,223005
1766854752.0175288,241272,223005
1766854752.0275474,241272,223005
1766854752.0375345,241296,222965
1766854752.04754,241298,223008
1766854752.057523,241298,223008
1766854752.0675209,241298,223008
1766854752.0822644,241331,222979
1766854752.0875316,241315,223019
1766854752.0975473,241315,223019
1766854752.1075418,241315,223019
1766854752.1175225,241314,222965
1766854752.127526,241351,223023
1766854752.1375372,241351,223023
1766854752.1475222,241351,223023
1766854752.1575203,241104,222886
1766854752.1675453,241187,222961
1766854752.177517,241187,222961
1766854752.1875157,241187,222961
1766854752.1975176,240854,222789
1766854752.2075193,240959,222887
1766854752.2175264,240959,222887
1766854752.2275195,240959,222887
1766854752.2375221,240777,222748
1766854752.2475297,240873,222853
1766854752.2575693,240873,222853
1766854752.267548,240873,222853
1766854752.277529,240834,222788
1766854752.2875268,240932,222884
1766854752.297525,240932,222884
1766854752.307526,240932,222884
1766854752.3175228,240934,222815
1766854752.327523,241038,222921
1766854752.33753,241038,222921
1766854752.347568,241038,222921
1766854752.3575335,241000,222855
1766854752.3675318,241114,222949
1766854752.3775253,241114,222949
1766854752.3875258,241114,222949
1766854752.39753,241047,222856
1766854752.4075265,241162,222959
1766854752.4175265,241162,222959
1766854752.427524,241162,222959
1766854752.4375827,241052,222859
1766854752.4475284,241152,222956
1766854752.457547,241152,222956
1766854752.467528,241152,222956
1766854752.477529,241064,222871
1766854752.4875267,241157,222957
1766854752.4975226,241157,222957
1766854752.5075428,241157,222957
1766854752.5175285,241074,222871
1766854752.5275235,241176,222952
1766854752.5375233,241176,222952
1766854752.5475245,241176,222952
1766854752.5575287,241128,222888
1766854752.5675228,241230,222965
1766854752.5775268,241230,222965
1766854752.587566,241230,222965
1766854752.5975244,241164,222892
1766854752.607541,241244,222972
1766854752.6183274,241244,222972
1766854752.631011,241244,222972
1766854752.6377723,241173,222907
1766854752.6475353,241268,222990
1766854752.6575198,241268,222990
1766854752.6675208,241268,222990
1766854752.677519,241232,222923
1766854752.6875193,241297,222995
1766854752.6975257,241297,222995
1766854752.707518,241297,222995
1766854752.7175188,241273,222926
1766854752.7275171,241348,222998
1766854752.73752,241348,222998
1766854752.7475462,241348,222998
1766854752.7584658,241140,222875
1766854752.7677786,241365,222971
1766854752.7775495,241365,222971
1766854752.787556,241365,222971
1766854752.79923,240837,222756
1766854752.8075314,241064,222896
1766854752.8177729,241064,222896
1766854752.8275476,241064,222896
1766854752.8375297,240695,222691
1766854752.8475175,240761,222808
1766854752.8575299,240761,222808
1766854752.867519,240761,222808
1766854752.8775191,240703,222712
1766854752.88755,240748,222836
1766854752.897525,240748,222836
1766854752.9075184,240748,222836
1766854752.9175332,240805,222749
1766854752.9275439,240912,222925
1766854752.9375255,240912,222925
1766854752.9475253,240912,222925
1766854752.9575558,240930,222795
1766854752.9675272,241024,222925
1766854752.9775226,241024,222925
1766854752.9875224,241024,222925
1766854752.9975917,240985,222821
1766854753.0075517,241085,222942
1766854753.0175483,241085,222942
1766854753.0275457,241085,222942
1766854753.037547,240999,222811
1766854753.0475497,241115,222810
1766854753.057558,241115,222810
1766854753.067553,241115,222810
1766854753.0775378,241014,222829
1766854753.0875397,241122,222871
1766854753.0975537,241122,222871
1766854753.107524,241122,222871
1766854753.1175191,241036,222827
1766854753.1275241,241137,222910
1766854753.1375196,241137,222910
1766854753.1475146,241137,222910
1766854753.1575172,241138,222843
1766854753.167526,241179,222925
1766854753.1775246,241179,222925
1766854753.187517,241179,222925
1766854753.197518,241181,222864
1766854753.2075157,241232,222945
1766854753.2175248,241232,222945
1766854753.2275224,241232,222945
1766854753.2375166,241078,222888
1766854753.2475743,241255,222950
1766854753.257551,241255,222950
1766854753.2675233,241255,222950
1766854753.2775245,241056,222884
1766854753.2875664,241296,222965
1766854753.297541,241296,222965
1766854753.3075287,241296,222965
1766854753.3175275,241162,222922
1766854753.3275273,241331,222979
1766854753.3375516,241331,222979
1766854753.3475711,241331,222979
1766854753.3575554,241235,222950
1766854753.3675513,241314,222965
1766854753.3775346,241314,222965
1766854753.3875623,241314,222965
1766854753.3975246,241019,222816
1766854753.4075253,241104,222886
1766854753.417609,241104,222886
1766854753.4275532,241104,222886
1766854753.4375434,240854,222789
1766854753.447531,240854,222789
1766854753.4575274,240854,222789
1766854753.467522,240854,222789
1766854753.4775295,240777,222748
1766854753.4875338,240777,222748
1766854753.497548,240777,222748
1766854753.5100448,240742,222688
1766854753.51853,240834,222788
1766854753.5275517,240834,222788
1766854753.5375497,240834,222788
1766854753.5475347,240874,222767
1766854753.5575404,240934,222815
1766854753.56752,240934,222815
1766854753.5775266,240934,222815
1766854753.5875423,240983,222788
1766854753.597524,241000,222855
1766854753.607519,241000,222855
1766854753.6175156,241000,222855
1766854753.6275177,241023,222809
1766854753.6375396,241047,222856
1766854753.6475284,241047,222856
1766854753.6575494,241047,222856
1766854753.6675255,241030,222820
1766854753.6775231,241052,222859
1766854753.687523,241052,222859
1766854753.697523,241052,222859
1766854753.707527,241055,222819
1766854753.717523,241064,222871
1766854753.7275243,241064,222871
1766854753.737524,241064,222871
1766854753.7475266,241095,222847
1766854753.7575362,241074,222871
1766854753.7675598,241074,222871
1766854753.7775645,241074,222871
1766854753.7875443,241157,222858
1766854753.7975407,241128,222888
1766854753.8075318,241128,222888
1766854753.817908,241128,222888
1766854753.82755,241196,222875
1766854753.8380523,241164,222892
1766854753.8475692,241164,222892
1766854753.8575222,241164,222892
1766854753.867519,241225,222889
1766854753.877518,241173,222907
1766854753.887521,241173,222907
1766854753.8975234,241173,222907
1766854753.9075315,241271,222901
1766854753.9175186,241232,222923
1766854753.9275193,241232,222923
1766854753.9375207,241232,222923
1766854753.947523,241292,222912
1766854753.9575207,241273,222926
1766854753.967531,241273,222926
1766854753.9775298,241273,222926
1766854753.98758,241243,222885
1766854753.997564,241140,222875
1766854754.007558,241140,222875
1766854754.0203211,241140,222875
1766854754.0320923,241013,222789
1766854754.037557,240837,222756
1766854754.0475638,240837,222756
1766854754.0575356,240837,222756
1766854754.0675185,240849,222719
1766854754.0775144,240695,222691
1766854754.0875185,240695,222691
1766854754.097551,240695,222691
1766854754.107525,240834,222735
1766854754.117535,240703,222712
1766854754.1275384,240703,222712
1766854754.1375358,240703,222712
1766854754.1475182,240945,222770
1766854754.1575718,240805,222749
1766854754.167545,240805,222749
1766854754.177534,240805,222749
1766854754.1875305,241039,222800
1766854754.1975222,240930,222795
1766854754.2075274,240930,222795
1766854754.2175226,240930,222795
1766854754.227536,241101,222820
1766854754.237537,240985,222821
1766854754.2475617,240985,222821
1766854754.2576218,240985,222821
1766854754.267524,241117,222838
1766854754.2775245,240999,222811
1766854754.287523,240999,222811
1766854754.2975297,240999,222811
1766854754.30752,241123,222820
1766854754.3175192,241014,222829
1766854754.327518,241014,222829
1766854754.337543,241014,222829
1766854754.3475301,241128,222848
1766854754.3580236,241036,222827
1766854754.3675523,241036,222827
1766854754.3778296,241036,222827
1766854754.3875427,241170,222848
1766854754.397576,241138,222843
1766854754.4099872,241138,222843
1766854754.4175446,241138,222843
1766854754.4275417,241199,222880
1766854754.4375324,241181,222864
1766854754.4475257,241181,222864
1766854754.457526,241181,222864
1766854754.4675207,241226,222871
1766854754.4775174,241078,222888
1766854754.487516,241078,222888
1766854754.4975176,241078,222888
1766854754.5075166,241248,222857
1766854754.517515,241056,222884
1766854754.5275154,241056,222884
1766854754.537521,241056,222884
1766854754.547543,241259,222884
1766854754.5575206,241162,222922
1766854754.5675313,241162,222922
1766854754.5775297,241162,222922
1766854754.5875278,241256,222877
1766854754.5975263,241235,222950
1766854754.607576,241235,222950
1766854754.6175394,241235,222950
1766854754.627539,241011,222770
1766854754.6379797,241019,222816
1766854754.6475458,241019,222816
1766854754.657555,241019,222816
1766854754.6675243,240774,222681
1766854754.6775372,240728,222582
1766854754.6875484,240728,222582
1766854754.6975322,240728,222582
1766854754.7075226,240739,222666
1766854754.7175217,240677,222572
1766854754.7275376,240677,222572
1766854754.7375531,240677,222572
1766854754.747532,240844,222700
1766854754.7575235,240742,222688
1766854754.7675447,240742,222688
1766854754.777551,240742,222688
1766854754.7875574,240996,222754
1766854754.7975457,240874,222767
1766854754.807543,240874,222767
1766854754.817536,240874,222767
1766854754.8275359,241089,222773
1766854754.8375385,240983,222788
1766854754.84754,240983,222788
1766854754.8575485,240983,222788
1766854754.8675287,240957,222786
1766854754.877522,241023,222809
1766854754.8875241,241023,222809
1766854754.8975282,241023,222809
1766854754.907528,240921,222781
1766854754.9181767,241030,222820
1766854754.9276662,241030,222820
