timestamp,red,ir
1766327382.3195798,82321,82215
1766327382.3307664,123179,117365
1766327382.3418875,123156,117342
1766327382.352981,123130,117323
1766327382.3641396,123137,117329
1766327382.3752937,123146,117340
1766327382.386361,123173,117345
1766327382.3974426,123212,117357
1766327382.4085286,123248,117363
1766327382.419695,123283,117378
1766327382.4307988,123275,117371
1766327382.4418783,123294,117379
1766327382.452992,123313,117386
1766327382.4640353,123338,117404
1766327382.4750235,123346,117397
1766327382.4859807,123226,117324
1766327382.4969351,123013,117246
1766327382.5079985,122938,117202
1766327382.5189698,122942,117205
1766327382.5299275,122967,117200
1766327382.540886,123017,117226
1766327382.5518396,123043,117237
1766327382.5628266,123033,117238
1766327382.573791,123011,117235
1766327382.5847695,123025,117223
1766327382.5958765,123036,117238
1766327382.6068487,123060,117243
1766327382.6178567,123083,117255
1766327382.6288161,123106,117266
1766327382.6397705,123126,117273
1766327382.6507254,123128,117279
1766327382.6616757,123138,117281
1766327382.672642,123068,116928
1766327382.6835985,122902,116865
1766327382.6945498,122629,116751
1766327382.7055063,122567,116721
1766327382.7164721,122611,116766
1766327382.727425,122631,116752
1766327382.7383776,122670,116784
1766327382.7493293,122770,116776
1766327382.7603188,122771,116801
1766327382.7712853,122792,116811
1766327382.78224,122792,116800
1766327382.7931948,123294,117379
1766327382.8041618,122844,116820
1766327382.8151205,123313,117386
1766327382.8260736,123313,117386
1766327382.8370368,122866,116823
1766327382.8479893,123338,117404
1766327382.8589454,123338,117404
1766327382.8699038,123338,117404
1766327382.8808582,122951,116854
1766327382.89181,123346,117397
1766327382.9027627,123346,117397
1766327382.9137192,123346,117397
1766327382.924685,122939,116879
1766327382.9358308,123226,117324
1766327382.946898,123226,117324
1766327382.9579837,123018,116854
1766327382.968999,123013,117246
1766327382.979957,123013,117246
1766327382.990911,123013,117246
1766327383.0018644,123058,116902
1766327383.0128253,122938,117202
1766327383.0237947,122938,117202
1766327383.0347514,123051,116883
1766327383.045702,122942,117205
1766327383.0566545,122942,117205
1766327383.0676138,122942,117205
1766327383.078566,123061,116878
1766327383.0895212,122967,117200
1766327383.1004739,122967,117200
1766327383.1114273,122967,117200
1766327383.1223872,122815,116767
1766327383.1333404,123017,117226
1766327383.1445208,123017,117226
1766327383.1556814,122584,116635
1766327383.1667757,123043,117237
1766327383.1779332,123043,117237
1766327383.1891377,123043,117237
1766327383.2002032,122574,116681
1766327383.2111657,123033,117238
1766327383.2221394,123033,117238
1766327383.233102,122650,116731
1766327383.2440577,123011,117235
1766327383.2550364,123011,117235
1766327383.2660012,123011,117235
1766327383.2769704,122690,116722
1766327383.2879295,123025,117223
1766327383.2988822,123025,117223
1766327383.3099563,123025,117223
1766327383.321046,122788,116764
1766327383.3320987,123036,117238
1766327383.3431368,123036,117238
1766327383.3541684,122820,116750
1766327383.3652432,123060,117243
1766327383.3762834,123060,117243
1766327383.387307,123060,117243
1766327383.3984962,122833,116773
1766327383.4095616,123083,117255
1766327383.4205377,123083,117255
1766327383.4314928,123083,117255
1766327383.4424493,123106,117266
1766327383.4534023,123106,117266
1766327383.4643662,123106,117266
1766327383.4753249,122872,116784
1766327383.4862788,123126,117273
1766327383.4972308,123126,117273
1766327383.508183,123126,117273
1766327383.5191483,122910,116798
1766327383.5301077,123128,117279
1766327383.5410604,123128,117279
1766327383.5520122,122996,116847
1766327383.5629957,123138,117281
1766327383.5739613,123138,117281
1766327383.5849488,123138,117281
1766327383.5960917,123015,116825
1766327383.6070592,123068,116928
1766327383.6180294,123068,116928
1766327383.6289878,123068,116928
1766327383.6400168,123009,116849
1766327383.6510854,122902,116865
1766327383.6620543,122902,116865
1766327383.6730382,123093,116821
1766327383.683994,122629,116751
1766327383.6949482,122629,116751
1766327383.7059019,122629,116751
1766327383.7168686,123121,116869
1766327383.7278209,122567,116721
1766327383.738776,122567,116721
1766327383.7497272,122567,116896
1766327383.7607224,122611,116766
1766327383.7716935,122611,116766
1766327383.7826486,122611,116766
1766327383.793602,123094,116848
1766327383.8045554,122631,116752
1766327383.8155162,122631,116752
1766327383.8264704,122631,116752
1766327383.8374221,122823,116723
1766327383.8483748,122670,116784
1766327383.859327,122670,116784
1766327383.8702831,122599,116639
1766327383.8812342,122770,116776
1766327383.8921869,122770,116776
1766327383.9031384,122770,116776
1766327383.9140975,122591,116625
1766327383.9250534,122771,116801
1766327383.9360058,122771,116801
1766327383.9469671,122771,116801
1766327383.9579246,122579,116634
1766327383.9689083,122792,116811
1766327383.979862,122792,116811
1766327383.9908137,122635,116628
1766327384.001765,122792,116800
1766327384.012717,122792,116800
1766327384.023695,122792,116800
1766327384.0346494,122740,116690
1766327384.045606,122844,116820
1766327384.0565584,122844,116820
1766327384.0675175,122844,116820
1766327384.0784712,122866,116823
1766327384.0894248,122866,116823
1766327384.1003795,122866,116823
1766327384.111333,122791,116698
1766327384.1222923,122951,116854
1766327384.1332445,122951,116854
1766327384.1441958,122951,116854
1766327384.1551466,122781,116701
1766327384.1661396,122939,116879
1766327384.1770947,122939,116879
1766327384.188046,122831,116751
1766327384.1991513,123018,116854
1766327384.2102222,123018,116854
1766327384.2212362,123018,116854
1766327384.2321932,122875,116740
1766327384.2431452,123058,116902
1766327384.2540975,123058,116902
1766327384.2650673,123058,116902
1766327384.2760253,122906,116751
1766327384.28699,123051,116883
1766327384.297945,123051,116883
1766327384.3089132,122981,116736
1766327384.319876,123061,116878
1766327384.3308318,123061,116878
1766327384.341784,123061,116878
1766327384.352737,123021,116785
1766327384.363723,122815,116767
1766327384.3746955,122815,116767
1766327384.3856506,122815,116822
1766327384.3967757,122584,116635
1766327384.407829,122584,116635
1766327384.4188046,122584,116635
1766327384.4297624,123084,116818
1766327384.4407156,122574,116681
1766327384.4516673,122574,116681
1766327384.462728,122574,116681
1766327384.4737017,123126,116812
1766327384.4846578,122650,116731
1766327384.4956164,122650,116731
1766327384.5065694,123110,116774
1766327384.5175314,122690,116722
1766327384.5284908,122690,116722
1766327384.5394428,122690,116722
1766327384.550393,122897,116707
1766327384.5613847,122788,116764
1766327384.5723584,122788,116764
1766327384.583312,122788,116764
1766327384.59444,122669,116618
1766327384.60541,122820,116750
1766327384.6163752,122820,116750
1766327384.6273303,122547,116560
1766327384.6382835,122833,116773
1766327384.6492357,122833,116773
1766327384.6607313,122833,116773
1766327384.6717584,122537,116564
1766327384.6827197,122820,116745
1766327384.693674,122820,116745
1766327384.7046323,122585,116607
1766327384.7156267,122872,116784
1766327384.7265954,122872,116784
1766327384.7375484,122872,116784
1766327384.7485006,122621,116599
1766327384.7594523,122910,116798
1766327384.7704413,122910,116798
1766327384.7813964,122910,116798
1766327384.7923493,122676,116633
1766327384.8033006,122996,116847
1766327384.8142571,122996,116847
1766327384.8252153,122734,116634
1766327384.8361695,123015,116825
1766327384.8471217,123015,116825
1766327384.858073,123015,116825
1766327384.8690555,122721,116646
1766327384.880013,123009,116849
1766327384.8909655,123009,116849
1766327384.9019167,123009,116849
1766327384.9128678,123093,116821
1766327384.9238243,123093,116821
1766327384.9347754,123093,116821
1766327384.9457276,122813,116664
1766327384.9566786,123121,116869
1766327384.9676552,123121,116869
1766327384.978613,123121,116869
1766327384.9895658,122872,116683
1766327385.0005176,123180,116896
1766327385.011483,123180,116896
1766327385.0224464,122932,116729
1766327385.0334063,123094,116848
1766327385.0443587,123094,116848
1766327385.0553105,123094,116848
1766327385.0662873,122988,116712
1766327385.0772426,122823,116723
1766327385.088195,122823,116723
1766327385.0991461,122823,116723
1766327385.1100984,123021,116727
1766327385.1210568,122599,116639
1766327385.1320097,122599,116639
1766327385.1429617,123034,116762
1766327385.1539135,122591,116625
1766327385.164905,122591,116625
1766327385.1758626,122591,116625
1766327385.1868145,123077,116743
1766327385.1978254,122579,116634
1766327385.2087822,122579,116634
1766327385.2197473,122579,116634
1766327385.2307022,123068,116724
1766327385.2416537,122635,116628
1766327385.252606,122635,116628
1766327385.2635589,123073,116733
1766327385.2745183,122740,116690
1766327385.2854705,122740,116690
1766327385.296421,122740,116690
1766327385.3073728,122814,116623
1766327385.3183331,122800,116711
1766327385.3292866,122800,116711
1766327385.340238,122549,116494
1766327385.3512151,122791,116698
1766327385.3623276,122791,116698
1766327385.3732913,122791,116698
1766327385.3842466,122488,116491
1766327385.3952868,122781,116701
1766327385.4063523,122781,116701
1766327385.4173486,122781,116701
1766327385.428307,122465,116486
1766327385.439261,122831,116751
1766327385.4502146,122831,116751
1766327385.4611678,122502,116488
1766327385.4721277,122875,116740
1766327385.4830801,122875,116740
1766327385.494032,122875,116740
1766327385.504983,122571,116531
1766327385.51594,122906,116751
1766327385.5268931,122906,116751
1766327385.5378437,122906,116751
1766327385.5487964,122981,116736
1766327385.559747,122981,116736
1766327385.570729,122981,116736
1766327385.581693,122626,116546
1766327385.592837,123021,116785
1766327385.603853,123021,116785
1766327385.6148236,123021,116785
1766327385.6258645,122629,116539
1766327385.6368713,123068,116822
1766327385.647848,123068,116822
1766327385.6588051,122657,116556
1766327385.6697712,123084,116818
1766327385.6807265,123084,116818
1766327385.6916788,123084,116818
1766327385.702633,122711,116570
1766327385.7135923,123126,116812
1766327385.7245631,123126,116812
1766327385.7355158,123126,116812
1766327385.7464721,122727,116586
1766327385.7574296,123110,116774
1766327385.768431,123110,116774
1766327385.7794738,122820,116593
1766327385.7904272,122897,116707
1766327385.8013783,122897,116707
1766327385.8123298,122897,116707
1766327385.8232915,122866,116633
1766327385.834245,122669,116618
1766327385.845198,122669,116618
1766327385.8561616,122669,116664
1766327385.8671272,122547,116560
1766327385.8780832,122547,116560
1766327385.8890445,122547,116560
1766327385.8999972,122918,116641
1766327385.9109492,122537,116564
1766327385.9219074,122537,116564
1766327385.9328642,122537,116564
1766327385.9438195,122919,116643
1766327385.954773,122585,116607
1766327385.9657593,122585,116607
1766327385.9767244,122951,116678
1766327385.9876761,122621,116599
1766327385.9986303,122621,116599
1766327386.009583,122621,116599
1766327386.0205452,122975,116663
1766327386.0315008,122676,116633
1766327386.0424538,122676,116633
1766327386.0534947,122676,116633
1766327386.0653875,122931,116656
1766327386.0764973,122734,116634
1766327386.0875914,122734,116634
1766327386.0987306,122753,116563
1766327386.1098228,122721,116646
1766327386.120953,122721,116646
1766327386.1320424,122721,116646
1766327386.144074,122459,116444
1766327386.1551752,122718,116606
1766327386.1664038,122718,116606
1766327386.177622,122337,116370
1766327386.188711,122813,116664
1766327386.1997883,122813,116664
1766327386.210849,122813,116664
1766327386.221824,122320,116399
1766327386.232782,122872,116683
1766327386.2437384,122872,116683
1766327386.2546945,122358,116428
1766327386.2656565,122932,116729
1766327386.2766104,122932,116729
1766327386.2875752,122932,116729
1766327386.2985313,122375,116418
1766327386.3094857,122988,116712
1766327386.320443,122988,116712
1766327386.3314068,122988,116712
1766327386.3423626,122386,116438
1766327386.3533156,123021,116727
1766327386.364286,123021,116727
1766327386.3752422,122395,116437
1766327386.3861942,123034,116762
1766327386.3973205,123034,116762
1766327386.4084349,123034,116762
1766327386.4194016,122372,116424
1766327386.4303584,123077,116743
1766327386.441316,123077,116743
1766327386.4522705,123077,116445
1766327386.4632232,123068,116724
1766327386.4741936,123068,116724
1766327386.4851475,123068,116724
1766327386.4961007,122419,116449
1766327386.5070539,123073,116733
1766327386.5180082,123073,116733
1766327386.528961,123073,116733
1766327386.5399148,122463,116473
1766327386.5509,122814,116623
1766327386.561855,122814,116623
1766327386.5728354,122518,116492
1766327386.5837927,122549,116494
1766327386.5950446,122549,116494
1766327386.6061163,122549,116494
1766327386.6172268,122561,116507
1766327386.6282604,122488,116491
1766327386.6392205,122488,116491
1766327386.6501768,122488,116491
1766327386.6611314,122641,116560
1766327386.6720855,122465,116486
1766327386.6830413,122465,116486
1766327386.6939948,122666,116545
1766327386.704951,122502,116488
1766327386.715903,122502,116488
1766327386.726863,122502,116488
1766327386.7378137,122700,116557
1766327386.7487674,122571,116531
1766327386.759721,122571,116531
1766327386.7707005,122721,116564
1766327386.7816563,122588,116510
1766327386.79261,122588,116510
1766327386.8035617,122588,116510
1766327386.8145149,122790,116586
1766327386.8254864,122626,116546
1766327386.8364394,122626,116546
1766327386.847392,122626,116546
1766327386.858345,122814,116600
1766327386.8692982,122629,116539
1766327386.8802507,122629,116539
1766327386.8912024,122818,116586
1766327386.902154,122657,116556
1766327386.9131064,122657,116556
1766327386.9240665,122657,116556
1766327386.9350924,122865,116616
1766327386.9460533,122711,116570
1766327386.957008,122711,116570
1766327386.967982,122711,116570
1766327386.9789414,122706,116551
1766327386.9898949,122727,116586
1766327387.000848,122727,116586
1766327387.0118022,122340,116389
1766327387.0227609,122820,116593
1766327387.033715,122820,116593
1766327387.044743,122820,116593
1766327387.0557008,122191,116330
1766327387.0666614,122866,116633
1766327387.077618,122866,116633
1766327387.0885708,122148,116324
1766327387.099523,122921,116664
1766327387.1104743,122921,116664
1766327387.121433,122921,116664
1766327387.132387,122183,116329
1766327387.1433537,122918,116641
1766327387.15437,122918,116641
1766327387.1653497,122918,116641
1766327387.1763296,122224,116358
1766327387.187288,122919,116643
1766327387.1982405,122919,116643
1766327387.2091937,122258,116344
1766327387.220165,122951,116678
1766327387.2311194,122951,116678
1766327387.2420726,122951,116678
1766327387.2530375,122324,116389
1766327387.2639942,122975,116663
1766327387.27495,122975,116663
1766327387.2859123,122975,116663
1766327387.296867,122341,116416
1766327387.3078187,122931,116656
1766327387.318773,122931,116656
1766327387.329739,122328,116383
1766327387.3406997,122753,116563
1766327387.3516526,122753,116563
1766327387.3626132,122753,116563
1766327387.3735871,122371,116407
1766327387.384591,122459,116444
1766327387.395666,122459,116444
1766327387.4068332,122427,116442
1766327387.4179664,122337,116370
1766327387.4289951,122337,116370
1766327387.4400237,122337,116370
1766327387.4510474,122484,116456
1766327387.4620664,122320,116399
1766327387.4731176,122320,116399
1766327387.4841845,122320,116399
1766327387.495208,122506,116483
1766327387.5062299,122358,116428
1766327387.5172794,122358,116428
1766327387.528316,122603,116474
1766327387.5393329,122375,116418
1766327387.5503514,122375,116418
1766327387.5613706,122375,116418
1766327387.5724149,122659,116512
1766327387.583439,122386,116438
1766327387.5946205,122386,116438
1766327387.6057172,122678,116508
1766327387.6167638,122395,116437
1766327387.6278281,122395,116437
1766327387.638866,122395,116437
1766327387.6500478,122745,116533
1766327387.6611302,122372,116424
1766327387.6721942,122372,116424
1766327387.683236,122372,116424
1766327387.6943457,122761,116556
1766327387.7053742,122405,116445
1766327387.7163966,122405,116445
1766327387.7274218,122822,116559
1766327387.7384408,122419,116449
1766327387.749458,122419,116449
1766327387.7604795,122419,116449
1766327387.7715209,122825,116567
1766327387.7825372,122463,116473
1766327387.7936158,122463,116473
1766327387.8046591,122591,116451
1766327387.8156998,122518,116492
1766327387.826736,122518,116492
1766327387.8377829,122518,116492
1766327387.8488207,122322,116351
1766327387.859861,122561,116507
1766327387.8709304,122561,116507
1766327387.8819675,122561,116507
1766327387.893002,122198,116325
1766327387.9040713,122641,116560
1766327387.915118,122641,116560
1766327387.9261582,122222,116301
1766327387.9371986,122666,116545
1766327387.9482381,122666,116545
1766327387.9592776,122666,116545
1766327387.9703352,122261,116339
1766327387.9813921,122700,116557
1766327387.992431,122700,116557
1766327388.0034943,122312,116374
1766327388.0145357,122721,116564
1766327388.0255804,122721,116564
1766327388.0366182,122721,116564
1766327388.0476744,122423,116419
1766327388.0587118,122790,116586
1766327388.0697463,122790,116586
1766327388.0807872,122790,116586
1766327388.0918279,122465,116445
1766327388.1028638,122814,116600
1766327388.1139255,122814,116600
1766327388.1249652,122466,116408
1766327388.1360016,122818,116586
1766327388.1472661,122818,116586
1766327388.1588426,122818,116586
1766327388.1700695,122492,116427
1766327388.1812983,122865,116616
1766327388.192429,122865,116616
1766327388.2035456,122519,116450
1766327388.2148204,122706,116551
1766327388.2262132,122706,116551
1766327388.2373593,122706,116551
1766327388.2483692,122622,116475
1766327388.2593405,122340,116389
1766327388.270316,122340,116389
1766327388.2812772,122652,116479
1766327388.2922375,122191,116330
1766327388.3031962,122191,116330
1766327388.314154,122191,116330
1766327388.3251147,122739,116523
1766327388.3360717,122148,116324
1766327388.3470247,122148,116324
1766327388.357976,122148,116324
1766327388.3689756,122809,116530
1766327388.3799381,122183,116329
1766327388.3908925,122183,116329
1766327388.4020064,122813,116564
1766327388.413061,122224,116358
1766327388.4240336,122224,116358
1766327388.4349895,122224,116358
1766327388.4459429,122844,116546
1766327388.4569004,122258,116344
1766327388.4678652,122258,116344
1766327388.4788187,122258,116344
1766327388.4897718,122844,116529
1766327388.5007255,122324,116389
1766327388.5116775,122324,116389
1766327388.5226347,122903,116562
1766327388.5335877,122341,116416
1766327388.5445402,122341,116416
1766327388.555497,122341,116416
1766327388.5664542,122849,116530
1766327388.577452,122328,116383
1766327388.588445,122328,116383
1766327388.5994818,122575,116395
1766327388.6104453,122371,116407
1766327388.6214209,122371,116407
1766327388.6323776,122371,116407
1766327388.6433315,122406,116353
1766327388.654292,122427,116442
1766327388.6652586,122427,116442
1766327388.676212,122427,116442
1766327388.6871653,122396,116345
1766327388.698119,122484,116456
1766327388.7090707,122484,116456
1766327388.7200308,122417,116384
1766327388.7309878,122506,116483
1766327388.7419384,122506,116483
1766327388.75289,122506,116483
1766327388.7638469,122483,116385
1766327388.7748315,122603,116474
1766327388.7857864,122603,116474
1766327388.7967389,122603,116474
1766327388.807689,122548,116406
1766327388.818665,122659,116512
1766327388.82962,122659,116512
1766327388.8405757,122610,116431
1766327388.8515282,122678,116508
1766327388.8624794,122678,116508
1766327388.8734493,122678,116508
1766327388.8844032,122599,116437
1766327388.8953557,122745,116533
1766327388.9063067,122745,116533
1766327388.9172633,122593,116405
1766327388.9282415,122761,116556
1766327388.9391942,122761,116556
1766327388.9501452,122761,116556
1766327388.9610963,122637,116437
1766327388.972086,122822,116559
1766327388.9830394,122822,116559
1766327388.9939935,122822,116559
1766327389.0049462,122725,116458
1766327389.0159075,122825,116567
1766327389.0268598,122825,116567
1766327389.037812,122756,116509
1766327389.048764,122591,116451
1766327389.0597148,122591,116451
1766327389.0706875,122591,116451
1766327389.081643,122789,116491
1766327389.0925953,122322,116351
1766327389.1035466,122322,116351
1766327389.1145027,122322,116351
1766327389.1254728,122807,116507
1766327389.1364264,122198,116325
1766327389.147378,122198,116325
1766327389.1583285,122842,116507
1766327389.1693795,122222,116301
1766327389.1803367,122222,116301
1766327389.19129,122222,116301
1766327389.2022412,122880,116517
1766327389.2131937,122261,116339
1766327389.224174,122261,116339
1766327389.2351296,122863,116500
1766327389.2465317,122312,116374
1766327389.2576025,122312,116374
1766327389.2685802,122312,116374
1766327389.2795575,122916,116533
1766327389.2905135,122423,116419
1766327389.3014653,122423,116419
1766327389.312418,122423,116419
1766327389.3233852,122845,116511
1766327389.3343403,122465,116445
1766327389.3452933,122465,116445
1766327389.3562455,122594,116382
1766327389.367201,122466,116408
1766327389.378188,122466,116408
1766327389.3891425,122466,116408
1766327389.4006157,122397,116325
1766327389.4116757,122492,116427
1766327389.4226532,122492,116427
1766327389.4336102,122354,116299
1766327389.4445655,122519,116450
1766327389.4555187,122519,116450
1766327389.4664798,122519,116450
1766327389.477435,122413,116331
1766327389.4883914,122622,116475
1766327389.4993446,122622,116475
1766327389.5102975,122622,116475
1766327389.521256,122453,116351
1766327389.5322099,122652,116479
1766327389.5431628,122652,116479
1766327389.554115,122520,116350
1766327389.5650733,122739,116523
1766327389.5760422,122739,116523
1766327389.5871434,122739,116523
1766327389.5982087,122608,116400
1766327389.6092823,122809,116530
1766327389.6202643,122809,116530
1766327389.631239,122809,116530
1766327389.6421936,122575,116395
1766327389.653145,122813,116564
1766327389.6641102,122813,116564
1766327389.6750736,122596,116395
1766327389.6860287,122844,116546
1766327389.6969838,122844,116546
1766327389.7079372,122844,116546
1766327389.7189136,122637,116408
1766327389.7298708,122844,116529
1766327389.740824,122844,116529
1766327389.7517767,122669,116411
1766327389.7627316,122903,116562
1766327389.7737138,122903,116562
1766327389.7846715,122903,116562
1766327389.7956254,122751,116449
1766327389.8067086,122849,116530
1766327389.8179173,122849,116530
1766327389.829017,122849,116530
1766327389.840083,122751,116467
1766327389.8512416,122575,116395
1766327389.862324,122575,116395
1766327389.8734152,122827,116472
1766327389.8845072,122406,116353
1766327389.8955905,122406,116353
1766327389.9066613,122406,116353
1766327389.917925,122859,116486
1766327389.9290884,122396,116345
1766327389.9402285,122396,116345
1766327389.9517639,122919,116528
1766327389.9628103,122417,116384
1766327389.973827,122417,116384
1766327389.9847982,122417,116384
1766327389.9957504,122927,116502
1766327390.0067163,122483,116385
1766327390.0176802,122483,116385
1766327390.0286348,122483,116385
1766327390.0395877,122917,116498
1766327390.05054,122548,116406
1766327390.0614927,122548,116406
1766327390.072446,122897,116477
1766327390.0833983,122610,116431
1766327390.094358,122610,116431
1766327390.1053102,122610,116431
1766327390.116263,122581,116350
1766327390.127215,122599,116437
1766327390.1381662,122599,116437
1766327390.149117,122354,116260
1766327390.1600683,122593,116405
1766327390.1710596,122593,116405
1766327390.1820142,122593,116405
1766327390.1930308,122350,116264
1766327390.203988,122637,116437
1766327390.2149408,122637,116437
1766327390.225905,122637,116437
1766327390.2368603,122388,116274
1766327390.2478106,122725,116458
1766327390.2587683,122725,116458
1766327390.2697217,122404,116300
1766327390.2806742,122756,116509
1766327390.2916262,122756,116509
1766327390.3025777,122756,116509
1766327390.3135304,122497,116335
1766327390.3245003,122789,116491
1766327390.3354607,122789,116491
1766327390.346413,122789,116491
1766327390.3573868,122562,116367
1766327390.3683422,122807,116507
1766327390.379321,122807,116507
1766327390.3902755,122571,116355
1766327390.4013839,122842,116507
1766327390.4124467,122842,116507
1766327390.4234169,122842,116507
1766327390.4343736,122584,116355
1766327390.445326,122880,116517
1766327390.456278,122880,116517
1766327390.4672365,122572,116309
1766327390.4781907,122863,116500
1766327390.489142,122863,116500
1766327390.5000947,122863,116500
1766327390.511052,122662,116388
1766327390.5220106,122916,116533
1766327390.5329633,122916,116533
1766327390.5439146,122916,116533
1766327390.5548656,122738,116407
1766327390.565823,122845,116511
1766327390.576808,122845,116511
1766327390.5877664,122767,116424
1766327390.5988019,122594,116382
1766327390.609785,122594,116382
1766327390.6207557,122594,116382
1766327390.6317093,122812,116433
1766327390.642737,122397,116325
1766327390.6536925,122397,116325
1766327390.6646936,122397,116325
1766327390.6756709,122813,116418
1766327390.6866283,122354,116299
1766327390.697589,122354,116299
1766327390.7085443,122861,116451
1766327390.7195082,122413,116331
1766327390.7304738,122413,116331
1766327390.7414272,122413,116331
1766327390.7523794,122892,116458
1766327390.7633336,122453,116351
1766327390.7743242,122453,116351
1766327390.7852798,122897,116440
1766327390.796233,122520,116350
1766327390.807185,122520,116350
1766327390.8181484,122520,116350
1766327390.8291018,122916,116462
1766327390.840054,122608,116400
1766327390.8510067,122608,116400
1766327390.8619587,122608,116400
1766327390.872916,122726,116360
1766327390.8838675,122575,116395
1766327390.894819,122575,116395
1766327390.9057703,122422,116283
1766327390.9167252,122596,116395
1766327390.9276764,122596,116395
1766327390.938627,122596,116395
1766327390.9495783,122330,116219
1766327390.9605293,122637,116408
1766327390.9715016,122637,116408
1766327390.982466,122637,116408
1766327390.993419,122357,116240
1766327391.0043726,122669,116411
1766327391.0153315,122669,116411
1766327391.0263019,122375,116244
1766327391.0372543,122751,116449
1766327391.0482059,122751,116449
1766327391.059157,122751,116449
1766327391.0701175,122446,116263
1766327391.081244,122751,116467
1766327391.0923266,122751,116467
1766327391.1034038,122492,116275
1766327391.114423,122827,116472
1766327391.1253977,122827,116472
1766327391.136355,122827,116472
1766327391.147309,122540,116305
1766327391.1582649,122859,116486
1766327391.1692421,122859,116486
1766327391.18023,122859,116486
1766327391.1911855,122520,116298
1766327391.2021377,122919,116528
1766327391.2130928,122919,116528
1766327391.22406,122546,116323
1766327391.2350142,122927,116502
1766327391.2459655,122927,116502
1766327391.2569182,122927,116502
1766327391.2678833,122593,116326
1766327391.2788396,122917,116498
1766327391.2897997,122917,116498
1766327391.3007545,122917,116498
1766327391.3117075,122917,116498
1766327391.3226712,122897,116477
1766327391.3336256,122897,116477
1766327391.3445773,122706,116362
1766327391.355529,122581,116350
1766327391.3664863,122581,116350
1766327391.3774803,122581,116350
1766327391.3884456,122747,116380
1766327391.3994527,122354,116260
1766327391.4105165,122354,116260
1766327391.42149,122799,116408
1766327391.4324465,122350,116264
1766327391.4433985,122350,116264
1766327391.454351,122350,116264
1766327391.4653113,122826,116401
1766327391.4762654,122388,116274
1766327391.4872162,122388,116274
1766327391.498168,122388,116274
1766327391.5091193,122832,116405
1766327391.5200782,122404,116300
1766327391.5310335,122404,116300
1766327391.541986,122863,116419
1766327391.552954,122497,116335
1766327391.5639124,122497,116335
1766327391.5748947,122497,116335
1766327391.58585,122885,116423
1766327391.5968857,122562,116367
1766327391.6078491,122562,116367
1766327391.6188207,122562,116367
1766327391.6297786,122571,116355
1766327391.640731,122571,116355
1766327391.6517787,122571,116355
1766327391.662732,122911,116420
1766327391.6736958,122584,116355
1766327391.6846519,122584,116355
1766327391.6956012,122584,116355
1766327391.7065556,122737,116353
1766327391.7175148,122572,116309
1766327391.728505,122572,116309
1766327391.7394586,122470,116256
1766327391.7504113,122662,116388
1766327391.7613654,122662,116388
1766327391.7723598,122662,116388
1766327391.7833223,122351,116190
1766327391.794275,122738,116407
1766327391.805226,122738,116407
1766327391.8161898,122738,116407
1766327391.827141,122337,116202
1766327391.8380923,122767,116424
1766327391.8490431,122767,116424
1766327391.8599942,122391,116222
1766327391.8709545,122812,116433
1766327391.8819077,122812,116433
1766327391.8928592,122812,116433
1766327391.9038093,122455,116240
1766327391.914765,122813,116418
1766327391.9257166,122813,116418
1766327391.9366684,122813,116418
1766327391.947619,122813,116418
1766327391.9585698,122861,116451
1766327391.969524,122861,116451
1766327391.9805021,122544,116282
1766327391.991454,122892,116458
1766327392.0024052,122892,116458
1766327392.0133557,122892,116458
1766327392.0243456,122538,116274
1766327392.035434,122897,116440
1766327392.0464368,122897,116440
1766327392.057393,122578,116281
1766327392.0683615,122916,116462
1766327392.0793295,122916,116462
1766327392.0902824,122916,116462
1766327392.1012325,122609,116287
1766327392.1121876,122726,116360
1766327392.1231465,122726,116360
1766327392.1340973,122726,116360
1766327392.1450524,122665,116320
1766327392.1560047,122422,116283
1766327392.1669621,122422,116283
1766327392.1779535,122728,116332
1766327392.1889086,122330,116219
1766327392.1998594,122330,116219
1766327392.210811,122330,116219
1766327392.221773,122766,116350
1766327392.2327313,122357,116240
1766327392.2436867,122357,116240
1766327392.2546391,122357,116240
1766327392.2656,122357,116240
1766327392.2765543,122375,116244
1766327392.2875054,122375,116244
1766327392.298457,122823,116374
1766327392.3094084,122446,116263
1766327392.3203661,122446,116263
1766327392.3313172,122446,116263
1766327392.3422713,122847,116372
1766327392.3532295,122492,116275
1766327392.3641906,122492,116275
1766327392.3751686,122853,116358
1766327392.3861344,122540,116305
1766327392.397102,122540,116305
1766327392.4082072,122540,116305
1766327392.419207,122886,116384
1766327392.4301853,122520,116298
1766327392.4411387,122520,116298
1766327392.4520912,122520,116298
1766327392.4630437,122850,116366
1766327392.474001,122546,116323
1766327392.4849539,122546,116323
1766327392.495905,122600,116267
1766327392.5068572,122593,116326
1766327392.5178154,122593,116326
1766327392.5287683,122593,116326
1766327392.5397205,122382,116176
1766327392.5506706,122917,116498
1766327392.5616288,122917,116498
1766327392.5726302,122917,116498
1766327392.5835905,122917,116498
1766327392.594712,122706,116362
1766327392.6056857,122706,116362
1766327392.616651,122370,116177
1766327392.627609,122747,116380
1766327392.6385648,122747,116380
1766327392.649517,122747,116380
1766327392.6604724,122411,116197
1766327392.6714299,122799,116408
1766327392.6823826,122799,116408
1766327392.6933331,122528,116251
1766327392.7042868,122826,116401
1766327392.7152474,122826,116401
1766327392.726208,122826,116401
1766327392.7371616,122562,116253
1766327392.7481153,122832,116405
1766327392.759066,122832,116405
1766327392.770026,122832,116405
1766327392.7810235,122541,116252
1766327392.7919786,122863,116419
1766327392.8029313,122863,116419
1766327392.813887,122537,116249
1766327392.8248491,122885,116423
1766327392.8358042,122885,116423
1766327392.8467557,122885,116423
1766327392.8577073,122570,116255
1766327392.8686671,122854,116400
1766327392.879623,122854,116400
1766327392.8905754,122854,116400
1766327392.901526,122854,116400
1766327392.9124804,122911,116420
1766327392.9234416,122911,116420
1766327392.934398,122688,116297
1766327392.9453502,122737,116353
1766327392.956308,122737,116353
1766327392.967394,122737,116353
1766327392.9784832,122733,116309
1766327392.9895303,122470,116256
1766327393.000489,122470,116256
1766327393.0114453,122797,116349
1766327393.0224159,122351,116190
1766327393.0333745,122351,116190
1766327393.0443277,122351,116190
1766327393.0552783,122802,116342
1766327393.066236,122337,116202
1766327393.0771925,122337,116202
1766327393.0881605,122337,116202
1766327393.099114,122790,116341
1766327393.110065,122391,116222
1766327393.1210344,122391,116222
1766327393.1319983,122844,116332
1766327393.1429522,122455,116240
1766327393.1539047,122455,116240
1766327393.1653461,122455,116240
1766327393.1763597,122868,116356
1766327393.1873133,122813,116418
1766327393.1982672,122813,116418
1766327393.2092185,122884,116358
1766327393.220286,122544,116282
1766327393.2313538,122544,116282
1766327393.2423975,122544,116282
1766327393.253428,122720,116283
1766327393.2644968,122538,116274
1766327393.2755537,122538,116274
1766327393.286591,122538,116274
1766327393.2976372,122429,116159
1766327393.3086724,122578,116281
1766327393.3197284,122578,116281
1766327393.3307858,122283,116136
1766327393.3418322,122609,116287
1766327393.3540664,122609,116287
1766327393.3651965,122609,116287
1766327393.3762999,122276,116116
1766327393.3873413,122665,116320
1766327393.3983855,122665,116320
1766327393.4096057,122265,116094
1766327393.420749,122728,116332
1766327393.4317703,122728,116332
1766327393.4427905,122728,116332
1766327393.453821,122339,116145
1766327393.4648623,122766,116350
1766327393.4759114,122766,116350
1766327393.4869301,122766,116350
1766327393.4979484,122357,116240
1766327393.508966,122357,116240
1766327393.5200248,122357,116240
1766327393.5312037,122448,116180
1766327393.542259,122823,116374
1766327393.553394,122823,116374
1766327393.5646281,122823,116374
1766327393.5758832,122453,116191
1766327393.5871642,122847,116372
1766327393.598443,122847,116372
1766327393.6095908,122451,116203
1766327393.620745,122853,116358
1766327393.6318197,122853,116358
1766327393.6429138,122853,116358
1766327393.6540432,122488,116194
1766327393.665178,122886,116384
1766327393.6762757,122886,116384
1766327393.6873584,122578,116256
1766327393.698445,122850,116366
1766327393.7095292,122850,116366
1766327393.7206373,122850,116366
1766327393.7316976,122614,116237
1766327393.742841,122600,116267
1766327393.7540643,122600,116267
1766327393.7651584,122600,116267
1766327393.7762337,122382,116176
1766327393.787307,122382,116176
1766327393.7982743,122382,116176
1766327393.809227,122694,116273
1766327393.8201947,122917,116498
1766327393.8311732,122917,116498
1766327393.8421273,122917,116498
1766327393.8530803,122725,116277
1766327393.8640463,122370,116177
1766327393.8750062,122370,116177
1766327393.8859599,122735,116299
1766327393.896913,122411,116197
1766327393.9078643,122411,116197
1766327393.918825,122411,116197
1766327393.9297795,122776,116285
1766327393.9407322,122528,116251
1766327393.9516833,122528,116251
1766327393.9626346,122528,116251
1766327393.9736128,122762,116300
1766327393.984571,122562,116253
1766327393.9955223,122562,116253
1766327394.0064752,122804,116266
1766327394.0174348,122541,116252
1766327394.028389,122541,116252
1766327394.0393407,122541,116252
1766327394.0502923,122556,116178
1766327394.0612435,122537,116249
1766327394.0722024,122537,116249
1766327394.0831547,122537,116249
1766327394.0941079,122570,116255
1766327394.105059,122570,116255
1766327394.1160157,122570,116255
1766327394.12697,122200,116050
1766327394.1379209,122854,116400
1766327394.1488717,122854,116400
1766327394.1598222,122854,116400
1766327394.1707954,122202,116042
1766327394.1817703,122688,116297
1766327394.192739,122688,116297
1766327394.2036915,122253,116090
1766327394.2146585,122733,116309
1766327394.2256396,122733,116309
1766327394.236597,122733,116309
1766327394.2475512,122284,116092
1766327394.2585664,122797,116349
1766327394.2696087,122797,116349
1766327394.2805688,122797,116349
1766327394.2915232,122339,116115
1766327394.3024764,122802,116342
1766327394.3134346,122802,116342
1766327394.3243961,122387,116105
1766327394.3353503,122790,116341
1766327394.3463027,122790,116341
1766327394.3572547,122790,116341
1766327394.3682168,122394,116118
1766327394.3791835,122844,116332
1766327394.3901365,122844,116332
1766327394.4011884,122844,116332
1766327394.412256,122868,116356
1766327394.4232478,122868,116356
1766327394.4342697,122868,116356
1766327394.445229,122458,116146
1766327394.4561827,122884,116358
1766327394.4671454,122884,116358
1766327394.478106,122884,116358
1766327394.4890544,122530,116188
1766327394.5000088,122720,116283
1766327394.5109618,122720,116283
1766327394.5219162,122565,116193
1766327394.5328922,122429,116159
1766327394.5438457,122429,116159
1766327394.5547976,122429,116159
1766327394.5657492,122630,116207
1766327394.5767174,122283,116136
1766327394.58768,122283,116136
1766327394.5987139,122283,116136
1766327394.609686,122628,116220
1766327394.6206484,122276,116116
1766327394.6316013,122276,116116
1766327394.6425543,122693,116193
1766327394.6535065,122265,116094
1766327394.6644614,122265,116094
1766327394.6754143,122265,116094
1766327394.6863656,122709,116239
1766327394.6973214,122339,116145
1766327394.7082758,122339,116145
1766327394.7192287,122339,116266
1766327394.7301936,122386,116134
1766327394.7411473,122386,116134
1766327394.7520998,122386,116134
1766327394.7630534,122757,116259
1766327394.7740166,122448,116180
1766327394.7849753,122448,116180
1766327394.7959304,122448,116180
1766327394.8068826,122790,116268
1766327394.8178384,122453,116191
1766327394.8287902,122453,116191
1766327394.839742,122772,116267
1766327394.8506932,122451,116203
1766327394.8616467,122451,116203
1766327394.8726072,122451,116203
1766327394.883575,122505,116129
1766327394.894527,122488,116194
1766327394.9054792,122488,116194
1766327394.9164317,122488,116194
1766327394.927382,122229,116024
1766327394.9383335,122578,116256
1766327394.9492836,122578,116256
1766327394.9602375,122194,115979
1766327394.9711902,122614,116237
1766327394.98215,122614,116237
1766327394.993102,122614,116237
1766327395.0040538,122208,116021
1766327395.0150096,122626,116227
1766327395.0259612,122626,116227
1766327395.0369143,122626,116227
1766327395.0478668,122694,116273
1766327395.0588176,122694,116273
1766327395.0697696,122694,116273
1766327395.0807214,122303,116058
1766327395.0916722,122725,116277
1766327395.1026227,122725,116277
1766327395.1135747,122725,116277
1766327395.1245272,122370,116087
1766327395.1354775,122735,116299
1766327395.146428,122735,116299
1766327395.1573787,122388,116093
1766327395.16833,122776,116285
1766327395.1793122,122776,116285
1766327395.1903162,122776,116285
1766327395.2012756,122376,116085
1766327395.212233,122762,116300
1766327395.2231886,122762,116300
1766327395.2341757,122762,116300
1766327395.2451308,122391,116091
1766327395.2560835,122804,116266
1766327395.2670398,122804,116266
1766327395.2779918,122456,116138
1766327395.2889426,122556,116178
1766327395.299894,122556,116178
1766327395.31085,122556,116178
1766327395.3218036,122515,116133
1766327395.3327563,122269,116054
1766327395.3437076,122269,116054
1766327395.354658,122269,116054
1766327395.3656344,122543,116138
1766327395.3766088,122200,116050
1766327395.3875587,122200,116050
1766327395.3985121,122602,116177
1766327395.4095888,122202,116042
1766327395.4205883,122202,116042
1766327395.4316087,122202,116042
1766327395.442567,122629,116187
1766327395.4535189,122253,116090
1766327395.4644778,122253,116090
1766327395.4754288,122681,116205
1766327395.48638,122284,116092
1766327395.4973307,122284,116092
1766327395.5082824,122284,116092
1766327395.5192358,122674,116191
1766327395.5302117,122339,116115
1766327395.5411663,122339,116115
1766327395.5521183,122339,116115
1766327395.5630703,122683,116206
1766327395.5740254,122387,116105
1766327395.5850077,122387,116105
1766327395.5961103,122723,116227
1766327395.607077,122394,116118
1766327395.6180406,122394,116118
1766327395.6289973,122394,116118
1766327395.6400087,122751,116222
1766327395.651076,122408,116115
1766327395.6620321,122408,116115
1766327395.6729898,122408,116115
1766327395.6839478,122458,116146
1766327395.6948996,122458,116146
1766327395.705855,122458,116146
1766327395.7168088,122346,116049
1766327395.7277687,122530,116188
1766327395.7387264,122530,116188
1766327395.7496784,122530,116188
1766327395.7606297,122200,115993
1766327395.7715878,122565,116193
1766327395.7825577,122565,116193
1766327395.7935107,122229,116019
1766327395.8044627,122630,116207
1766327395.8154128,122630,116207
1766327395.8263686,122630,116207
1766327395.8373208,122258,116020
1766327395.8482735,122628,116220
1766327395.859224,122628,116220
1766327395.8701766,122628,116220
1766327395.8811288,122289,116027
1766327395.8920798,122693,116193
1766327395.9030306,122693,116193
1766327395.9139812,122400,116079
1766327395.9249482,122709,116239
1766327395.9359076,122709,116239
1766327395.9468603,122709,116239
1766327395.9578123,122424,116077
1766327395.9687655,122766,116266
1766327395.9797409,122766,116266
1766327395.990696,122766,116266
1766327396.0016496,122766,116266
1766327396.0126047,122757,116259
1766327396.0235581,122757,116259
1766327396.0345106,122417,116074
1766327396.0454624,122790,116268
1766327396.0564156,122790,116268
1766327396.0673664,122790,116268
1766327396.0783184,122460,116087
1766327396.089269,122772,116267
1766327396.1002207,122772,116267
1766327396.111171,122511,116106
1766327396.1221228,122505,116129
1766327396.1330729,122505,116129
1766327396.144028,122505,116129
1766327396.1549795,122562,116126
1766327396.1659327,122229,116024
1766327396.176907,122229,116024
1766327396.1878676,122229,116024
1766327396.1988206,122620,116144
1766327396.2097719,122194,115979
1766327396.220726,122194,115979
1766327396.2316854,122646,116181
1766327396.2426422,122208,116021
1766327396.2535944,122208,116021
1766327396.2645593,122208,116021
1766327396.2756283,122656,116163
1766327396.2865875,122199,115992
1766327396.2975402,122199,115992
1766327396.308495,122199,115992
1766327396.319454,122658,116157
1766327396.3304088,122303,116058
1766327396.34137,122303,116058
1766327396.3523235,122702,116178
1766327396.363278,122370,116087
1766327396.3742344,122370,116087
1766327396.3851993,122370,116087
1766327396.3961663,122718,116182
1766327396.407247,122388,116093
1766327396.4182947,122388,116093
1766327396.4292507,122697,116175
1766327396.440206,122376,116085
1766327396.4511607,122376,116085
1766327396.4621131,122376,116085
1766327396.4730651,122488,116087
1766327396.4840207,122391,116091
1766327396.4949722,122391,116091
1766327396.5059235,122391,116091
1766327396.5168772,122239,115962
1766327396.5278275,122456,116138
1766327396.5387778,122456,116138
1766327396.5497282,122175,115967
1766327396.5607026,122515,116133
1766327396.5716581,122515,116133
1766327396.582629,122515,116133
1766327396.5937119,122191,115966
1766327396.604701,122543,116138
1766327396.6157348,122543,116138
1766327396.6268554,122543,116138
1766327396.6379247,122602,116177
1766327396.649001,122602,116177
1766327396.660066,122602,116177
1766327396.6710472,122315,116010
1766327396.6820066,122629,116187
1766327396.6929634,122629,116187
1766327396.703916,122629,116187
1766327396.7148752,122385,116033
1766327396.7258282,122681,116205
1766327396.7367868,122681,116205
1766327396.747739,122352,116016
1766327396.7586913,122674,116191
1766327396.769653,122674,116191
1766327396.7806215,122674,116191
1766327396.7915733,122383,116036
1766327396.8025246,122683,116206
1766327396.813476,122683,116206
1766327396.8244376,122683,116206
1766327396.8353891,122384,116038
1766327396.8463445,122723,116227
1766327396.8572972,122723,116227
1766327396.868255,122462,116023
1766327396.8792086,122751,116222
1766327396.8901615,122751,116222
1766327396.9011126,122751,116222
1766327396.912064,122512,116088
1766327396.923021,122656,116169
1766327396.9339738,122656,116169
1766327396.9449248,122656,116108
1766327396.9558756,122346,116049
1766327396.9668324,122346,116049
1766327396.9778063,122346,116049
1766327396.988761,122612,116118
1766327396.999712,122200,115993
1766327397.0106637,122200,115993
1766327397.0217073,122200,115993
1766327397.0326688,122635,116127
1766327397.043697,122229,116019
1766327397.0546544,122229,116019
1766327397.0656242,122646,116131
1766327397.0765796,122258,116020
1766327397.0875309,122258,116020
1766327397.0984826,122258,116020
1766327397.1094337,122672,116128
1766327397.1203978,122289,116027
1766327397.131351,122289,116027
1766327397.1423028,122289,116027
1766327397.1532547,122656,116147
1766327397.1642137,122400,116079
1766327397.1751816,122400,116079
1766327397.1861494,122718,116136
1766327397.1971025,122424,116077
1766327397.208054,122424,116077
1766327397.219019,122424,116077
1766327397.2299807,122633,116104
1766327397.2409356,122766,116266
1766327397.2518883,122766,116266
1766327397.262844,122766,115984
1766327397.2738094,122417,116074
1766327397.2847624,122417,116074
1766327397.2957144,122417,116074
1766327397.306666,122123,115902
1766327397.3176231,122460,116087
1766327397.3285985,122460,116087
1766327397.3395522,122460,116087
1766327397.3505037,122100,115899
1766327397.3614593,122511,116106
1766327397.3724189,122511,116106
1766327397.3836215,122103,115923
1766327397.3947737,122562,116126
1766327397.4059331,122562,116126
1766327397.4170032,122562,116126
1766327397.4280965,122131,115913
1766327397.4392018,122620,116144
1766327397.4502938,122620,116144
1766327397.463029,122172,115938
1766327397.4741347,122646,116181
1766327397.4852276,122646,116181
1766327397.496306,122646,116181
1766327397.507486,122255,115965
1766327397.5212145,122656,116163
1766327397.532286,122656,116163
1766327397.543378,122264,115953
1766327397.554347,122658,116157
1766327397.5653052,122658,116157
1766327397.576269,122658,116157
1766327397.5872407,122258,115972
1766327397.5982735,122702,116178
1766327397.6092436,122702,116178
1766327397.620204,122702,116178
1766327397.6311617,122702,116178
1766327397.642117,122718,116182
1766327397.6530695,122718,116182
1766327397.6640236,122358,116007
1766327397.6749785,122697,116175
1766327397.6859505,122697,116175
1766327397.6969097,122697,116175
1766327397.707862,122424,116027
1766327397.7188194,122488,116087
1766327397.7297738,122488,116087
1766327397.740728,122478,116027
1766327397.75168,122239,115962
1766327397.7626362,122239,115962
1766327397.773595,122239,115962
1766327397.7845616,122536,116063
1766327397.7955148,122175,115967
1766327397.806467,122175,115967
1766327397.8174226,122175,115967
1766327397.828376,122589,116071
1766327397.8393283,122191,115966
1766327397.8502805,122191,115966
1766327397.861233,122598,116116
1766327397.8722136,122207,115949
1766327397.8831782,122207,115949
1766327397.8941317,122207,115949
1766327397.9050872,122627,116094
1766327397.9160416,122315,116010
1766327397.926994,122315,116010
1766327397.9379468,122315,116010
1766327397.9488995,122627,116105
1766327397.959852,122385,116033
1766327397.9708047,122385,116033
1766327397.9817684,122651,116108
1766327397.9927225,122352,116016
1766327398.0036736,122352,116016
1766327398.0146255,122352,116016
1766327398.0255823,122401,115994
1766327398.0365553,122383,116036
1766327398.047509,122383,116036
1766327398.0584633,122088,115868
1766327398.0694165,122384,116038
1766327398.080371,122384,116038
1766327398.091323,122384,116038
1766327398.1022754,122056,115864
1766327398.1132278,122462,116023
1766327398.1241813,122462,116023
1766327398.1351328,122462,116023
1766327398.146084,122085,115861
1766327398.157051,122512,116088
1766327398.168062,122512,116088
1766327398.179033,122060,115865
1766327398.1899993,122583,116108
1766327398.2009552,122583,116108
1766327398.2119083,122583,116108
1766327398.2228658,122137,115900
1766327398.2338269,122612,116118
1766327398.244781,122612,116118
1766327398.2557333,122612,116118
1766327398.2666924,122229,115954
1766327398.2776477,122635,116127
1766327398.2886217,122635,116127
1766327398.2996671,122243,115943
1766327398.3106287,122646,116131
1766327398.3215852,122646,116131
1766327398.3325412,122646,116131
1766327398.343496,122236,115930
1766327398.3544488,122672,116128
1766327398.3654032,122672,116128
1766327398.3763618,122232,115916
1766327398.3873487,122656,116147
1766327398.3983166,122656,116147
1766327398.4093895,122656,116147
1766327398.420434,122320,115966
1766327398.4314454,122718,116136
1766327398.4424057,122718,116136
1766327398.45336,122718,116136
1766327398.4643183,122402,115994
1766327398.4752758,122633,116104
1766327398.4862316,122633,116104
1766327398.4971848,122449,116043
1766327398.508138,122313,115984
1766327398.5190938,122313,115984
1766327398.5300467,122313,115984
1766327398.5410006,122495,116025
1766327398.551952,122123,115902
1766327398.562904,122123,115902
1766327398.573857,122123,115902
1766327398.5848284,122518,116046
1766327398.595922,122100,115899
1766327398.6068885,122100,115899
1766327398.6178577,122562,116054
1766327398.6288168,122103,115923
1766327398.6397724,122103,115923
1766327398.6507256,122103,115923
1766327398.6616788,122608,116068
1766327398.672633,122131,115913
1766327398.6835847,122131,115913
1766327398.6945355,122628,116057
1766327398.7054915,122172,115938
1766327398.7164452,122172,115938
1766327398.7274532,122172,115938
1766327398.7385159,122652,116083
1766327398.7495577,122255,115965
1766327398.7605948,122255,115965
1766327398.771642,122255,115965
1766327398.7826943,122543,116039
1766327398.7937317,122264,115953
1766327398.804769,122264,115953
1766327398.815809,122264,115896
1766327398.826875,122258,115972
1766327398.8379142,122258,115972
1766327398.8489509,122258,115972
1766327398.859992,122114,115846
1766327398.8710282,122702,116178
1766327398.882063,122702,116178
1766327398.893127,122074,115835
1766327398.9041846,122358,116007
1766327398.9152205,122358,116007
1766327398.9262543,122358,116007
1766327398.937314,122138,115868
1766327398.948351,122424,116027
1766327398.9593883,122424,116027
1766327398.9704254,122424,116027
1766327398.981471,122167,115903
1766327398.992509,122478,116027
1766327399.0035498,122478,116027
1766327399.0145833,122279,115912
1766327399.0256193,122536,116063
1766327399.0366786,122536,116063
1766327399.047717,122536,116063
1766327399.0587668,122321,115947
1766327399.0698068,122589,116071
1766327399.080868,122589,116071
1766327399.0919063,122285,115914
1766327399.102943,122598,116116
1766327399.113978,122598,116116
1766327399.1250126,122598,116116
1766327399.1360686,122322,115942
1766327399.1471057,122627,116094
1766327399.15814,122627,116094
1766327399.1691778,122627,116094
1766327399.1802335,122323,115958
1766327399.1912777,122627,116105
1766327399.2023141,122627,116105
1766327399.2133563,122415,115963
1766327399.224396,122651,116108
1766327399.2354383,122651,116108
1766327399.2465048,122651,116108
1766327399.2575393,122476,115995
1766327399.2685826,122401,115994
1766327399.2796202,122401,115994
1766327399.2906551,122477,115986
1766327399.301687,122088,115868
1766327399.3127358,122088,115868
1766327399.3237689,122088,115868
1766327399.3348043,122527,116021
1766327399.3458657,122056,115864
1766327399.3569045,122056,115864
1766327399.3679438,122056,115864
1766327399.3789835,122517,116028
1766327399.3900273,122085,115861
1766327399.4011464,122085,115861
1766327399.412403,122573,116007
1766327399.4235952,122060,115865
1766327399.4346762,122060,115865
1766327399.4458246,122060,115865
1766327399.456844,122610,116048
1766327399.4678843,122137,115900
1766327399.4788961,122137,115900
1766327399.489905,122660,116084
1766327399.5009117,122229,115954
1766327399.5119152,122229,115954
1766327399.5229332,122229,115954
1766327399.5339415,122564,116010
1766327399.5449467,122243,115943
1766327399.556,122243,115943
1766327399.5670512,122243,115943
1766327399.578094,122274,115905
1766327399.5891562,122236,115930
1766327399.6003504,122236,115930
1766327399.6115518,122088,115822
1766327399.6227472,122232,115916
1766327399.6338987,122232,115916
1766327399.645048,122232,115916
1766327399.6562889,122079,115817
1766327399.6673994,122320,115966
1766327399.6783836,122320,115966
1766327399.689359,122065,115817
1766327399.7003345,122402,115994
1766327399.7113113,122402,115994
1766327399.722301,122402,115994
1766327399.7332778,122145,115852
1766327399.7442715,122449,116043
1766327399.7552917,122449,116043
1766327399.7663395,122449,116043
1766327399.7773635,122212,115869
1766327399.7884178,122495,116025
1766327399.7994397,122495,116025
1766327399.8104587,122282,115902
1766327399.821506,122518,116046
1766327399.8325303,122518,116046
1766327399.8435476,122518,116046
1766327399.8545675,122274,115898
1766327399.8656144,122562,116054
1766327399.8766558,122562,116054
1766327399.8876982,122274,115899
1766327399.8987336,122608,116068
1766327399.909766,122608,116068
1766327399.9208274,122608,116068
1766327399.9318764,122313,115926
1766327399.942913,122628,116057
1766327399.953948,122628,116057
1766327399.9650002,122628,116057
1766327399.9760427,122361,115934
1766327399.9870894,122652,116083
1766327399.998126,122652,116083
1766327400.0091622,122431,115965
1766327400.0202174,122543,116039
1766327400.0312638,122543,116039
1766327400.0422986,122543,116039
1766327400.0533345,122474,115978
1766327400.0643864,122264,115896
1766327400.0754385,122264,115896
1766327400.0864768,122484,115977
1766327400.0975144,122114,115846
1766327400.1085505,122114,115846
1766327400.1196103,122114,115846
1766327400.130651,122524,115996
1766327400.14172,122074,115835
1766327400.1527603,122074,115835
1766327400.1638105,122074,115835
1766327400.1748662,122517,115991
1766327400.1859236,122138,115868
1766327400.1970012,122138,115868
1766327400.2080424,122571,116005
1766327400.2191062,122167,115903
1766327400.2301443,122167,115903
1766327400.2411878,122167,115903
1766327400.2522273,122600,116020
1766327400.2632675,122279,115912
1766327400.274331,122279,115912
1766327400.2853703,122568,115993
1766327400.2964094,122321,115947
1766327400.3074532,122321,115947
1766327400.3185074,122321,115947
1766327400.3296535,122351,115905
1766327400.3407779,122285,115914
1766327400.3518279,122285,115914
1766327400.362866,122285,115914
1766327400.373954,122322,115942
1766327400.3850188,122322,115942
1766327400.3960793,122322,115942
1766327400.4074214,121991,115760
1766327400.4186304,122323,115958
1766327400.4297826,122323,115958
1766327400.4408445,122323,115958
1766327400.4518876,121987,115762
1766327400.4629378,122415,115963
1766327400.47408,122415,115963
1766327400.485105,122003,115762
1766327400.4961836,122476,115995
1766327400.5072074,122476,115995
1766327400.518232,122476,115995
1766327400.5292556,122067,115798
1766327400.5403674,122477,115986
1766327400.5514016,122477,115986
1766327400.562421,122122,115813
1766327400.5735228,122527,116021
1766327400.5845947,122527,116021
1766327400.595841,122527,116021
1766327400.6069145,122173,115843
1766327400.617959,122517,116028
1766327400.6290014,122517,116028
1766327400.6401324,122517,116028
1766327400.6511822,122145,115839
1766327400.6622255,122573,116007
1766327400.673272,122573,116007
1766327400.6843903,122190,115827
1766327400.6954186,122610,116048
1766327400.7064404,122610,116048
1766327400.7174616,122610,116048
1766327400.7284818,122242,115864
1766327400.7395022,122660,116084
1766327400.750523,122660,116084
1766327400.7615433,122304,115889
1766327400.7725785,122564,116010
1766327400.783684,122564,116010
1766327400.794733,122564,116010
1766327400.805771,122363,115915
1766327400.816811,122274,115905
1766327400.8278491,122274,115905
1766327400.8388836,122274,115905
1766327400.8499565,122406,115934
1766327400.8609958,122088,115822
1766327400.8720386,122088,115822
1766327400.8831186,122440,115925
1766327400.8941965,122079,115817
1766327400.9052367,122079,115817
1766327400.916277,122079,115817
1766327400.9273162,122462,115939
1766327400.938355,122065,115817
1766327400.949392,122065,115817
1766327400.9604282,122500,115977
1766327400.971472,122145,115852
1766327400.982518,122145,115852
1766327400.9935846,122145,115852
1766327401.0046263,122522,115966
1766327401.0156658,122212,115869
1766327401.0266986,122212,115869
1766327401.0377352,122212,115869
1766327401.0487714,122571,115992
1766327401.059811,122282,115902
1766327401.0708532,122282,115902
1766327401.0818896,122458,115927
1766327401.092924,122274,115898
1766327401.1040156,122274,115898
1766327401.1152403,122274,115898
1766327401.1263864,122140,115783
1766327401.1375086,122274,115899
1766327401.148747,122274,115899
1766327401.159988,121958,115724
1766327401.1712513,122313,115926
1766327401.1824844,122313,115926
1766327401.1936452,122313,115926
1766327401.204697,121934,115713
1766327401.2157385,122361,115934
1766327401.2268178,122361,115934
1766327401.237932,121953,115732
1766327401.2491076,122431,115965
1766327401.2603297,122431,115965
1766327401.271633,122431,115965
1766327401.2827616,121983,115739
1766327401.2939086,122474,115978
1766327401.3050594,122474,115978
1766327401.316137,122474,115978
1766327401.3272073,122102,115796
1766327401.3382857,122484,115977
1766327401.349247,122484,115977
1766327401.360214,122125,115808
1766327401.371176,122524,115996
1766327401.3821497,122524,115996
1766327401.3931165,122524,115996
1766327401.4041195,122132,115806
1766327401.4151838,122517,115991
1766327401.426145,122517,115991
1766327401.4371054,122126,115803
1766327401.4480593,122571,116005
1766327401.4590175,122571,116005
1766327401.469977,122571,116005
1766327401.4809318,122190,115833
1766327401.4918857,122600,116020
1766327401.502915,122600,116020
1766327401.5138843,122600,116020
1766327401.524844,122256,115855
1766327401.5357995,122568,115993
1766327401.5467682,122568,115993
1766327401.5577292,122314,115885
1766327401.5686958,122351,115905
1766327401.5796576,122351,115905
1766327401.5907607,122351,115905
1766327401.6017928,122368,115892
1766327401.61276,122040,115764
1766327401.623722,122040,115764
1766327401.6346774,122040,115764
1766327401.6456325,121991,115760
1766327401.6565857,121991,115760
1766327401.6675403,121991,115760
1766327401.6784935,122433,115908
1766327401.6894457,121987,115762
1766327401.7003996,121987,115762
1766327401.7113528,121987,115762
1766327401.7223065,122449,115924
1766327401.7332613,122003,115762
1766327401.7442133,122003,115762
1766327401.7551694,122499,115947
1766327401.7661235,122067,115798
1766327401.7770798,122067,115798
1766327401.788049,122067,115798
1766327401.799002,122508,115946
1766327401.8099546,122122,115813
1766327401.8209093,122122,115813
1766327401.831859,122122,115813
1766327401.8428166,122531,115954
1766327401.8537703,122173,115843
1766327401.8647244,122173,115843
1766327401.8756773,122426,115925
1766327401.8866303,122145,115839
1766327401.8975995,122145,115839
1766327401.9085534,122145,115839
1766327401.9195075,122115,115765
1766327401.9304583,122190,115827
1766327401.9414108,122190,115827
1766327401.952363,122190,115827
1766327401.9633183,121922,115692
1766327401.9742734,122242,115864
1766327401.9852352,122242,115864
1766327401.996191,121955,115716
1766327402.0071433,122304,115889
1766327402.0180976,122304,115889
1766327402.0291202,122304,115889
1766327402.0400815,121977,115724
1766327402.051115,122363,115915
1766327402.062075,122363,115915
1766327402.0730512,122038,115741
1766327402.0840054,122406,115934
1766327402.0949576,122406,115934
1766327402.1059096,122406,115934
1766327402.1168637,122143,115792
1766327402.1278155,122440,115925
1766327402.1387677,122440,115925
1766327402.1497197,122440,115925
1766327402.1606731,122211,115813
1766327402.171627,122462,115939
1766327402.1825943,122462,115939
1766327402.1935606,122167,115836
1766327402.204515,122500,115977
1766327402.2154696,122500,115977
1766327402.2264225,122500,115977
1766327402.237377,122185,115812
1766327402.2483516,122522,115966
1766327402.2593071,122522,115966
1766327402.2702644,122522,115966
1766327402.2812183,122211,115823
1766327402.2921703,122571,115992
1766327402.3031223,122571,115992
1766327402.3140755,122299,115846
1766327402.3250458,122458,115927
1766327402.3360004,122458,115927
1766327402.3469543,122458,115927
1766327402.3579075,122360,115874
1766327402.368862,122140,115783
1766327402.379821,122140,115783
1766327402.3907804,122365,115862
1766327402.4017448,121958,115724
1766327402.4129477,121958,115724
1766327402.4240406,121958,115724
1766327402.4350047,122444,115912
1766327402.4459581,121934,115713
1766327402.4569137,121934,115713
1766327402.4678812,121934,115713
1766327402.47884,122447,115912
1766327402.489794,121953,115732
1766327402.5007486,121953,115732
1766327402.5117688,122501,115918
1766327402.5227392,121983,115739
1766327402.533694,121983,115739
1766327402.5446653,121983,115739
1766327402.5556211,122517,115926
1766327402.5665836,122102,115796
1766327402.577539,122102,115796
1766327402.5885065,122102,115796
1766327402.599587,122125,115808
1766327402.6105509,122125,115808
1766327402.6215265,122125,115808
1766327402.6324883,122533,115927
1766327402.6434524,122132,115806
1766327402.6544297,122132,115806
1766327402.665472,122132,115806
1766327402.6764333,122293,115836
1766327402.6873875,122126,115803
1766327402.6983423,122126,115803
1766327402.709297,122043,115750
1766327402.7202668,122190,115833
1766327402.7313101,122190,115833
1766327402.7422729,122190,115833
1766327402.7532272,121992,115702
1766327402.764215,122256,115855
1766327402.7751927,122256,115855
1766327402.786168,122256,115855
1766327402.7971241,121965,115724
1766327402.8080778,122314,115885
1766327402.8190448,122314,115885
1766327402.8300014,122063,115724
1766327402.8409555,122368,115892
1766327402.851907,122368,115892
1766327402.8628595,122368,115892
1766327402.873819,122159,115787
1766327402.884774,122392,115882
1766327402.8957267,122392,115882
1766327402.9066787,122392,115882
1766327402.9176383,122433,115908
1766327402.9285922,122433,115908
1766327402.9395452,122433,115908
1766327402.9505208,122200,115806
1766327402.9614744,122449,115924
1766327402.9724336,122449,115924
1766327402.983431,122449,115924
1766327402.9945288,122196,115797
1766327403.0055912,122499,115947
1766327403.0166454,122499,115947
1766327403.0277088,122203,115807
1766327403.038666,122508,115946
1766327403.0496216,122508,115946
1766327403.0606809,122508,115946
1766327403.071653,122257,115842
1766327403.082611,122531,115954
1766327403.0935667,122531,115954
1766327403.1045218,122531,115954
1766327403.115479,122333,115878
1766327403.126436,122426,115925
1766327403.1373887,122426,115925
1766327403.1483521,122342,115860
1766327403.159306,122115,115765
1766327403.1703367,122115,115765
1766327403.181325,122115,115765
1766327403.1923008,122384,115879
1766327403.2032561,121922,115692
1766327403.2142189,121922,115692
1766327403.225181,122372,115893
1766327403.2361374,121955,115716
1766327403.2470918,121955,115716
1766327403.2580442,121955,115716
1766327403.2690163,122428,115900
1766327403.2799768,121977,115724
1766327403.290942,121977,115724
1766327403.3019202,121977,115724
1766327403.3128796,122447,115904
1766327403.3239205,122038,115741
1766327403.334882,122038,115741
1766327403.345841,122427,115887
1766327403.3567967,122143,115792
1766327403.3677611,122143,115792
1766327403.37872,122143,115792
1766327403.389702,122433,115887
1766327403.4006712,122211,115813
1766327403.4118,122211,115813
1766327403.422855,122211,115813
1766327403.43382,122141,115766
1766327403.4452767,122167,115836
1766327403.4563327,122167,115836
1766327403.4673073,121881,115663
1766327403.47827,122185,115812
1766327403.4892251,122185,115812
1766327403.5001845,122185,115812
1766327403.5111377,121807,115633
1766327403.522094,122211,115823
1766327403.5330472,122211,115823
1766327403.544001,121801,115665
1766327403.55496,122299,115846
1766327403.56592,122299,115846
1766327403.576876,122299,115846
1766327403.5878472,121811,115656
1766327403.5988781,122360,115874
1766327403.609843,122360,115874
1766327403.620804,122360,115874
1766327403.6318817,121849,115675
1766327403.642838,122365,115862
1766327403.6538668,122365,115862
1766327403.664841,121927,115666
1766327403.6757967,122444,115912
1766327403.6867492,122444,115912
1766327403.6977038,122444,115912
1766327403.7086635,121928,115693
1766327403.719619,122447,115912
1766327403.7305715,122447,115912
1766327403.7415257,122447,115707
1766327403.752479,122501,115918
1766327403.763432,122501,115918
1766327403.774391,122501,115918
1766327403.7853594,121932,115700
1766327403.7963183,122517,115926
1766327403.8072712,122517,115926
1766327403.8182266,122517,115926
1766327403.8291802,121975,115706
1766327403.840133,122511,115908
1766327403.8510847,122511,115908
1766327403.8620365,122047,115733
1766327403.8729916,122533,115927
1766327403.883947,122533,115927
1766327403.8949,122533,115927
1766327403.9058526,122093,115765
1766327403.9168084,122293,115836
1766327403.9277608,122293,115836
1766327403.9387126,122293,115836
1766327403.9496648,122123,115781
1766327403.9606173,122043,115750
1766327403.9715703,122043,115750
1766327403.9825284,122203,115780
1766327403.9934845,121992,115702
1766327404.004452,121992,115702
1766327404.0154133,121992,115702
1766327404.0263653,122238,115810
1766327404.0373182,121965,115724
1766327404.0482707,121965,115724
1766327404.059222,121965,115724
1766327404.070176,122063,115724
1766327404.0811284,122063,115724
1766327404.0920804,122063,115724
1766327404.1030328,122299,115833
1766327404.1139848,122159,115787
1766327404.1249363,122159,115787
1766327404.1358888,122159,115787
1766327404.146841,122326,115848
1766327404.1577928,122222,115821
1766327404.168746,122222,115821
1766327404.1797066,122378,115874
1766327404.1906648,122200,115806
1766327404.2016184,122200,115806
1766327404.2125711,122200,115806
1766327404.223527,122370,115864
1766327404.2344785,122196,115797
1766327404.2454326,122196,115797
1766327404.256385,122196,115797
1766327404.2673373,122154,115754
1766327404.2782924,122203,115807
1766327404.2892447,122203,115807
1766327404.300198,121800,115643
1766327404.3111494,122257,115842
1766327404.322102,122257,115842
1766327404.3330557,122257,115842
1766327404.3440208,121666,115561
1766327404.3549812,122333,115878
1766327404.3659353,122333,115878
1766327404.376888,122333,115878
1766327404.3878438,121612,115545
1766327404.3987978,122342,115860
1766327404.4098837,122342,115860
1766327404.4209247,121646,115561
1766327404.4318962,122384,115879
1766327404.4428508,122384,115879
1766327404.4538043,122384,115879
1766327404.4647741,121695,115575
1766327404.4758093,122372,115893
1766327404.4867685,122372,115893
1766327404.4977458,121775,115617
1766327404.5087013,122428,115900
1766327404.5196645,122428,115900
1766327404.5306203,122428,115900
1766327404.5415742,121788,115617
1766327404.5525284,122447,115904
1766327404.5634818,122447,115904
1766327404.5744362,122447,115904
1766327404.585404,121773,115620
1766327404.5964928,122427,115887
1766327404.6074586,122427,115887
1766327404.6184196,121786,115625
1766327404.6293762,122433,115887
1766327404.6403308,122433,115887
1766327404.6512835,122433,115887
1766327404.662237,121824,115629
1766327404.673192,122141,115766
1766327404.6841578,122141,115766
1766327404.6951313,122141,115766
1766327404.7060928,122141,115766
1766327404.7170467,121881,115663
1766327404.728003,121881,115663
1766327404.7389617,121945,115686
1766327404.749996,121807,115633
1766327404.7609584,121807,115633
1766327404.771924,121807,115633
1766327404.7828934,122004,115708
1766327404.793864,121801,115665
1766327404.804821,121801,115665
1766327404.8157783,122076,115745
1766327404.826731,121811,115656
1766327404.837682,121811,115656
1766327404.8486369,121811,115656
1766327404.859588,122101,115744
1766327404.870543,121849,115675
1766327404.881495,121849,115675
1766327404.892448,121849,115675
1766327404.9034007,122141,115751
1766327404.9143548,121927,115666
1766327404.9253047,121927,115666
1766327404.936466,122165,115771
1766327404.9476745,121928,115693
1766327404.9587452,121928,115693
1766327404.9697888,121928,115693
1766327404.9808936,122216,115783
1766327404.9920053,121935,115707
1766327405.0030918,121935,115707
1766327405.014184,122246,115775
1766327405.0252612,121932,115700
1766327405.0364516,121932,115700
1766327405.0481973,121932,115700
1766327405.0593083,122253,115794
1766327405.0704088,121975,115706
1766327405.0814953,121975,115706
1766327405.0924582,121975,115706
1766327405.1034155,121966,115662
1766327405.1143842,122047,115733
1766327405.1253402,122047,115733
1766327405.1362941,121733,115556
1766327405.1472497,122093,115765
1766327405.1582031,122093,115765
1766327405.1691577,122093,115765
1766327405.1801155,121624,115534
1766327405.1911156,122123,115781
1766327405.202073,122123,115781
1766327405.213047,121628,115525
1766327405.2240052,122203,115780
1766327405.2349584,122203,115780
1766327405.2459145,122203,115780
1766327405.256867,121670,115549
1766327405.2678201,122238,115810
1766327405.278777,122238,115810
1766327405.2897305,122238,115810
1766327405.3006837,121777,115589
1766327405.3116364,122248,115795
1766327405.322589,122248,115795
1766327405.3335416,121829,115638
1766327405.3444946,122299,115833
1766327405.3554485,122299,115833
1766327405.3664014,122299,115833
1766327405.3773782,121820,115610
1766327405.3883479,122326,115848
1766327405.3993142,122326,115848
1766327405.4104207,122326,115848
1766327405.4214792,121779,115583
1766327405.432441,122378,115874
1766327405.443396,122378,115874
1766327405.4543593,121840,115622
1766327405.465315,122370,115864
1766327405.4762692,122370,115864
1766327405.4872909,122370,115864
1766327405.4982493,121885,115644
1766327405.509204,122154,115754
1766327405.5201652,122154,115754
1766327405.5311177,121967,115681
1766327405.5420694,121800,115643
1766327405.5530412,121800,115643
1766327405.5639954,121800,115643
1766327405.5749488,122032,115699
1766327405.5859125,121666,115561
1766327405.596941,121666,115561
1766327405.6079042,121666,115561
1766327405.6188679,122085,115731
1766327405.6298234,121612,115545
1766327405.6408336,121612,115545
1766327405.6517925,122141,115736
1766327405.6627493,121646,115561
1766327405.6737092,121646,115561
1766327405.6846626,121646,115561
1766327405.695614,122165,115758
1766327405.7065725,121695,115575
1766327405.7175279,121695,115575
1766327405.7284808,121695,115575
1766327405.7394335,121695,115575
1766327405.7504113,121775,115617
1766327405.761365,121775,115617
1766327405.7723238,122234,115779
1766327405.783284,121788,115617
1766327405.794241,121788,115617
1766327405.8051927,121788,115617
1766327405.8161662,122271,115784
1766327405.8271205,121773,115620
1766327405.8380728,121773,115620
1766327405.8490348,122213,115748
1766327405.859989,121786,115625
1766327405.8709428,121786,115625
1766327405.8818955,121786,115625
1766327405.8928473,121912,115623
1766327405.9037988,121824,115629
1766327405.91475,121824,115629
1766327405.9257023,121824,115629
1766327405.9366543,121731,115537
1766327405.9476097,122141,115766
1766327405.9585612,122141,115766
1766327405.969517,121690,115562
1766327405.980471,121945,115686
1766327405.991429,121945,115686
1766327406.0023825,121945,115686
1766327406.0133357,121729,115553
1766327406.0242906,122004,115708
1766327406.035243,122004,115708
1766327406.0461953,122004,115708
1766327406.0571523,121774,115589
1766327406.0681064,122076,115745
1766327406.0790584,122076,115745
1766327406.0900106,121872,115619
1766327406.100977,122101,115744
1766327406.1119294,122101,115744
1766327406.122882,122101,115744
1766327406.133834,121910,115633
1766327406.1447866,122141,115751
1766327406.1557388,122141,115751
1766327406.166691,121863,115601
1766327406.1776466,122165,115771
1766327406.1886072,122165,115771
1766327406.19956,122165,115771
1766327406.2105608,121893,115613
1766327406.2216103,122216,115783
1766327406.232651,122216,115783
1766327406.2436929,122216,115783
1766327406.2547297,121973,115641
1766327406.2657642,122246,115775
1766327406.2768028,122246,115775
1766327406.2878397,122008,115693
1766327406.2988758,122253,115794
1766327406.3099365,122253,115794
1766327406.3209784,122253,115794
1766327406.33202,122087,115702
1766327406.3430562,121966,115662
1766327406.3540905,121966,115662
1766327406.365127,122190,115744
1766327406.3762004,121733,115556
1766327406.3872573,121733,115556
1766327406.3983014,121733,115556
1766327406.4095182,122203,115729
1766327406.4207265,121624,115534
1766327406.431783,121624,115534
1766327406.4428515,121624,115534
1766327406.4539535,122199,115750
1766327406.4650042,121628,115525
1766327406.4760456,121628,115525
1766327406.4870694,122268,115740
1766327406.4980886,121670,115549
1766327406.5091085,121670,115549
1766327406.5201392,121670,115549
1766327406.5311646,122306,115771
1766327406.5421834,121777,115589
1766327406.5532007,121777,115589
1766327406.56424,122237,115732
1766327406.5753014,121829,115638
1766327406.5863426,121829,115638
1766327406.5975144,121829,115638
1766327406.6085472,121977,115620
1766327406.619597,121820,115610
1766327406.6306202,121820,115610
1766327406.6416464,121820,115610
1766327406.6528156,121717,115518
1766327406.6639743,121779,115583
1766327406.6751282,121779,115583
1766327406.6862447,121681,115470
1766327406.6973736,121840,115622
1766327406.7084928,121840,115622
1766327406.7194707,121840,115622
1766327406.730426,121704,115517
1766327406.7413862,121885,115644
1766327406.7523386,121885,115644
1766327406.763297,121759,115544
1766327406.7742682,121967,115681
1766327406.7852368,121967,115681
1766327406.7961953,121967,115681
1766327406.8071592,121833,115569
1766327406.8181233,122032,115699
1766327406.8290772,122032,115699
1766327406.8400295,122032,115699
1766327406.850982,121929,115591
1766327406.8619335,122085,115731
1766327406.8728957,122085,115731
1766327406.883852,121916,115612
1766327406.894807,122141,115736
1766327406.9057586,122141,115736
1766327406.9167213,122141,115736
1766327406.9276779,121917,115600
1766327406.9386315,122165,115758
1766327406.9495847,122165,115758
1766327406.9605365,122165,115758
1766327406.9714947,121917,115586
1766327406.9824562,121695,115575
1766327406.9934149,121695,115575
1766327407.0043685,122013,115645
1766327407.0153248,122234,115779
1766327407.0262809,122234,115779
1766327407.0372334,122234,115779
1766327407.0481944,122092,115678
1766327407.0592368,122271,115784
1766327407.0702078,122271,115784
1766327407.0811763,122125,115672
1766327407.0921316,122213,115748
1766327407.1030848,122213,115748
1766327407.1140468,122213,115748
1766327407.1250067,122205,115715
1766327407.1359594,121912,115623
1766327407.1469312,121912,115623
1766327407.1578918,121912,115623
1766327407.1688552,122270,115722
1766327407.1798184,121731,115537
1766327407.1907828,121731,115537
1766327407.201736,122278,115758
1766327407.2126896,121690,115562
1766327407.2236545,121690,115562
1766327407.23461,121690,115562
1766327407.2455654,122308,115745
1766327407.2565193,121729,115553
1766327407.26748,121729,115553
1766327407.2784398,121729,115553
1766327407.2893944,122230,115698
1766327407.3003473,121774,115589
1766327407.311303,121774,115589
1766327407.3222625,121951,115580
1766327407.3332193,121872,115619
1766327407.3441725,121872,115619
1766327407.3551245,121872,115619
1766327407.3660817,121716,115482
1766327407.3770523,121910,115633
1766327407.3880148,121910,115633
1766327407.3989701,121628,115431
1766327407.4101427,121863,115601
1766327407.421205,121863,115601
1766327407.432176,121863,115601
1766327407.4431927,121677,115468
1766327407.4541554,121893,115613
1766327407.4651313,121893,115613
1766327407.476088,121893,115613
1766327407.487042,121668,115480
1766327407.4980223,121973,115641
1766327407.5089777,121973,115641
1766327407.519942,121779,115505
1766327407.5308964,122008,115693
1766327407.541849,122008,115693
1766327407.5528011,122008,115693
1766327407.5637548,121875,115553
1766327407.5747156,122087,115702
1766327407.5856807,122087,115702
1766327407.5967138,122087,115702
1766327407.6076744,122190,115744
1766327407.6186547,122190,115744
1766327407.629611,122190,115744
1766327407.6405659,121892,115567
1766327407.651519,122203,115729
1766327407.6624773,122203,115729
1766327407.6734455,122203,115729
1766327407.6844006,121924,115583
1766327407.6953516,122199,115750
1766327407.7063062,122199,115750
1766327407.717267,122048,115638
1766327407.7282212,122268,115740
1766327407.7391758,122268,115740
1766327407.7501278,122268,115740
1766327407.7610788,122078,115644
1766327407.772042,122306,115771
1766327407.7831144,122306,115771
1766327407.7941623,122306,115771
1766327407.805194,122100,115660
1766327407.816229,122237,115732
1766327407.8272653,122237,115732
1766327407.8382921,122198,115658
1766327407.849334,121977,115620
1766327407.8603587,121977,115620
1766327407.8714156,121977,115620
1766327407.882402,122231,115692
1766327407.8933563,121717,115518
1766327407.9043133,121717,115518
1766327407.9152822,122240,115710
1766327407.9262402,121681,115470
1766327407.9371939,121681,115470
1766327407.948161,121681,115470
1766327407.9591126,122306,115719
1766327407.9700742,121704,115517
1766327407.9810417,121704,115517
1766327407.9920077,121704,115517
1766327408.0029614,122285,115702
1766327408.013924,121759,115544
1766327408.0248837,121759,115544
1766327408.0358372,121963,115555
1766327408.04679,121833,115569
1766327408.057744,121833,115569
1766327408.0687056,121833,115569
1766327408.0796618,121714,115450
1766327408.0906155,121929,115591
1766327408.101567,121929,115591
1766327408.1125271,121929,115591
1766327408.1234903,121647,115453
1766327408.1344469,121916,115612
1766327408.1453996,121916,115612
1766327408.1563523,121642,115428
1766327408.1673653,121917,115600
1766327408.1783595,121917,115600
1766327408.1893353,121917,115600
1766327408.20031,121669,115450
1766327408.2112675,121917,115586
1766327408.2222288,121917,115586
1766327408.2331948,121731,115482
1766327408.24416,122013,115645
1766327408.2551124,122013,115645
1766327408.2660887,122013,115645
1766327408.2770634,121815,115523
1766327408.288017,122092,115678
1766327408.2989745,122092,115678
1766327408.3099267,122092,115678
1766327408.3208914,121846,115525
1766327408.3318477,122125,115672
1766327408.3428004,122125,115672
1766327408.3537536,121819,115499
1766327408.3647094,122205,115715
1766327408.3756692,122205,115715
1766327408.3866315,122205,115715
1766327408.397593,121887,115534
1766327408.408686,122270,115722
1766327408.4197855,122270,115722
1766327408.4308639,122270,115722
1766327408.4418914,121962,115554
1766327408.452854,122278,115758
1766327408.4638274,122278,115758
1766327408.4748018,122018,115590
1766327408.4857576,122308,115745
1766327408.496712,122308,115745
1766327408.507664,122308,115745
1766327408.518626,122087,115620
1766327408.5295842,122230,115698
1766327408.5405376,122230,115698
1766327408.5515156,122107,115622
1766327408.56247,121951,115580
1766327408.57343,121951,115580
1766327408.5843842,121951,115580
1766327408.5954962,122198,115657
1766327408.6064672,121716,115482
1766327408.6174445,121716,115482
1766327408.6284015,121716,115482
1766327408.639356,122234,115670
1766327408.6504898,121628,115431
1766327408.6615486,121628,115431
1766327408.6725233,122248,115699
1766327408.6836915,121677,115468
1766327408.6959255,121677,115468
1766327408.7069902,121677,115468
1766327408.7180674,122277,115693
1766327408.7294028,121668,115480
1766327408.74066,121668,115480
1766327408.7519107,122282,115657
1766327408.7630482,121779,115505
1766327408.774221,121779,115505
1766327408.7856996,121779,115505
1766327408.7969677,122089,115605
1766327408.808084,121875,115553
1766327408.8191848,121875,115553
1766327408.8302932,121768,115482
1766327408.8412585,121861,115542
1766327408.8522174,121861,115542
1766327408.8631792,121861,115542
1766327408.8741374,121673,115423
1766327408.8850925,121892,115567
1766327408.8960466,121892,115567
1766327408.907017,121892,115567
1766327408.917975,121641,115431
1766327408.9289296,121924,115583
1766327408.9398835,121924,115583
1766327408.9508367,121726,115418
1766327408.9617894,122048,115638
1766327408.9727423,122048,115638
1766327408.9836938,122048,115638
1766327408.9946792,121808,115479
1766327409.0056372,122078,115644
1766327409.016592,122078,115644
1766327409.0275457,122078,115644
1766327409.0384984,122100,115660
1766327409.049451,122100,115660
1766327409.0604045,122100,115660
1766327409.0713565,121905,115518
1766327409.0823238,122198,115658
1766327409.093279,122198,115658
1766327409.1042318,122198,115658
1766327409.1151843,121883,115510
1766327409.1261356,122231,115692
1766327409.1370933,122231,115692
1766327409.1480455,121925,115550
1766327409.1589978,122240,115710
1766327409.1699502,122240,115710
1766327409.1809156,122240,115710
1766327409.1918974,121955,115538
1766327409.2028604,122306,115719
1766327409.2138133,122306,115719
1766327409.2247665,122306,115719
1766327409.2357187,122004,115569
1766327409.246673,122285,115702
1766327409.257644,122285,115702
1766327409.268599,122088,115604
1766327409.2795684,121963,115555
1766327409.2905235,121963,115555
1766327409.3014767,121963,115555
1766327409.312429,122130,115608
1766327409.323383,121714,115450
1766327409.3343353,121714,115450
1766327409.3452868,121714,115450
1766327409.356239,121714,115450
1766327409.3671916,121647,115453
1766327409.378147,121647,115453
1766327409.3891222,122192,115626
1766327409.4001033,121642,115428
1766327409.4111881,121642,115428
1766327409.4222355,121642,115428
1766327409.4332862,122231,115638
1766327409.4442453,121669,115450
1766327409.4552002,121669,115450
1766327409.466166,122269,115670
1766327409.4771204,121731,115482
1766327409.488074,121731,115482
1766327409.4990265,121731,115482
1766327409.5099802,122157,115598
1766327409.5209959,121815,115523
1766327409.5319526,121815,115523
1766327409.5429053,121815,115523
1766327409.5538638,121816,115463
1766327409.5648215,121846,115525
1766327409.575774,121846,115525
1766327409.586754,121676,115368
1766327409.597813,121819,115499
1766327409.6088092,121819,115499
1766327409.6197734,121819,115499
1766327409.6307278,121669,115391
1766327409.641685,121887,115534
1766327409.6526396,121887,115534
1766327409.663593,121887,115534
1766327409.6746552,121962,115554
1766327409.6857133,121962,115554
1766327409.6967592,121962,115554
1766327409.7077289,121771,115449
1766327409.718695,122018,115590
1766327409.729649,122018,115590
1766327409.7406013,122018,115590
1766327409.751558,121860,115477
1766327409.7625113,122087,115620
1766327409.7734883,122087,115620
1766327409.784446,121830,115477
1766327409.795428,122107,115622
1766327409.8063855,122107,115622
1766327409.8173418,122107,115622
1766327409.8282948,121868,115478
1766327409.8392477,122198,115657
1766327409.8501995,122198,115657
1766327409.8611515,122198,115657
1766327409.872187,121870,115487
1766327409.8831666,122234,115670
1766327409.8941307,122234,115670
1766327409.9050863,121936,115489
1766327409.9160426,122248,115699
1766327409.9269955,122248,115699
1766327409.9379482,122248,115699
1766327409.9489172,122004,115532
1766327409.9598765,122277,115693
1766327409.9708345,122277,115693
1766327409.9817874,122095,115583
1766327409.992775,122282,115657
1766327410.0037463,122282,115657
1766327410.014716,122282,115657
1766327410.0256703,122119,115582
1766327410.036625,122089,115605
1766327410.0475767,122089,115605
1766327410.0585294,122089,115605
1766327410.0694826,122162,115602
1766327410.0804348,121768,115482
1766327410.0913858,121768,115482
1766327410.102338,122175,115591
1766327410.1132903,121673,115423
1766327410.1242588,121673,115423
1766327410.135217,121673,115423
1766327410.1461704,122230,115627
1766327410.1571267,121641,115431
1766327410.1680887,121641,115431
1766327410.179089,121641,115431
1766327410.1901138,122223,115630
1766327410.201097,121726,115418
1766327410.2120528,121726,115418
1766327410.223017,122062,115524
1766327410.2339747,121808,115479
1766327410.2449298,121808,115479
1766327410.255886,121808,115479
1766327410.266848,121747,115406
1766327410.2778137,121880,115499
1766327410.2887688,121880,115499
1766327410.2997382,121631,115385
1766327410.3106918,121905,115518
1766327410.321653,121905,115518
1766327410.332609,121905,115518
1766327410.3435621,121580,115341
1766327410.3545146,121883,115510
1766327410.3654726,121883,115510
1766327410.376429,121883,115510
1766327410.3874185,121585,115348
1766327410.3983984,121925,115550
1766327410.4095092,121925,115550
1766327410.4205658,121605,115358
1766327410.4315786,121955,115538
1766327410.442539,121955,115538
1766327410.4534984,121955,115538
1766327410.46447,121727,115408
1766327410.4754584,122004,115569
1766327410.4864142,122004,115569
1766327410.4973674,122004,115569
1766327410.5083194,121790,115446
1766327410.5192785,122088,115604
1766327410.530232,122088,115604
1766327410.541184,121746,115407
1766327410.5521364,122130,115608
1766327410.563088,122130,115608
1766327410.5740533,122130,115608
1766327410.5850081,121762,115424
1766327410.5961823,121714,115450
1766327410.6071541,121714,115450
1766327410.6181214,121784,115409
1766327410.6290789,122192,115626
1766327410.6400888,122192,115626
1766327410.6510696,122192,115626
1766327410.6620257,121876,115462
1766327410.6729934,122231,115638
1766327410.6839514,122231,115638
1766327410.694904,122231,115638
1766327410.7058601,121959,115492
1766327410.7168205,122269,115670
1766327410.7277753,122269,115670
1766327410.7387316,121993,115516
1766327410.749687,122157,115598
1766327410.7606401,122157,115598
1766327410.7716048,122157,115598
1766327410.7825768,122061,115534
1766327410.79356,121816,115463
1766327410.8045263,121816,115463
1766327410.815488,121816,115463
1766327410.8264446,122096,115566
1766327410.8373983,121676,115368
1766327410.848352,121676,115368
1766327410.8593037,122127,115566
1766327410.870261,121669,115391
1766327410.8812163,121669,115391
1766327410.892171,121669,115391
1766327410.9031234,122162,115580
1766327410.9140782,121714,115418
1766327410.9250515,121714,115418
1766327410.936005,122039,115511
1766327410.9469583,121771,115449
1766327410.9579105,121771,115449
1766327410.96887,121771,115449
1766327410.979826,121754,115377
1766327410.9908016,121860,115477
1766327411.001786,121860,115477
1766327411.0127437,121860,115477
1766327411.023707,121545,115297
1766327411.034664,121830,115477
1766327411.0456166,121830,115477
1766327411.0565693,121448,115265
1766327411.067528,121868,115478
1766327411.0784833,121868,115478
1766327411.0894356,121868,115478
1766327411.1003883,121480,115279
1766327411.1113403,121870,115487
1766327411.1222959,121870,115487
1766327411.1332512,121870,115487
1766327411.1442034,121517,115312
1766327411.1551547,121936,115489
1766327411.166111,121936,115489
1766327411.1771162,121584,115319
1766327411.1882288,122004,115532
1766327411.1993263,122004,115532
1766327411.2103734,122004,115532
1766327411.2213566,121642,115349
1766327411.2323182,122095,115583
1766327411.2432792,122095,115583
1766327411.2542298,121629,115325
1766327411.2651937,122119,115582
1766327411.276164,122119,115582
1766327411.287117,122119,115582
1766327411.2980697,121671,115360
1766327411.309037,122162,115602
1766327411.3199985,122162,115602
1766327411.3309543,122162,115602
1766327411.3419082,121740,115382
1766327411.3528833,122175,115591
1766327411.363839,122175,115591
1766327411.3747988,121801,115438
1766327411.385752,122230,115627
1766327411.3967395,122230,115627
1766327411.4077396,122230,115627
1766327411.4187927,121878,115441
1766327411.429753,122223,115630
1766327411.4407084,122223,115630
1766327411.4516623,122223,115630
1766327411.4626148,121929,115452
1766327411.473577,122062,115524
1766327411.4845316,122062,115524
1766327411.495484,122007,115496
1766327411.5064435,121747,115406
1766327411.5174358,121747,115406
1766327411.5284233,121747,115406
1766327411.539381,122046,115511
1766327411.5503368,121631,115385
1766327411.5612893,121631,115385
1766327411.5722497,122075,115510
1766327411.583226,121580,115341
1766327411.5944438,121580,115341
1766327411.605435,121580,115341
1766327411.6164074,122142,115539
1766327411.6273637,121585,115348
1766327411.6383183,121585,115348
1766327411.6492703,121585,115348
1766327411.6602285,122134,115549
1766327411.6711926,121605,115358
1766327411.6821485,121605,115358
1766327411.6931026,122029,115481
1766327411.704077,121727,115408
1766327411.7150369,121727,115408
1766327411.726078,121727,115408
1766327411.7371187,121702,115342
1766327411.7481906,121790,115446
1766327411.759232,121790,115446
1766327411.770279,121573,115314
1766327411.7813494,121746,115407
1766327411.792771,121746,115407
1766327411.8038344,121746,115407
1766327411.8149083,121535,115282
1766327411.8259647,121762,115424
1766327411.8370068,121762,115424
1766327411.8480403,121762,115424
1766327411.8590853,121508,115291
1766327411.8701398,121784,115409
1766327411.8811805,121784,115409
1766327411.8922186,121608,115285
1766327411.90326,121876,115462
1766327411.9143374,121876,115462
1766327411.9253902,121876,115462
1766327411.9364328,121707,115359
1766327411.9474747,121959,115492
1766327411.9585085,121959,115492
1766327411.9695632,121724,115353
1766327411.9806087,121993,115516
1766327411.9916914,121993,115516
1766327412.0027647,121993,115516
1766327412.0138237,121758,115369
1766327412.024881,122061,115534
1766327412.035926,122061,115534
1766327412.0469623,122061,115534
1766327412.0580308,121728,115374
1766327412.0692484,122096,115566
1766327412.0803175,122096,115566
1766327412.091359,121823,115365
1766327412.102404,122127,115566
1766327412.1134655,122127,115566
1766327412.1245286,122127,115566
1766327412.1355724,121902,115425
1766327412.1466088,122162,115580
1766327412.1576436,122162,115580
1766327412.168701,121964,115463
1766327412.1797767,122039,115511
1766327412.1908648,122039,115511
1766327412.2019525,122039,115511
1766327412.2129993,122043,115483
1766327412.2240684,121754,115377
1766327412.2351537,121754,115377
1766327412.2461936,121754,115377
1766327412.2572296,122116,115539
1766327412.268289,121545,115297
1766327412.2793589,121545,115297
1766327412.2903984,122114,115523
1766327412.3014371,121448,115265
1766327412.3124712,121448,115265
1766327412.323542,121448,115265
1766327412.3346012,122141,115536
1766327412.3456404,121480,115279
1766327412.3566782,121480,115279
1766327412.3677342,122200,115576
1766327412.3787825,121517,115312
1766327412.389862,121517,115312
1766327412.4009428,121517,115312
1766327412.412273,122182,115551
1766327412.4234273,121584,115319
1766327412.4345987,121584,115319
1766327412.4460616,121584,115448
1766327412.457351,121642,115349
1766327412.4685442,121642,115349
1766327412.4796371,121642,115349
1766327412.490725,121708,115315
1766327412.501805,121629,115325
1766327412.5128825,121629,115325
1766327412.5240235,121629,115325
1766327412.5351613,121580,115289
1766327412.5462487,121671,115360
1766327412.5573294,121671,115360
1766327412.5684214,121618,115290
1766327412.5795038,121740,115382
1766327412.5918002,121740,115382
1766327412.6033611,121740,115382
1766327412.6144416,121613,115322
1766327412.625498,121801,115438
1766327412.6365726,121801,115438
1766327412.6475337,121735,115326
1766327412.6584976,121878,115441
1766327412.6694627,121878,115441
1766327412.6804175,121878,115441
1766327412.6913705,121813,115386
1766327412.7023256,121929,115452
1766327412.7132826,121929,115452
1766327412.7242413,121805,115407
1766327412.735195,122007,115496
1766327412.7461488,122007,115496
1766327412.7571197,122007,115496
1766327412.7680829,121812,115380
1766327412.7790546,122046,115511
1766327412.7900326,122046,115511
1766327412.8010066,122046,115511
1766327412.8119626,121831,115393
1766327412.8229191,122075,115510
1766327412.8338716,122075,115510
1766327412.844824,121865,115397
1766327412.8557768,122142,115539
1766327412.8667295,122142,115539
1766327412.877694,122142,115539
1766327412.888667,121970,115446
1766327412.8996203,122134,115549
1766327412.9105735,122134,115549
1766327412.9215283,122134,115549
1766327412.9324815,122048,115486
1766327412.9434335,122029,115481
1766327412.9543858,122029,115481
1766327412.9653387,122082,115478
1766327412.9762914,121702,115342
1766327412.9872417,121702,115342
1766327412.9982188,121702,115342
1766327413.0091803,122131,115500
1766327413.020251,121573,115314
1766327413.0313148,121573,115314
1766327413.0423586,122146,115513
1766327413.0533211,121535,115282
1766327413.0642812,121535,115282
1766327413.0752358,121535,115282
1766327413.08619,122188,115531
1766327413.097143,121508,115291
1766327413.1081076,121508,115291
1766327413.1190639,121508,115291
1766327413.1300173,122227,115539
1766327413.1409698,121608,115285
1766327413.151922,121608,115285
1766327413.1628742,122141,115483
1766327413.1739178,121707,115359
1766327413.1848857,121707,115359
1766327413.1958737,121707,115359
1766327413.2068386,121873,115386
1766327413.2177973,121724,115353
1766327413.2287571,121724,115353
1766327413.23971,121724,115353
1766327413.2506654,121679,115323
1766327413.2616181,121758,115369
1766327413.2725716,121758,115369
1766327413.2835412,121644,115295
1766327413.294498,121728,115374
1766327413.3054671,121728,115374
1766327413.3164246,121728,115374
1766327413.3273785,121672,115309
1766327413.3383331,121823,115365
1766327413.3492882,121823,115365
1766327413.3602421,121705,115322
1766327413.3711972,121902,115425
1766327413.3821497,121902,115425
1766327413.393147,121902,115425
1766327413.4041336,121824,115387
1766327413.4152045,121964,115463
1766327413.4262252,121964,115463
1766327413.4371853,121964,115463
1766327413.4481394,121893,115393
1766327413.459114,122043,115483
1766327413.470077,122043,115483
1766327413.4811263,121858,115415
1766327413.4920824,122116,115539
1766327413.5030375,122116,115539
1766327413.5139945,122116,115539
1766327413.524949,121876,115395
1766327413.5358994,122114,115523
1766327413.5468535,122114,115523
1766327413.5578063,122114,115523
1766327413.5687635,121890,115413
1766327413.5797153,122141,115536
1766327413.5911632,122141,115536
1766327413.6022546,121974,115442
1766327413.6132295,122200,115576
1766327413.624191,122200,115576
1766327413.6351433,122200,115576
1766327413.6461008,122045,115461
1766327413.6570551,122182,115551
1766327413.6680086,122182,115551
1766327413.6789625,122096,115520
1766327413.6899166,121954,115448
1766327413.7008712,121954,115448
1766327413.7118244,121954,115448
1766327413.7227776,122155,115504
1766327413.733729,121708,115315
1766327413.7446833,121708,115315
1766327413.7556384,121708,115315
1766327413.7665896,122142,115514
1766327413.7775617,121580,115289
1766327413.7885172,121580,115289
1766327413.7994978,122218,115515
1766327413.810471,121618,115290
1766327413.821429,121618,115290
1766327413.8323817,121618,115290
1766327413.843333,122252,115546
1766327413.8542857,121613,115322
1766327413.865238,121613,115322
1766327413.8761904,121613,115322
1766327413.887142,121735,115326
1766327413.898094,121735,115326
1766327413.9090452,121735,115326
1766327413.9199975,121950,115414
1766327413.9309645,121813,115386
1766327413.9419196,121813,115386
1766327413.9528728,121813,115386
1766327413.9638252,121693,115294
1766327413.9747784,121805,115407
1766327413.9857304,121805,115407
1766327413.9967077,121654,115279
1766327414.007671,121812,115380
1766327414.0186274,121812,115380
1766327414.0295808,121812,115380
1766327414.0405362,121640,115281
1766327414.051488,121831,115393
1766327414.062442,121831,115393
1766327414.073396,121831,115393
1766327414.0843487,121648,115294
1766327414.0953052,121865,115397
1766327414.1062574,121865,115397
1766327414.117211,121740,115347
1766327414.128164,121970,115446
1766327414.1391153,121970,115446
1766327414.150066,121970,115446
1766327414.1610606,121812,115366
1766327414.1720169,122048,115486
1766327414.182987,122048,115486
1766327414.1939595,122048,115486
1766327414.2049294,122048,115486
1766327414.2158854,122082,115478
1766327414.2268384,122082,115478
1766327414.2377925,121822,115361
1766327414.2487462,122131,115500
1766327414.2596984,122131,115500
1766327414.2706513,122131,115500
1766327414.2816207,121842,115386
1766327414.2925758,122146,115513
1766327414.3035288,122146,115513
1766327414.3144805,121909,115386
1766327414.325432,122188,115531
1766327414.336384,122188,115531
1766327414.347335,122188,115531
1766327414.3582866,121995,115430
1766327414.36924,122227,115539
1766327414.3801913,122227,115539
1766327414.3911607,122227,115539
1766327414.4021313,122085,115465
1766327414.413245,122141,115483
1766327414.4242911,122141,115483
1766327414.4352837,122108,115512
1766327414.4462748,121873,115386
1766327414.457234,121873,115386
1766327414.4682038,121873,115386
1766327414.4791567,122167,115498
1766327414.4901094,121679,115323
1766327414.5010617,121679,115323
1766327414.5120323,121679,115323
1766327414.5229874,121644,115295
1766327414.5339394,121644,115295
1766327414.5448914,121644,115295
1766327414.555843,122222,115532
1766327414.5667927,121672,115309
1766327414.5777707,121672,115309
1766327414.588727,121672,115309
1766327414.5997965,122263,115537
1766327414.6108007,121705,115322
1766327414.6217675,121705,115322
1766327414.6327224,122273,115567
1766327414.6436765,121824,115387
1766327414.6546342,121824,115387
1766327414.6656837,121824,115387
1766327414.676645,121979,115405
1766327414.687597,121893,115393
1766327414.6985545,121893,115393
1766327414.7095084,121893,115393
1766327414.7204642,121658,115283
1766327414.7314165,121858,115415
1766327414.742369,121858,115415
1766327414.7533243,121612,115234
1766327414.7642834,121876,115395
1766327414.775237,121876,115395
1766327414.7862036,121876,115395
1766327414.7971938,121609,115259
1766327414.80816,121890,115413
1766327414.8191147,121890,115413
1766327414.8300703,121890,115413
1766327414.8410397,121974,115442
1766327414.8519936,121974,115442
1766327414.862968,121974,115442
1766327414.8739235,121699,115311
1766327414.8848772,122045,115461
1766327414.8958294,122045,115461
1766327414.9067817,122045,115461
1766327414.9177327,121793,115342
1766327414.9286869,122096,115520
1766327414.9396393,122096,115520
1766327414.950591,121851,115382
1766327414.9615433,122155,115504
1766327414.9724958,122155,115504
1766327414.9834464,122155,115504
1766327414.9944186,121809,115351
1766327415.0053895,122142,115514
1766327415.0163584,122142,115514
1766327415.027312,122142,115514
1766327415.0382648,121831,115370
1766327415.0492165,122218,115515
1766327415.0601692,122218,115515
1766327415.0711224,121912,115390
1766327415.0820756,122252,115546
1766327415.0930417,122252,115546
1766327415.103994,122252,115546
1766327415.114945,121977,115419
1766327415.1258962,122211,115504
1766327415.1368482,122211,115504
1766327415.1477997,122211,115504
1766327415.1587515,122211,115504
1766327415.1697032,121950,115414
1766327415.1806552,121950,115414
1766327415.1916728,122110,115470
1766327415.202664,121693,115294
1766327415.2136354,121693,115294
1766327415.2245927,121693,115294
1766327415.235546,122173,115484
1766327415.246498,121654,115279
1766327415.2574527,121654,115279
1766327415.268406,122220,115512
1766327415.2793787,121640,115281
1766327415.2903335,121640,115281
1766327415.3012857,121640,115281
1766327415.3122394,122236,115514
1766327415.3231947,121648,115294
1766327415.3341486,121648,115294
1766327415.345341,121648,115294
1766327415.356305,122219,115526
1766327415.3672605,121740,115347
1766327415.3782141,121740,115347
1766327415.3891928,122268,115510
1766327415.4001794,121812,115366
1766327415.4113016,121812,115366
1766327415.4223619,121812,115366
1766327415.4333875,122015,115412
1766327415.4443471,122048,115486
1766327415.455301,122048,115486
1766327415.4662623,121775,115324
1766327415.4772158,121822,115361
1766327415.488169,121822,115361
1766327415.499121,121822,115361
1766327415.5100725,121670,115267
1766327415.5210528,121842,115386
1766327415.5320084,121842,115386
1766327415.5429606,121842,115386
1766327415.553932,121674,115271
1766327415.564892,121909,115386
1766327415.5758443,121909,115386
1766327415.5867956,121673,115289
1766327415.5978544,121995,115430
1766327415.6088681,121995,115430
1766327415.619833,121995,115430
1766327415.630788,121786,115326
1766327415.6418211,122085,115465
1766327415.6527865,122085,115465
1766327415.6637444,122085,115465
1766327415.6747012,121882,115377
1766327415.6856558,122108,115512
1766327415.6966178,122108,115512
1766327415.707573,121882,115352
1766327415.718533,122167,115498
1766327415.7294853,122167,115498
1766327415.740438,122167,115498
1766327415.7513957,121891,115367
1766327415.7623775,122154,115482
1766327415.7733366,122154,115482
1766327415.7843108,121915,115404
1766327415.7952945,122222,115532
1766327415.8062658,122222,115532
1766327415.817224,122222,115532
1766327415.8281775,121973,115402
1766327415.8391297,122263,115537
1766327415.850083,122263,115537
1766327415.8610468,122263,115537
1766327415.8719993,122055,115430
1766327415.8829582,122273,115567
1766327415.8939188,122273,115567
1766327415.9048896,122100,115432
1766327415.915846,121979,115405
1766327415.9267983,121979,115405
1766327415.9377506,121979,115405
1766327415.9487035,122182,115481
1766327415.9596546,121658,115283
1766327415.970606,121658,115283
1766327415.981558,121658,115283
1766327415.9925232,122209,115496
1766327416.0034983,121612,115234
1766327416.0144522,121612,115234
1766327416.0254047,122258,115476
1766327416.0363576,121609,115259
1766327416.0473087,121609,115259
1766327416.0582604,121609,115259
1766327416.0692127,122280,115530
1766327416.0801656,121611,115253
1766327416.0911164,121611,115253
1766327416.1020668,121611,115556
1766327416.1130211,121699,115311
1766327416.1239738,121699,115311
1766327416.1349256,121699,115311
1766327416.1458774,122318,115537
1766327416.156829,121793,115342
1766327416.1677804,121793,115342
1766327416.1787324,121793,115342
1766327416.1897027,122082,115427
1766327416.2006752,121851,115382
1766327416.2116299,121851,115382
1766327416.2225835,121816,115319
1766327416.2337646,121809,115351
1766327416.2449143,121809,115351
1766327416.2560148,121809,115351
1766327416.2670708,121749,115295
1766327416.278258,121831,115370
1766327416.2893443,121831,115370
1766327416.3004413,121831,115370
1766327416.3115208,121912,115390
1766327416.3226004,121912,115390
1766327416.3336809,121912,115390
1766327416.344901,121840,115339
1766327416.3572054,121977,115419
1766327416.3682747,121977,115419
1766327416.3793502,121977,115419
1766327416.3904395,121960,115403
1766327416.4014273,122211,115504
1766327416.4125626,122211,115504
1766327416.4236245,122027,115406
1766327416.4345841,122110,115470
1766327416.4456177,122110,115470
1766327416.4565783,122110,115470
1766327416.4675465,122017,115402
1766327416.4785116,122173,115484
1766327416.4894667,122173,115484
1766327416.500421,122013,115421
1766327416.5113752,122220,115512
1766327416.522336,122220,115512
1766327416.5332913,122220,115512
1766327416.5442452,122041,115427
1766327416.555198,122236,115514
1766327416.566157,122236,115514
1766327416.5771112,122236,115514
1766327416.5880787,122090,115437
1766327416.599112,122219,115526
1766327416.61013,122219,115526
1766327416.621113,122149,115486
1766327416.6320717,122268,115510
1766327416.643025,122268,115510
1766327416.6539876,122268,115510
1766327416.6649473,122210,115488
1766327416.6759021,122015,115412
1766327416.6868567,122015,115412
1766327416.6978116,122015,115412
1766327416.708979,121775,115324
1766327416.7200558,121775,115324
1766327416.7311184,121775,115324
1766327416.7420857,122278,115508
1766327416.7530565,121670,115267
1766327416.7640162,121670,115267
1766327416.7749822,121670,115267
1766327416.7859435,122303,115522
1766327416.796912,121674,115271
1766327416.8078659,121674,115271
1766327416.8188365,122316,115520
1766327416.8297935,121673,115289
1766327416.840746,121673,115289
1766327416.851698,121673,115289
1766327416.8626494,122372,115546
1766327416.8736124,121786,115326
1766327416.8845665,121786,115326
1766327416.8955188,121786,115326
1766327416.9064703,122231,115493
1766327416.917433,121882,115377
1766327416.9283917,121882,115377
1766327416.939345,121982,115352
1766327416.950298,121882,115352
1766327416.9612708,121882,115352
1766327416.9722311,121882,115352
1766327416.9831882,121843,115308
1766327416.9941416,121891,115367
1766327417.0051017,121891,115367
1766327417.0160644,121891,115332
1766327417.027077,121915,115404
1766327417.038056,121915,115404
1766327417.0490844,121915,115404
1766327417.0600438,121899,115338
1766327417.0710099,121973,115402
1766327417.0819678,121973,115402
1766327417.0929224,121973,115402
1766327417.1038742,121999,115382
1766327417.1148336,122055,115430
1766327417.1257885,122055,115430
1766327417.136743,122053,115420
1766327417.1476958,122100,115432
1766327417.1586478,122100,115432
1766327417.1696067,122100,115432
1766327417.1805637,122093,115424
1766327417.1915205,122182,115481
1766327417.2024848,122182,115481
1766327417.2134418,122182,115481
1766327417.2244065,122038,115416
1766327417.2353618,122209,115496
1766327417.2463133,122209,115496
1766327417.2572675,122101,115400
1766327417.2682278,122258,115476
1766327417.2791853,122258,115476
1766327417.2901385,122258,115476
1766327417.3010976,122152,115447
1766327417.3120656,122280,115530
1766327417.3230305,122280,115530
1766327417.3339899,122280,115486
1766327417.3449442,122345,115556
1766327417.355909,122345,115556
1766327417.366872,122345,115556
1766327417.37783,122262,115480
1766327417.3887835,122318,115537
1766327417.3997457,122318,115537
1766327417.410867,122318,115537
1766327417.4219334,122293,115498
1766327417.4328935,122082,115427
1766327417.4438498,122082,115427
1766327417.4548063,122296,115479
1766327417.4657748,121816,115319
1766327417.476729,121816,115319
1766327417.4876885,121816,115319
1766327417.4986427,122352,115514
1766327417.5095959,121749,115295
1766327417.5205579,121749,115295
1766327417.5315108,121749,115295
1766327417.5425096,122346,115528
1766327417.5535502,121765,115287
1766327417.5645986,121765,115287
1766327417.5757406,122357,115489
1766327417.5867856,121840,115339
1766327417.5979784,121840,115339
1766327417.6091254,121840,115339
1766327417.620214,122112,115421
1766327417.631264,121960,115403
1766327417.6423748,121960,115403
1766327417.6533978,121860,115323
1766327417.6645002,122027,115406
1766327417.6755369,122027,115406
1766327417.6865609,122027,115406
1766327417.6975772,121764,115263
1766327417.7085996,122017,115402
1766327417.7196434,122017,115402
1766327417.7306664,122017,115402
1766327417.741693,121809,115309
1766327417.7527373,122013,115421
1766327417.7638013,122013,115421
1766327417.7748604,121806,115303
1766327417.7859085,122041,115427
1766327417.7969587,122041,115427
1766327417.8080025,122041,115427
1766327417.8190577,121897,115325
1766327417.8300946,122090,115437
1766327417.8411348,122090,115437
1766327417.8521998,122003,115394
1766327417.8632507,122149,115486
1766327417.8743083,122149,115486
1766327417.885352,122149,115486
1766327417.8963912,121978,115361
1766327417.9074285,122210,115488
1766327417.918479,122210,115488
1766327417.929527,122210,115488
1766327417.9405668,121993,115359
1766327417.9516206,122208,115476
1766327417.9626565,122208,115476
1766327417.9737153,122010,115372
1766327417.9847643,122278,115508
1766327417.9958088,122278,115508
1766327418.0068529,122278,115508
1766327418.0179355,122059,115395
1766327418.0289876,122303,115522
1766327418.0400484,122303,115522
1766327418.0511122,122141,115415
1766327418.0621476,122316,115520
1766327418.0731978,122316,115520
1766327418.0842478,122316,115520
1766327418.0952907,122195,115449
1766327418.1063259,122372,115546
1766327418.1173759,122372,115546
1766327418.1284246,122372,115546
1766327418.139468,122223,115459
1766327418.1505005,122231,115493
1766327418.1615384,122231,115493
1766327418.1726875,122272,115478
1766327418.1837628,121982,115352
1766327418.1948075,121982,115352
1766327418.2060657,121982,115352
1766327418.2172692,122305,115493
1766327418.2283425,121843,115308
1766327418.2393954,121843,115308
1766327418.2504482,122299,115485
1766327418.2615724,121863,115332
1766327418.2726114,121863,115332
1766327418.2836432,121863,115332
1766327418.2946637,122248,115465
1766327418.3056884,121899,115338
1766327418.3167224,121899,115338
1766327418.327747,121899,115334
1766327418.338767,121999,115382
1766327418.3497887,121999,115382
1766327418.3609061,121999,115382
1766327418.3719964,121706,115223
1766327418.3830397,122053,115420
1766327418.3940783,122053,115420
1766327418.4051316,122053,115420
1766327418.4177341,121704,115214
1766327418.428928,122093,115424
1766327418.4399877,122093,115424
1766327418.4511037,121688,115229
1766327418.4622455,122038,115416
1766327418.473278,122038,115416
1766327418.4843028,122038,115416
1766327418.4953134,121733,115247
1766327418.5063307,122101,115400
1766327418.5173528,122101,115400
1766327418.528363,121799,115264
1766327418.5393686,122152,115447
1766327418.5503764,122152,115447
1766327418.561432,122152,115447
1766327418.5724907,121897,115310
1766327418.5835376,122214,115486
1766327418.5947225,122214,115486
1766327418.6058497,122214,115486
1766327418.6169221,122262,115480
1766327418.6279695,122262,115480
1766327418.639007,122262,115480
1766327418.6500487,121902,115318
1766327418.6611192,122293,115498
1766327418.672181,122293,115498
1766327418.683206,122293,115498
1766327418.6942272,121949,115332
1766327418.7052522,122296,115479
1766327418.716307,122296,115479
1766327418.7273304,121991,115364
1766327418.738354,122352,115514
1766327418.7493758,122352,115514
1766327418.760402,122352,115514
1766327418.7714624,122069,115384
1766327418.7825034,122346,115528
1766327418.7935426,122346,115528
1766327418.804596,122346,115397
1766327418.8156664,122357,115489
1766327418.8267198,122357,115489
1766327418.83776,122357,115489
1766327418.8488011,122163,115416
1766327418.8598454,122112,115421
1766327418.8709023,122112,115421
1766327418.8819423,122112,115421
1766327418.892985,122206,115431
1766327418.9040236,121860,115323
1766327418.91507,121860,115323
1766327418.9261305,122226,115450
1766327418.937171,121764,115263
1766327418.9482079,121764,115263
1766327418.9592476,121764,115263
1766327418.9702969,122239,115449
1766327418.9813433,121809,115309
1766327418.9923809,121809,115309
1766327419.0034277,121809,115372
1766327419.014473,121806,115303
1766327419.0255163,121806,115303
1766327419.0365548,121806,115303
1766327419.0475953,121727,115216
1766327419.058629,121897,115325
1766327419.069709,121897,115325
1766327419.0807564,121897,115325
1766327419.0917997,121630,115178
1766327419.1028347,122003,115394
1766327419.1138792,122003,115394
1766327419.124939,121606,115193
1766327419.1359823,121978,115361
1766327419.14702,121978,115361
1766327419.1580558,121978,115361
1766327419.1692262,121631,115194
1766327419.1802788,121993,115359
1766327419.1913567,121993,115359
1766327419.2024434,121729,115253
1766327419.2135017,122010,115372
1766327419.2245624,122010,115372
1766327419.2356126,122010,115372
1766327419.2466528,121791,115266
1766327419.257694,122059,115395
1766327419.2687554,122059,115395
1766327419.2798316,122059,115395
1766327419.2908905,121803,115264
1766327419.301932,122141,115415
1766327419.3129854,122141,115415
1766327419.3240492,121803,115259
1766327419.3350925,122195,115449
1766327419.3461308,122195,115449
1766327419.3571682,122195,115449
1766327419.3682227,121827,115266
1766327419.3792672,122223,115459
1766327419.390306,122223,115459
1766327419.401403,121866,115289
1766327419.41257,122272,115478
1766327419.4238122,122272,115478
1766327419.434943,122272,115478
1766327419.4459894,121962,115321
1766327419.4571476,122305,115493
1766327419.4682956,122305,115493
1766327419.4793172,122305,115493
1766327419.4903243,122030,115370
1766327419.5013328,122299,115485
1766327419.5123389,122299,115485
1766327419.5234604,122075,115363
1766327419.5344832,122248,115465
1766327419.545495,122248,115465
1766327419.5565038,122248,115465
1766327419.56754,122108,115381
1766327419.5786521,121940,115334
1766327419.5920646,121940,115334
1766327419.6033952,122134,115423
1766327419.614479,121706,115223
1766327419.6255367,121706,115223
1766327419.636579,121706,115223
1766327419.6476216,122164,115406
1766327419.6586626,121704,115214
1766327419.6697307,121704,115214
1766327419.6808543,122176,115401
1766327419.691885,121688,115229
1766327419.703073,121688,115229
1766327419.714209,121688,115229
1766327419.7253232,122125,115390
1766327419.736437,121733,115247
1766327419.747616,121733,115247
1766327419.7587245,121794,115263
1766327419.7697787,121799,115264
1766327419.781087,121799,115264
1766327419.7920513,121799,115264
1766327419.8030443,121587,115153
1766327419.814012,121897,115310
1766327419.8249793,121897,115310
1766327419.8359346,121897,115310
1766327419.8468883,121558,115132
1766327419.857841,121863,115295
1766327419.868802,121863,115295
1766327419.879755,121556,115151
1766327419.8907106,121902,115318
1766327419.9016638,121902,115318
1766327419.912621,121902,115318
1766327419.9235864,121603,115178
1766327419.9345508,121949,115332
1766327419.9455051,121949,115332
1766327419.956458,121949,115332
1766327419.9674191,121683,115241
1766327419.978373,121991,115364
1766327419.9895682,121991,115364
1766327420.0010297,121734,115226
1766327420.0173254,122069,115384
1766327420.0285285,122069,115384
1766327420.039786,121716,115226
1766327420.0510044,122108,115397
1766327420.0622501,122108,115397
1766327420.0734725,122108,115397
1766327420.084698,121717,115226
1766327420.0959072,122163,115416
1766327420.1071305,122163,115416
1766327420.1183693,121776,115227
1766327420.1295671,122206,115431
1766327420.14072,122206,115431
1766327420.1518567,122206,115431
1766327420.1633668,121841,115257
1766327420.1775157,122226,115450
1766327420.1889734,122226,115450
1766327420.2000759,121894,115288
1766327420.2111638,122239,115449
1766327420.222252,122239,115449
1766327420.2333465,122239,115449
1766327420.2444158,121972,115320
1766327420.2555835,122061,115372
1766327420.2692485,122061,115372
1766327420.2803233,122006,115369
1766327420.2915025,121727,115216
1766327420.3025496,121727,115216
1766327420.3135207,121727,115216
1766327420.3244886,122020,115346
1766327420.335447,121630,115178
1766327420.3464026,121630,115178
1766327420.3573565,122091,115333
1766327420.3683236,121606,115193
1766327420.379283,121606,115193
1766327420.3902361,121606,115193
1766327420.4012485,122116,115369
1766327420.4132724,121631,115194
1766327420.4243836,121631,115194
1766327420.4354038,122126,115391
1766327420.4463701,121729,115253
1766327420.457396,121729,115253
1766327420.4683597,121729,115253
1766327420.4793947,122188,115392
1766327420.4903636,121791,115266
1766327420.5013468,121791,115266
1766327420.5123065,121791,115266
1766327420.523261,122178,115404
1766327420.5342155,121803,115264
1766327420.5451682,121803,115264
1766327420.5561213,122013,115297
1766327420.567075,121803,115259
1766327420.578084,121803,115259
1766327420.5891118,121803,115259
1766327420.6001637,121681,115170
1766327420.6111834,121827,115266
1766327420.6221495,121827,115266
1766327420.633106,121570,115149
1766327420.64413,121866,115289
1766327420.6551123,121866,115289
1766327420.6661682,121866,115289
1766327420.6771321,121540,115131
1766327420.6880863,121962,115321
1766327420.6990435,121962,115321
1766327420.7099974,121962,115321
1766327420.720957,121566,115135
1766327420.7319102,122030,115370
1766327420.7428644,122030,115370
1766327420.75388,121594,115148
1766327420.7649322,122075,115363
1766327420.775992,122075,115363
1766327420.7870545,122075,115363
1766327420.7980237,121711,115205
1766327420.8090034,122108,115381
1766327420.8199632,122108,115381
1766327420.8309205,122108,115381
1766327420.841876,121736,115220
1766327420.8528478,122134,115423
1766327420.863803,122134,115423
1766327420.8747568,121717,115209
1766327420.8857088,122164,115406
1766327420.8966613,122164,115406
1766327420.9076147,122164,115406
1766327420.9185688,121731,115205
1766327420.9295213,122176,115401
1766327420.9404745,122176,115401
1766327420.9514263,121748,115210
1766327420.9623775,122125,115390
1766327420.9733322,122125,115390
1766327420.9842849,122125,115390
1766327420.9952366,121856,115261
1766327421.0061996,121794,115263
1766327421.0171542,121794,115263
1766327421.0281098,121794,115263
1766327421.0390651,121907,115280
1766327421.0500176,121587,115153
1766327421.060969,121587,115153
1766327421.0719247,121929,115273
1766327421.0828767,121558,115132
1766327421.09383,121558,115132
1766327421.1047826,121558,115132
1766327421.1157343,122011,115327
1766327421.1266854,121556,115151
1766327421.1376367,121556,115151
1766327421.1485894,121556,115151
1766327421.1595402,122039,115343
1766327421.1704926,121603,115178
1766327421.181445,121603,115178
1766327421.192414,122065,115332
1766327421.203387,121683,115241
1766327421.2144854,121683,115241
1766327421.2255433,121683,115241
1766327421.236607,122103,115355
1766327421.2475643,121734,115226
1766327421.2585247,121734,115226
1766327421.2694812,122089,115333
1766327421.2804337,121716,115226
1766327421.2913914,121716,115226
1766327421.3023455,121716,115226
1766327421.3132994,122095,115347
1766327421.3242536,121717,115226
1766327421.335206,121717,115226
1766327421.3461583,121717,115226
1766327421.3571103,121837,115228
1766327421.3680744,121776,115227
1766327421.3790295,121776,115227
1766327421.389983,121573,115106
1766327421.40095,121841,115257
1766327421.4119115,121841,115257
1766327421.422972,121841,115257
1766327421.4339354,121564,115122
1766327421.4448886,121894,115288
1766327421.4558425,121894,115288
1766327421.4668005,121894,115288
1766327421.4777539,121622,115171
1766327421.4887722,121972,115320
1766327421.4997303,121972,115320
1766327421.5106902,121689,115172
1766327421.5216503,122006,115369
1766327421.532604,122006,115369
1766327421.5435739,122006,115369
1766327421.554528,121791,115223
1766327421.565482,122020,115346
1766327421.5764341,122020,115346
1766327421.5873864,121792,115213
1766327421.598422,122091,115333
1766327421.6094377,122091,115333
1766327421.6204019,122091,115333
1766327421.6313548,121823,115231
1766327421.642307,122116,115369
1766327421.6532636,122116,115369
1766327421.664219,122116,115369
1766327421.6751711,121847,115235
1766327421.6861255,122126,115391
1766327421.6970778,122126,115391
1766327421.7080302,121861,115254
1766327421.718984,122188,115392
1766327421.7299356,122188,115392
1766327421.7408893,122188,115392
1766327421.7518415,121920,115283
1766327421.762796,122178,115404
1766327421.7737498,122178,115404
1766327421.784706,122178,115404
1766327421.795657,122016,115333
1766327421.80662,122013,115297
1766327421.8175752,122013,115297
1766327421.8285275,122036,115322
1766327421.8394868,121681,115170
1766327421.8504403,121681,115170
1766327421.8613918,121681,115170
1766327421.8723447,122080,115344
1766327421.8832963,121570,115149
1766327421.8942714,121570,115149
1766327421.9052255,122085,115350
1766327421.916179,121540,115131
1766327421.9271283,121540,115131
1766327421.9380848,121540,115131
1766327421.9490516,122134,115357
1766327421.9600039,121566,115135
1766327421.9709558,121566,115135
1766327421.9819074,121566,115135
1766327421.992862,122155,115376
1766327422.0038235,121594,115148
1766327422.0148458,121594,115148
1766327422.025807,122149,115348
1766327422.0367606,121711,115205
1766327422.0477152,121711,115205
1766327422.05872,121711,115205
1766327422.0696795,122034,115313
1766327422.0806334,121736,115220
1766327422.0915875,121736,115220
1766327422.10254,121736,115220
1766327422.1134923,121754,115205
1766327422.1244462,121717,115209
1766327422.1353981,121717,115209
1766327422.1463501,121602,115108
1766327422.1573026,121731,115205
1766327422.1682544,121731,115205
1766327422.1792064,121731,115205
1766327422.190162,121598,115117
1766327422.2011242,121748,115210
1766327422.212079,121748,115210
1766327422.2230346,121633,115168
1766327422.2339895,121856,115261
1766327422.2449574,121856,115261
1766327422.2559133,121856,115261
1766327422.2668672,121717,115182
1766327422.2778194,121907,115280
1766327422.288773,121907,115280
1766327422.2997246,121907,115280
1766327422.3106766,121804,115224
1766327422.3216298,121929,115273
1766327422.3325815,121929,115273
1766327422.3435326,121788,115207
1766327422.3544865,122011,115327
1766327422.3654552,122011,115327
1766327422.3764105,122011,115327
1766327422.3873615,121804,115221
1766327422.3983152,122039,115343
1766327422.4092793,122039,115343
1766327422.420352,122039,115343
1766327422.4313898,121813,115234
1766327422.4423509,122065,115332
1766327422.4533036,122065,115332
1766327422.4642763,121885,115245
1766327422.4752371,122103,115355
1766327422.4861944,122103,115355
1766327422.4972029,122103,115355
1766327422.5081687,121929,115288
1766327422.519135,122089,115333
1766327422.5300918,122089,115333
1766327422.5410473,121989,115304
1766327422.5519998,122095,115347
1766327422.5629528,122095,115347
1766327422.573916,122095,115347
1766327422.5848706,122039,115317
1766327422.596014,121837,115228
1766327422.6070316,121837,115228
1766327422.6180017,121837,115228
1766327422.6289606,122074,115331
1766327422.6399138,121573,115106
1766327422.6508687,121573,115106
1766327422.6618214,122078,115317
1766327422.6727831,121564,115122
1766327422.6837378,121564,115122
1766327422.6946886,121564,115122
1766327422.7056441,122130,115354
1766327422.7166016,121622,115171
1766327422.7275538,121622,115171
1766327422.738507,121622,115171
1766327422.7494595,122166,115378
1766327422.7604148,121689,115172
1766327422.7713737,121689,115172
1766327422.7823288,121921,115239
1766327422.7932825,121791,115223
1766327422.8042476,121791,115223
1766327422.815205,121791,115223
1766327422.8261595,121605,115110
1766327422.8371131,121792,115213
1766327422.8480659,121792,115213
1766327422.8590224,121470,115077
1766327422.8699818,121823,115231
1766327422.8809361,121823,115231
1766327422.8918881,121823,115231
1766327422.902841,121471,115074
1766327422.913793,121847,115235
1766327422.9247491,121847,115235
1766327422.9357018,121847,115235
1766327422.9466703,121493,115072
1766327422.957627,121861,115254
1766327422.9685853,121861,115254
1766327422.979539,121530,115069
1766327422.9904916,121920,115283
1766327423.001449,121920,115283
1766327423.012408,121920,115283
1766327423.02337,121638,115135
1766327423.0343244,122016,115333
1766327423.0454183,122016,115333
1766327423.0564919,122016,115333
1766327423.0675554,121687,115181
1766327423.0785186,122036,115322
1766327423.0894713,122036,115322
1766327423.1004276,121662,115152
1766327423.1113806,122080,115344
1766327423.1223457,122080,115344
1766327423.1333003,122080,115344
1766327423.1442533,121679,115155
1766327423.1552055,122085,115350
1766327423.1661673,122085,115350
1766327423.1771789,121701,115167
1766327423.1881368,122134,115357
1766327423.1990948,122134,115357
1766327423.2100675,122134,115357
1766327423.2210512,121804,115205
1766327423.2320065,122155,115376
1766327423.2429595,122155,115376
1766327423.253913,122155,115376
1766327423.2648745,121886,115228
1766327423.2758281,122149,115348
1766327423.2867825,122149,115348
1766327423.2977571,121916,115230
1766327423.3087118,122034,115313
1766327423.3196821,122034,115313
1766327423.3306372,122034,115313
1766327423.3415926,121978,115281
1766327423.3525472,121754,115205
1766327423.3635042,121754,115205
1766327423.3744674,121754,115205
1766327423.3854218,122052,115324
1766327423.3963761,121602,115108
1766327423.4073389,121602,115108
1766327423.4184868,122055,115306
1766327423.4295485,121598,115117
1766327423.4405086,121598,115117
1766327423.451532,121598,115117
1766327423.4624894,122063,115305
1766327423.4734519,121633,115168
1766327423.4844093,121633,115168
1766327423.495362,121821,115176
1766327423.5063145,121717,115182
1766327423.5172682,121717,115182
1766327423.5282214,121717,115182
1766327423.5391734,121526,115057
1766327423.5501254,121804,115224
1766327423.5610776,121804,115224
1766327423.5720303,121804,115224
1766327423.5829837,121402,115012
1766327423.594139,121788,115207
1766327423.6051776,121788,115207
1766327423.6161435,121352,115032
1766327423.6271257,121804,115221
1766327423.6380792,121804,115221
1766327423.649059,121804,115221
1766327423.6600344,121375,115011
1766327423.6709924,121813,115234
1766327423.6819456,121813,115234
1766327423.692899,121813,115234
1766327423.7038543,121395,115010
1766327423.7148075,121885,115245
1766327423.7257617,121885,115245
1766327423.7367136,121519,115079
1766327423.7476656,121929,115288
1766327423.7586195,121929,115288
1766327423.769572,121929,115288
1766327423.7805245,121556,115089
1766327423.7914906,121989,115304
1766327423.802446,121989,115304
1766327423.8134105,121533,115062
1766327423.8243654,122039,115317
1766327423.8353171,122039,115317
1766327423.846269,122039,115317
1766327423.8572216,121557,115097
1766327423.8681746,122074,115331
1766327423.8791254,122074,115331
1766327423.8900821,122074,115331
1766327423.9012902,121657,115127
1766327423.9124408,122078,115317
1766327423.9235134,122078,115317
1766327423.9346025,121704,115171
1766327423.9457076,122130,115354
1766327423.9568107,122130,115354
1766327423.9678917,122130,115354
1766327423.9789736,121791,115181
1766327423.9900732,122166,115378
1766327424.0011966,122166,115378
1766327424.012367,121815,115175
1766327424.0246315,121921,115239
1766327424.035696,121921,115239
1766327424.0468822,121921,115239
1766327424.057962,121905,115222
1766327424.068939,121605,115110
1766327424.0799012,121605,115110
1766327424.0908542,121605,115267
1766327424.1018102,121470,115077
1766327424.1127648,121470,115077
1766327424.12373,121470,115077
1766327424.1346889,122000,115256
1766327424.1456428,121471,115074
1766327424.156596,121471,115074
1766327424.1675568,121471,115074
1766327424.178515,121984,115245
1766327424.1894844,121493,115072
1766327424.2004406,121493,115072
1766327424.2114203,121701,115122
1766327424.2223868,121530,115069
1766327424.2333467,121530,115069
1766327424.2443023,121530,115069
1766327424.2552555,121416,114999
1766327424.266218,121638,115135
1766327424.2771764,121638,115135
1766327424.288134,121638,115135
1766327424.2990892,121296,114978
1766327424.3100426,121687,115181
1766327424.3210049,121687,115181
1766327424.331963,121336,114936
1766327424.3429346,121662,115152
1766327424.353889,121662,115152
1766327424.364853,121662,115152
1766327424.3758116,121353,114992
1766327424.3867648,121679,115155
1766327424.3977256,121679,115155
1766327424.408703,121679,115155
1766327424.419847,121701,115167
1766327424.4309096,121701,115167
1766327424.44187,121701,115167
1766327424.4528234,121515,115063
1766327424.463786,121804,115205
1766327424.4747555,121804,115205
1766327424.4857106,121804,115205
1766327424.4966712,121543,115068
1766327424.5077097,121886,115228
1766327424.5186796,121886,115228
1766327424.5296428,121507,115038
1766327424.5405998,121916,115230
1766327424.5515528,121916,115230
1766327424.5625057,121916,115230
1766327424.5734692,121579,115078
1766327424.5844274,121978,115281
1766327424.595534,121978,115281
1766327424.6065812,121978,115281
1766327424.617554,121686,115137
1766327424.628517,122052,115324
1766327424.6394706,122052,115324
1766327424.6504242,121747,115140
1766327424.661378,122055,115306
1766327424.6723397,122055,115306
1766327424.6832976,122055,115306
1766327424.6942718,121818,115174
1766327424.7052286,122063,115305
1766327424.7161865,122063,115305
1766327424.7271414,121858,115178
1766327424.7380943,121821,115176
1766327424.749047,121821,115176
1766327424.76,121821,115176
1766327424.7709591,121920,115217
1766327424.7819505,121526,115057
1766327424.792979,121526,115057
1766327424.8040273,121526,115057
1766327424.8150823,121976,115234
1766327424.8261116,121402,115012
1766327424.8371315,121402,115012
1766327424.848178,121969,115230
1766327424.8592,121352,115032
1766327424.8702374,121352,115032
1766327424.8812785,121352,115032
1766327424.8923256,121760,115128
1766327424.9033709,121375,115011
1766327424.9144342,121375,115011
1766327424.9254937,121375,114996
1766327424.9365308,121395,115010
1766327424.9475718,121395,115010
1766327424.9586082,121395,115010
1766327424.9696658,121356,114966
1766327424.9807158,121519,115079
1766327424.9917593,121519,115079
1766327425.002795,121519,115079
1766327425.0138917,121387,114978
1766327425.0249562,121556,115089
1766327425.036,121556,115089
1766327425.0470622,121417,115024
1766327425.0581017,121533,115062
1766327425.0691676,121533,115062
1766327425.0802174,121533,115062
1766327425.0912917,121525,115047
1766327425.1023288,121557,115097
1766327425.113377,121557,115097
1766327425.1244516,121646,115118
1766327425.1354947,121657,115127
1766327425.1465313,121657,115127
1766327425.1575646,121657,115127
1766327425.1686132,121638,115090
1766327425.1796618,121704,115171
1766327425.190802,121704,115171
1766327425.2018523,121704,115171
1766327425.212943,121657,115089
1766327425.2240183,121791,115181
1766327425.2350676,121791,115181
1766327425.2461054,121673,115111
1766327425.2571435,121815,115175
1766327425.268202,121815,115175
1766327425.27925,121815,115175
1766327425.2902932,121759,115126
1766327425.3013637,121905,115222
1766327425.3124013,121905,115222
1766327425.323474,121815,115153
1766327425.3345263,121976,115267
1766327425.3455672,121976,115267
1766327425.3566072,121976,115267
1766327425.3676565,121884,115188
1766327425.3787005,122000,115256
1766327425.389739,122000,115256
1766327425.400864,122000,115256
1766327425.411957,121893,115217
1766327425.424812,121984,115245
1766327425.4360201,121984,115245
1766327425.4472723,121975,115184
1766327425.458414,121701,115122
1766327425.4694946,121701,115122
1766327425.4805553,121701,115122
1766327425.4916027,121972,115229
1766327425.5026429,121416,114999
1766327425.5136974,121416,114999
1766327425.5247161,122031,115197
1766327425.5357149,121296,114978
1766327425.5467107,121296,114978
1766327425.5577073,121296,114978
1766327425.5687187,121861,115160
1766327425.5797236,121336,114936
1766327425.5907953,121336,114936
1766327425.6023548,121527,115012
1766327425.6134377,121353,114992
1766327425.6245012,121353,114992
1766327425.635546,121353,114992
1766327425.6466527,121438,114989
1766327425.6577022,121452,115019
1766327425.66875,121452,115019
1766327425.679797,121452,115019
1766327425.6908424,121491,115020
1766327425.7018816,121515,115063
1766327425.7129595,121515,115063
1766327425.7240086,121512,115015
1766327425.735044,121543,115068
1766327425.7460852,121543,115068
1766327425.757154,121543,115068
1766327425.768197,121622,115068
1766327425.779233,121507,115038
1766327425.7903075,121507,115038
1766327425.8013535,121713,115129
1766327425.8124092,121579,115078
1766327425.8234556,121579,115078
1766327425.834492,121579,115078
1766327425.8455288,121694,115104
1766327425.856576,121686,115137
1766327425.867611,121686,115137
1766327425.8786557,121686,115137
1766327425.8896966,121688,115102
1766327425.9007354,121747,115140
1766327425.911772,121747,115140
1766327425.9228122,121713,115113
1766327425.9338593,121818,115174
1766327425.944898,121818,115174
1766327425.9559393,121818,115174
1766327425.9669797,121776,115142
1766327425.978015,121858,115178
1766327425.989054,121858,115178
1766327426.0000927,121841,115186
1766327426.0111403,121920,115217
1766327426.0222106,121920,115217
1766327426.0332537,121920,115217
1766327426.0442932,121896,115184
1766327426.0553346,121976,115234
1766327426.0663695,121976,115234
1766327426.077404,121976,115234
1766327426.088441,121926,115202
1766327426.099482,121969,115230
1766327426.1105518,121969,115230
1766327426.1216168,121955,115214
1766327426.1326578,121760,115128
1766327426.1436963,121760,115128
1766327426.15473,121760,115128
1766327426.165764,122000,115225
1766327426.1767988,121444,114996
1766327426.1878366,121444,114996
1766327426.1988752,122023,115239
1766327426.2099214,121356,114966
1766327426.220964,121356,114966
1766327426.232002,121356,114966
1766327426.2430356,121959,115200
1766327426.2540693,121387,114978
1766327426.2651505,121387,114978
1766327426.2761865,121387,114978
1766327426.2872598,121598,115047
1766327426.2983046,121417,115024
1766327426.309341,121417,115024
1766327426.3203838,121424,114963
1766327426.3314545,121525,115047
1766327426.3424878,121525,115047
1766327426.3535287,121525,115047
1766327426.3646564,121394,114972
1766327426.3756967,121646,115118
1766327426.386738,121646,115118
1766327426.3977735,121391,114971
1766327426.408822,121638,115090
1766327426.4199903,121638,115090
1766327426.4311845,121638,115090
1766327426.4422717,121483,115005
1766327426.4532862,121657,115089
1766327426.4643466,121657,115089
1766327426.4753633,121657,115089
1766327426.4864438,121673,115111
1766327426.4974654,121673,115111
1766327426.5084715,121673,115111
1766327426.519507,121640,115081
1766327426.5305867,121759,115126
1766327426.5416534,121759,115126
1766327426.5526936,121759,115126
1766327426.5637465,121640,115088
1766327426.574811,121815,115153
1766327426.585855,121815,115153
1766327426.5974,121623,115065
1766327426.6085567,121884,115188
1766327426.6196358,121884,115188
1766327426.6307817,121884,115188
1766327426.64191,121700,115099
1766327426.6539109,121893,115217
1766327426.6650307,121893,115217
1766327426.6760724,121739,115127
1766327426.6871016,121975,115184
1766327426.6981215,121975,115184
1766327426.7091546,121975,115184
1766327426.7201967,121857,115152
1766327426.731311,121972,115229
1766327426.7424753,121972,115229
1766327426.7535887,121972,115229
1766327426.764707,122031,115197
1766327426.7758245,122031,115197
1766327426.786997,122031,115197
1766327426.7980592,121939,115198
1766327426.8091702,121861,115160
1766327426.820233,121861,115160
1766327426.8313441,121861,115160
1766327426.8423014,122010,115210
1766327426.8532536,121527,115012
1766327426.8642159,121527,115012
1766327426.8751762,122016,115259
1766327426.8861299,121438,114989
1766327426.8970838,121438,114989
1766327426.9080365,121438,114989
1766327426.9189951,122047,115236
1766327426.9299557,121491,115020
1766327426.9409173,121491,115020
1766327426.951868,121491,115020
1766327426.9628263,122000,115210
1766327426.9737885,121512,115015
1766327426.9847496,121512,115015
1766327426.995703,121700,115080
1766327427.0066662,121622,115068
1766327427.017705,121622,115068
1766327427.0286732,121622,115068
1766327427.0396848,121412,114953
1766327427.0506418,121713,115129
1766327427.0615962,121713,115129
1766327427.0725656,121327,114909
1766327427.0835245,121694,115104
1766327427.0944786,121694,115104
1766327427.1054316,121694,115104
1766327427.1163914,121326,114933
1766327427.1273463,121688,115102
1766327427.1383,121688,115102
1766327427.1492524,121688,115102
1766327427.1602225,121382,114949
1766327427.1711805,121713,115113
1766327427.1821358,121713,115113
1766327427.1930935,121439,115015
1766327427.2040472,121776,115142
1766327427.2150178,121776,115142
1766327427.2259748,121776,115142
1766327427.2369363,121530,115027
1766327427.247896,121841,115186
1766327427.2588499,121841,115186
1766327427.269809,121841,115186
1766327427.2807653,121512,115019
1766327427.2917345,121896,115184
1766327427.30269,121896,115184
1766327427.313647,121532,115030
1766327427.324606,121926,115202
1766327427.335559,121926,115202
1766327427.346511,121926,115202
1766327427.3574638,121571,115039
1766327427.368429,121955,115214
1766327427.3793888,121955,115214
1766327427.3903432,121606,115045
1766327427.4012961,122000,115225
1766327427.412259,122000,115225
1766327427.4233625,122000,115225
1766327427.4344385,121716,115099
1766327427.4454036,122023,115239
1766327427.4564378,122023,115239
1766327427.4674146,122023,115239
1766327427.4783802,121779,115130
1766327427.4893374,121959,115200
1766327427.500295,121959,115200
1766327427.5112667,121829,115150
1766327427.5222323,121598,115047
1766327427.5331943,121598,115047
1766327427.5441682,121598,115047
1766327427.5551226,121882,115162
1766327427.5660906,121424,114963
1766327427.577048,121424,114963
1766327427.5880017,121424,114963
1766327427.5990615,121861,115133
1766327427.6100993,121394,114972
1766327427.6210768,121394,114972
1766327427.6320388,121938,115178
1766327427.6429985,121391,114971
1766327427.6542003,121391,114971
1766327427.6653485,121391,114971
1766327427.6764152,121976,115197
1766327427.687517,121483,115005
1766327427.6986268,121483,115005
1766327427.709759,121969,115186
1766327427.7208695,121570,115035
1766327427.7319748,121570,115035
1766327427.7430727,121570,115035
1766327427.754257,121874,115156
1766327427.7668793,121640,115081
1766327427.7779627,121640,115081
1766327427.7890558,121498,114960
1766327427.8001423,121640,115088
1766327427.811135,121640,115088
1766327427.8221092,121640,115088
1766327427.8330605,121297,114910
1766327427.8440342,121623,115065
1766327427.854991,121623,115065
1766327427.865965,121623,115065
1766327427.87692,121281,114914
1766327427.8878748,121700,115099
1766327427.898829,121700,115099
1766327427.9097898,121308,114923
1766327427.9207468,121739,115127
1766327427.9317002,121739,115127
1766327427.9426532,121739,115127
1766327427.953606,121366,114947
1766327427.9645598,121857,115152
1766327427.9755108,121857,115152
1766327427.9864676,121441,114957
1766327427.9974208,121860,115156
1766327428.0083845,121860,115156
1766327428.0193396,121860,115156
1766327428.0302927,121551,115027
1766327428.041245,121939,115198
1766327428.0521975,121939,115198
1766327428.063151,121939,115198
1766327428.0741065,121554,115018
1766327428.08506,122010,115210
1766327428.0960124,122010,115210
1766327428.1069658,121540,115012
1766327428.1179197,122016,115259
1766327428.1288729,122016,115259
1766327428.1398265,122016,115259
1766327428.1507795,121626,115057
1766327428.161732,122047,115236
1766327428.1727438,122047,115236
1766327428.1837027,122047,115236
1766327428.1946638,121723,115119
1766327428.2056227,122000,115210
1766327428.2166178,122000,115210
1766327428.2275739,121772,115127
1766327428.2385266,121700,115080
1766327428.2494786,121700,115080
1766327428.2604308,121700,115080
1766327428.2713864,121838,115146
1766327428.2823448,121412,114953
1766327428.2933164,121412,114953
1766327428.3042724,121858,115150
1766327428.3152385,121327,114909
1766327428.3261926,121327,114909
1766327428.3371456,121327,114909
1766327428.3480983,121927,115171
1766327428.3590505,121326,114933
1766327428.3700168,121326,114933
1766327428.3809712,121326,114933
1766327428.3919234,121950,115182
1766327428.402881,121382,114949
1766327428.4138474,121382,114949
1766327428.4249506,121949,115165
1766327428.4359953,121439,115015
1766327428.4469545,121439,115015
1766327428.4579086,121439,115015
1766327428.4688873,122027,115222
1766327428.479907,121530,115027
1766327428.4908733,121530,115027
1766327428.5018294,121530,115027
1766327428.5127833,122048,115232
1766327428.5237484,121512,115019
1766327428.5347066,121512,115019
1766327428.5456607,121821,115125
1766327428.5566154,121532,115030
1766327428.5675926,121532,115030
1766327428.5785494,121532,115030
1766327428.590201,121499,114980
1766327428.6012523,121571,115039
1766327428.6122885,121571,115039
1766327428.6232624,121392,114952
1766327428.6342213,121606,115045
1766327428.645178,121606,115045
1766327428.6561399,121606,115045
1766327428.667101,121415,114948
1766327428.6780593,121716,115099
1766327428.6890144,121716,115099
1766327428.6999688,121716,115099
1766327428.7109203,121422,114986
1766327428.721879,121779,115130
1766327428.7328362,121779,115130
1766327428.743788,121567,114992
1766327428.7547426,121829,115150
1766327428.7657013,121829,115150
1766327428.7766573,121829,115150
1766327428.7876902,121670,115062
1766327428.7986455,121882,115162
1766327428.809606,121882,115162
1766327428.8205738,121882,115091
1766327428.83153,121861,115133
1766327428.842484,121861,115133
1766327428.853437,121861,115133
1766327428.8643935,121670,115063
1766327428.8753486,121938,115178
1766327428.8863006,121938,115178
1766327428.897253,121938,115178
1766327428.9082072,121696,115087
1766327428.9191854,121976,115197
1766327428.930142,121976,115197
1766327428.941095,121754,115115
1766327428.952048,121969,115186
1766327428.9630003,121969,115186
1766327428.97396,121969,115186
1766327428.9849174,121834,115126
1766327428.9958704,121874,115156
1766327429.0068262,121874,115156
1766327429.0177968,121874,115156
1766327429.0287557,121845,115149
1766327429.0397084,121498,114960
1766327429.0506606,121498,114960
1766327429.0616121,121931,115155
1766327429.072569,121297,114910
1766327429.083525,121297,114910
1766327429.0944767,121297,114910
1766327429.1054323,121976,115186
1766327429.1163893,121281,114914
1766327429.1273432,121281,114914
1766327429.1382961,121281,114914
1766327429.1492484,121308,114923
1766327429.1602013,121308,114923
1766327429.171159,121308,114923
1766327429.1821144,122020,115200
1766327429.1930695,121366,114947
1766327429.2040217,121366,114947
1766327429.2149873,121366,114947
1766327429.2259445,122053,115213
1766327429.236898,121441,114957
1766327429.2478507,121441,114957
1766327429.2588146,122040,115226
1766327429.2697892,121551,115027
1766327429.280747,121551,115027
1766327429.291713,121551,115027
1766327429.3026679,121695,115061
1766327429.3136258,121554,115018
1766327429.3245876,121554,115018
1766327429.33554,121554,115018
1766327429.3464925,121460,114964
1766327429.357445,121540,115012
1766327429.3684103,121540,115012
1766327429.379369,121450,114963
1766327429.3903224,121626,115057
1766327429.4012754,121626,115057
1766327429.4122381,121626,115057
1766327429.4233596,121502,114996
1766327429.4344184,121723,115119
1766327429.4453804,121723,115119
1766327429.456335,121723,115119
1766327429.4673624,121772,115127
1766327429.4783273,121772,115127
1766327429.489282,121772,115127
1766327429.500236,121685,115073
1766327429.5111883,121838,115146
1766327429.5221567,121838,115146
1766327429.5331173,121838,115146
1766327429.5440717,121724,115084
1766327429.555024,121858,115150
1766327429.5659828,121858,115150
1766327429.5769405,121698,115121
1766327429.587894,121927,115171
1766327429.5989513,121927,115171
1766327429.610008,121927,115171
1766327429.6209974,121714,115087
1766327429.6319609,121950,115182
1766327429.6429164,121950,115182
1766327429.653871,121950,115182
1766327429.6648333,121729,115098
1766327429.6757944,121949,115165
1766327429.6867487,121949,115165
1766327429.697704,121830,115090
1766327429.7086601,122027,115222
1766327429.7196214,122027,115222
1766327429.7305775,122027,115222
1766327429.7415318,121895,115153
1766327429.7526116,122048,115232
1766327429.7636786,122048,115232
1766327429.774918,121971,115201
1766327429.7859592,121821,115125
1766327429.7969446,121821,115125
1766327429.807899,121821,115125
1766327429.8188956,121981,115190
1766327429.8298569,121499,114980
1766327429.8408122,121499,114980
1766327429.8517647,121499,114980
1766327429.862721,122023,115201
1766327429.8736854,121392,114952
1766327429.8846428,121392,114952
1766327429.8955953,122007,115198
1766327429.9065478,121415,114948
1766327429.9175088,121415,114948
1766327429.9284668,121415,114948
1766327429.9394214,122070,115215
1766327429.9503746,121422,114986
1766327429.9613404,121422,114986
1766327429.972306,121422,114986
1766327429.9832623,122046,115225
1766327429.9942167,121567,114992
1766327430.00517,121567,114992
1766327430.0161407,121701,115061
1766327430.0271134,121670,115062
1766327430.0380683,121670,115062
1766327430.049021,121670,115062
1766327430.0599754,121449,114944
1766327430.070939,121701,115091
1766327430.0818982,121701,115091
1766327430.0928533,121382,114928
1766327430.1038065,121670,115063
1766327430.1147673,121670,115063
1766327430.1257296,121670,115063
1766327430.1366835,121441,114955
1766327430.1476362,121696,115087
1766327430.1585877,121696,115087
1766327430.169548,121696,115087
1766327430.1805048,121487,114981
1766327430.1915011,121754,115115
1766327430.2024689,121754,115115
1766327430.2134426,121550,114993
1766327430.2244072,121834,115126
1766327430.235362,121834,115126
1766327430.2463143,121834,115126
1766327430.2572658,121671,115049
1766327430.268234,121845,115149
1766327430.2791915,121845,115149
1766327430.2901578,121845,115149
1766327430.3011131,121691,115081
1766327430.3120854,121931,115155
1766327430.3230493,121931,115155
1766327430.3340063,121676,115053
1766327430.3449607,121976,115186
1766327430.3559124,121976,115186
1766327430.3668692,121976,115186
1766327430.3778324,121703,115073
1766327430.3887868,121983,115174
1766327430.3997395,121983,115174
1766327430.4107246,121778,115104
1766327430.4218585,122020,115200
1766327430.432983,122020,115200
1766327430.4441376,122020,115200
1766327430.4552124,121846,115129
1766327430.4661834,122053,115213
1766327430.4771583,122053,115213
1766327430.4881167,122053,115213
1766327430.4990723,121904,115146
1766327430.510027,122040,115226
1766327430.5209894,122040,115226
1766327430.5319464,121952,115181
1766327430.5429013,121695,115061
1766327430.5538538,121695,115061
1766327430.5648112,121695,115061
1766327430.5757718,121988,115171
1766327430.5867255,121460,114964
1766327430.597783,121460,114964
1766327430.6088054,121460,114964
1766327430.6197991,121460,114964
1766327430.6307623,121450,114963
1766327430.6417897,121450,114963
1766327430.6527507,122036,115198
1766327430.6637585,121502,114996
1766327430.6747243,121502,114996
1766327430.6856837,121502,114996
1766327430.69664,122047,115204
1766327430.707597,121569,115007
1766327430.7185583,121569,115007
1766327430.7295156,121909,115162
1766327430.7404697,121685,115073
1766327430.7514236,121685,115073
1766327430.7623754,121685,115073
1766327430.7733414,121517,114965
1766327430.7842994,121724,115084
1766327430.7952669,121724,115084
1766327430.806228,121724,115084
1766327430.8172102,121341,114905
1766327430.8281717,121698,115121
1766327430.839128,121698,115121
1766327430.8500822,121352,114894
1766327430.8610482,121714,115087
1766327430.8720105,121714,115087
1766327430.8829684,121714,115087
1766327430.8939223,121388,114918
1766327430.904882,121729,115098
1766327430.9158373,121729,115098
1766327430.9267964,121729,115098
1766327430.9377508,121830,115090
1766327430.948704,121830,115090
1766327430.9596572,121830,115090
1766327430.970616,121558,114995
1766327430.9815724,121895,115153
1766327430.9925256,121895,115153
1766327431.0034785,121895,115153
1766327431.0144658,121594,115013
1766327431.0254273,121971,115201
1766327431.036382,121971,115201
1766327431.0473337,121600,115023
1766327431.0582893,121981,115190
1766327431.0692506,121981,115190
1766327431.0802076,121981,115190
1766327431.0911613,121596,115014
1766327431.1021142,122023,115201
1766327431.1130667,122023,115201
1766327431.124025,122023,115201
1766327431.134982,121643,115040
1766327431.1459377,122007,115198
1766327431.1568909,122007,115198
1766327431.1678493,121728,115090
1766327431.1788304,122070,115215
1766327431.1897874,122070,115215
1766327431.2007658,122070,115215
1766327431.2117229,121803,115099
1766327431.222707,122046,115225
1766327431.2338178,122046,115225
1766327431.2448978,122046,115225
1766327431.2561188,121701,115061
1766327431.2671711,121701,115061
1766327431.2781456,121701,115061
1766327431.2891157,121901,115133
1766327431.3000796,121449,114944
1766327431.311035,121449,114944
1766327431.3219957,121449,114944
1766327431.3329551,121941,115135
1766327431.3439085,121382,114928
1766327431.3548608,121382,114928
1766327431.3658302,121948,115142
1766327431.376795,121441,114955
1766327431.3877473,121441,114955
1766327431.3988984,121441,114955
1766327431.4114308,122000,115167
1766327431.4225886,121487,114981
1766327431.4336724,121487,114981
1766327431.4447644,121948,115130
1766327431.4561298,121550,114993
1766327431.4672291,121550,114993
1766327431.4783309,121550,114993
1766327431.4894254,121700,115030
1766327431.5005145,121671,115049
1766327431.5117304,121671,115049
1766327431.522861,121671,115049
1766327431.5339677,121409,114889
1766327431.5451088,121691,115081
1766327431.5562232,121691,115081
1766327431.567197,121354,114888
1766327431.5781646,121676,115053
1766327431.589131,121676,115053
1766327431.600179,121676,115053
1766327431.6112058,121371,114897
1766327431.6222034,121703,115073
1766327431.6331627,121703,115073
1766327431.6441185,121368,114899
1766327431.6550791,121778,115104
1766327431.6660492,121778,115104
1766327431.677008,121778,115104
1766327431.6879668,121509,114967
1766327431.6989274,121846,115129
1766327431.7098842,121846,115129
1766327431.7208724,121846,115129
1766327431.7318306,121586,114998
1766327431.7427845,121904,115146
1766327431.7537372,121904,115146
1766327431.7646594,121593,114972
1766327431.7756193,121952,115181
1766327431.786572,121952,115181
1766327431.7975287,121952,115181
1766327431.8084826,121587,114995
1766327431.8194618,121988,115171
1766327431.8304174,121988,115171
1766327431.8414197,121652,115031
1766327431.8524637,121460,114964
1766327431.8635643,121460,114964
1766327431.8746254,121460,114964
1766327431.8856678,121676,115032
1766327431.8967063,122036,115198
1766327431.9077473,122036,115198
1766327431.9187958,122036,115198
1766327431.9298358,121785,115069
1766327431.9408987,122047,115204
1766327431.9519417,122047,115204
1766327431.962976,121804,115112
1766327431.974033,121909,115162
1766327431.9851089,121909,115162
1766327431.9961703,121909,115162
1766327432.0072327,121857,115099
1766327432.0183957,121517,114965
1766327432.0294652,121517,114965
1766327432.0405095,121886,115114
1766327432.0517223,121341,114905
1766327432.0628002,121341,114905
1766327432.0739028,121341,114905
1766327432.0849552,121915,115118
1766327432.0959985,121352,114894
1766327432.107037,121352,114894
1766327432.118098,121352,114894
1766327432.12915,121897,115134
1766327432.1401944,121388,114918
1766327432.1512635,121388,114918
1766327432.1622994,121968,115119
1766327432.1733623,121405,114915
1766327432.1844156,121405,114915
1766327432.19546,121405,114915
1766327432.2064993,121993,115159
1766327432.217574,121558,114995
1766327432.228639,121558,114995
1766327432.2396882,121803,115051
1766327432.2507546,121594,115013
1766327432.2617908,121594,115013
1766327432.272857,121594,115013
1766327432.2839122,121476,114931
1766327432.2949543,121600,115023
1766327432.305991,121600,115023
1766327432.3170438,121600,115023
1766327432.3280935,121277,114854
1766327432.3391333,121596,115014
1766327432.3501697,121596,115014
1766327432.3612163,121295,114834
1766327432.3722749,121643,115040
1766327432.3833275,121643,115040
1766327432.3943655,121643,115040
1766327432.405405,121331,114869
1766327432.4165015,121728,115090
1766327432.427983,121728,115090
1766327432.439184,121375,114907
1766327432.4502378,121803,115099
1766327432.4614694,121803,115099
1766327432.4725158,121803,115099
1766327432.4835322,121485,114939
1766327432.4945464,121827,115090
1766327432.5055795,121827,115090
1766327432.5166044,121827,115090
1766327432.5276172,121827,115090
1766327432.538626,121901,115133
1766327432.5496316,121901,115133
1766327432.5606842,121497,114944
1766327432.5717404,121941,115135
1766327432.5827804,121941,115135
1766327432.5939257,121941,115135
1766327432.60506,121512,114956
1766327432.616204,121948,115142
1766327432.6272533,121948,115142
1766327432.638295,121533,114945
1766327432.6493301,122000,115167
1766327432.6603978,122000,115167
1766327432.6715367,122000,115167
1766327432.6825707,121632,115004
1766327432.6935928,121948,115130
1766327432.70462,121948,115130
1766327432.7156546,121948,115130
1766327432.7266786,121700,115030
1766327432.737697,121700,115030
1766327432.7487166,121700,115030
1766327432.7597337,121757,115056
1766327432.7708383,121409,114889
1766327432.7818854,121409,114889
1766327432.7929256,121409,114889
1766327432.803964,121794,115070
1766327432.8150206,121354,114888
1766327432.8261135,121354,114888
1766327432.8371565,121797,115056
1766327432.8481948,121371,114897
1766327432.8592293,121371,114897
1766327432.8702893,121371,114897
1766327432.8813298,121858,115094
1766327432.8923671,121368,114899
1766327432.903404,121368,114899
1766327432.9144511,121368,114899
1766327432.925507,121509,114967
1766327432.9365492,121509,114967
1766327432.9475882,121509,114967
1766327432.9586246,121889,115095
1766327432.9696825,121586,114998
1766327432.9807703,121586,114998
1766327432.9918208,121586,114998
1766327433.0028605,121646,114984
1766327433.013907,121593,114972
1766327433.0249977,121593,114972
1766327433.0360558,121363,114883
1766327433.0470934,121587,114995
1766327433.0581315,121587,114995
1766327433.0693324,121587,114995
1766327433.0804877,121292,114838
1766327433.0916023,121652,115031
1766327433.102712,121652,115031
1766327433.113822,121329,114846
1766327433.1249893,121676,115032
1766327433.136018,121676,115032
1766327433.1470408,121676,115032
1766327433.1580596,121390,114880
1766327433.1692278,121785,115069
1766327433.1802793,121785,115069
1766327433.1912599,121785,115069
1766327433.2022393,121457,114926
1766327433.2132175,121804,115112
1766327433.224243,121804,115112
1766327433.2352257,121540,114921
1766327433.2462022,121857,115099
1766327433.2571764,121857,115099
1766327433.268182,121857,115099
1766327433.2792454,121519,114945
1766327433.2902925,121886,115114
1766327433.301332,121886,115114
1766327433.31237,121520,114946
1766327433.3234751,121915,115118
1766327433.3346303,121915,115118
1766327433.3456786,121915,115118
1766327433.356732,121554,114952
1766327433.367795,121897,115134
1766327433.3788757,121897,115134
1766327433.3899176,121897,115134
1766327433.4009585,121586,114980
1766327433.412179,121968,115119
1766327433.423406,121968,115119
1766327433.434643,121670,114975
1766327433.4457898,121993,115159
1766327433.4568405,121993,115159
1766327433.4679112,121993,115159
1766327433.4790792,121726,115022
1766327433.4900978,121803,115051
1766327433.5011103,121803,115051
1766327433.5121129,121786,115045
1766327433.5231442,121476,114931
1766327433.5341544,121476,114931
1766327433.5451608,121476,114931
1766327433.5561874,121809,115060
1766327433.5672143,121277,114854
1766327433.57827,121277,114854
1766327433.5893207,121277,114854
1766327433.6004498,121871,115098
1766327433.61156,121295,114834
1766327433.6226866,121295,114834
1766327433.6337385,121854,115078
1766327433.6447804,121331,114869
1766327433.6558218,121331,114869
1766327433.6668868,121331,114869
1766327433.6779299,121885,115085
1766327433.6890457,121375,114907
1766327433.7000678,121375,114907
1766327433.7110991,121821,115034
1766327433.7221444,121485,114939
1766327433.7331681,121485,114939
1766327433.7441883,121485,114939
1766327433.7552052,121498,114902
1766327433.7662258,121827,115090
1766327433.7772574,121827,115090
1766327433.7883303,121827,115090
1766327433.799379,121255,114805
1766327433.81042,121497,114944
1766327433.82153,121497,114944
1766327433.8327098,121217,114788
1766327433.8437676,121512,114956
1766327433.8548055,121512,114956
1766327433.8658895,121512,114956
1766327433.876956,121242,114809
1766327433.8880029,121533,114945
1766327433.8990405,121533,114945
1766327433.9100838,121257,114809
1766327433.9211433,121632,115004
1766327433.9321876,121632,115004
1766327433.9432282,121632,115004
1766327433.9542634,121383,114877
1766327433.9653637,121671,115009
1766327433.9764135,121671,115009
1766327433.9874527,121671,115009
1766327433.9985015,121757,115056
1766327434.0095391,121757,115056
1766327434.0206354,121757,115056
1766327434.0317001,121395,114879
1766327434.0427432,121794,115070
1766327434.05378,121794,115070
1766327434.0648797,121794,115070
1766327434.0759323,121383,114868
1766327434.0869699,121797,115056
1766327434.0980346,121797,115056
1766327434.1091108,121411,114878
1766327434.1203008,121858,115094
1766327434.1313574,121858,115094
1766327434.1423955,121858,115094
1766327434.1534305,121497,114914
1766327434.1644795,121886,115092
1766327434.1755333,121886,115092
1766327434.1865973,121584,114963
1766327434.1976702,121889,115095
1766327434.2087245,121889,115095
1766327434.2198472,121889,115095
1766327434.2309186,121626,114965
1766327434.2419593,121646,114984
1766327434.2529948,121646,114984
1766327434.2640584,121646,114984
1766327434.2751174,121693,114986
1766327434.2861614,121363,114883
1766327434.297202,121363,114883
1766327434.3082666,121706,115011
1766327434.3193362,121292,114838
1766327434.3303852,121292,114838
1766327434.341425,121292,114838
1766327434.3524601,121746,115018
1766327434.3635058,121329,114846
1766327434.3745558,121329,114846
1766327434.3856041,121780,115032
1766327434.3966475,121390,114880
1766327434.4076877,121390,114880
1766327434.41879,121390,114880
1766327434.4316967,121801,115049
1766327434.4428725,121457,114926
1766327434.4539173,121457,114926
1766327434.4649863,121673,114989
1766327434.4760525,121540,114921
1766327434.4871602,121540,114921
1766327434.4982088,121540,114921
1766327434.5092525,121281,114791
1766327434.520288,121519,114945
1766327434.5313003,121519,114945
1766327434.54234,121519,114945
1766327434.5533483,121075,114703
1766327434.564362,121520,114946
1766327434.5753744,121520,114946
1766327434.5863795,121029,114705
1766327434.5975022,121554,114952
1766327434.6085675,121554,114952
1766327434.6196733,121554,114952
1766327434.6307378,121020,114685
1766327434.641776,121586,114980
1766327434.6528003,121586,114980
1766327434.6638212,121040,114707
1766327434.6748643,121670,114975
1766327434.6858857,121670,114975
1766327434.6969087,121670,114975
1766327434.7079294,121151,114755
1766327434.7189944,121726,115022
1766327434.7300375,121726,115022
1766327434.741115,121726,115022
1766327434.752175,121178,114764
1766327434.7632139,121786,115045
1766327434.774272,121786,115045
1766327434.7853131,121171,114766
1766327434.7963598,121809,115060
1766327434.8073997,121809,115060
1766327434.8184898,121809,115060
1766327434.8295653,121203,114771
1766327434.8406084,121871,115098
1766327434.8516471,121871,115098
1766327434.862684,121256,114777
1766327434.8737447,121854,115078
1766327434.8847845,121854,115078
1766327434.8958485,121854,115078
1766327434.9068863,121350,114821
1766327434.9179585,121885,115085
1766327434.9290001,121885,115085
1766327434.9400413,121885,115085
1766327434.951076,121396,114864
1766327434.9621127,121821,115034
1766327434.9731603,121821,115034
1766327434.9841986,121485,114859
1766327434.9952328,121498,114902
1766327435.0062673,121498,114902
1766327435.017354,121498,114902
1766327435.0284364,121544,114921
1766327435.0394816,121255,114805
1766327435.0505197,121255,114805
1766327435.0615573,121560,114901
1766327435.0726228,121217,114788
1766327435.0836658,121217,114788
1766327435.094704,121217,114788
1766327435.105739,121633,114945
1766327435.1167982,121242,114809
1766327435.127842,121242,114809
1766327435.1388774,121242,114809
1766327435.1501524,121652,114973
1766327435.161462,121257,114809
1766327435.1737196,121257,114809
1766327435.185386,121669,114908
1766327435.19656,121383,114877
1766327435.2077038,121383,114877
1766327435.2188437,121383,114877
1766327435.229906,121349,114827
1766327435.2409902,121370,114846
1766327435.2521431,121370,114846
1766327435.263298,121041,114665
1766327435.2744153,121395,114879
1766327435.2855155,121395,114879
1766327435.2966733,121395,114879
1766327435.3077881,120922,114621
1766327435.3188975,121383,114868
1766327435.329988,121383,114868
1766327435.341211,120867,114568
1766327435.352377,121411,114878
1766327435.36348,121411,114878
1766327435.3745546,121411,114878
1766327435.3856268,120902,114614
1766327435.3965876,121497,114914
1766327435.4075484,121497,114914
1766327435.4185598,121497,114649
1766327435.4296606,121584,114963
1766327435.4407043,121584,114963
1766327435.4516633,121584,114963
1766327435.4626207,121068,114691
1766327435.4735942,121626,114965
1766327435.484554,121626,114965
1766327435.495588,121626,114965
1766327435.5065494,121083,114691
1766327435.5175223,121693,114986
1766327435.5284805,121693,114986
1766327435.5394344,121049,114662
1766327435.5503883,121706,115011
1766327435.5613413,121706,115011
1766327435.5723,121706,115011
1766327435.5832596,121118,114707
1766327435.5944095,121746,115018
1766327435.6059844,121746,115018
1766327435.6169562,121746,115018
1766327435.627931,121746,115018
1766327435.63897,121780,115032
1766327435.6500006,121780,115032
1766327435.6609633,121285,114771
1766327435.6719291,121801,115049
1766327435.682895,121801,115049
1766327435.6938672,121801,115049
1766327435.704826,121375,114816
1766327435.715788,121673,114989
1766327435.7267432,121673,114989
1766327435.737697,121469,114880
1766327435.7486508,121281,114791
1766327435.7596064,121281,114791
1766327435.7705662,121281,114791
1766327435.781521,121511,114869
1766327435.7924829,121075,114703
1766327435.803439,121075,114703
1766327435.8143938,121075,114703
1766327435.8253794,121535,114889
1766327435.8363369,121029,114705
1766327435.8472884,121029,114705
1766327435.858242,121604,114894
1766327435.8692012,121020,114685
1766327435.8801675,121020,114685
1766327435.8911216,121020,114685
1766327435.9020739,121659,114921
1766327435.9130378,121040,114707
1766327435.9239948,121040,114707
1766327435.9349487,121040,114707
1766327435.9459224,121040,114707
1766327435.956876,121151,114755
1766327435.9678319,121151,114755
1766327435.9787865,121194,114709
1766327435.98974,121178,114764
1766327436.0006917,121178,114764
1766327436.0116434,121178,114764
1766327436.0226119,120957,114606
1766327436.0335689,121171,114766
1766327436.044522,121171,114766
1766327436.0554736,120890,114588
1766327436.0664318,121203,114771
1766327436.0773888,121203,114771
1766327436.0883417,121203,114771
1766327436.0993097,120887,114583
1766327436.1102645,121256,114777
1766327436.1212275,121256,114777
1766327436.1321898,121256,114777
1766327436.1431441,120944,114604
1766327436.1540966,121350,114821
1766327436.165052,121350,114821
1766327436.1760101,121030,114679
1766327436.186963,121396,114864
1766327436.1979225,121396,114864
1766327436.2088752,121396,114864
1766327436.2198467,121089,114675
1766327436.2308059,121485,114859
1766327436.2417598,121485,114859
1766327436.2527118,121485,114859
1766327436.2636664,121058,114654
1766327436.2746325,121544,114921
1766327436.2855864,121544,114921
1766327436.2965577,121115,114688
1766327436.3075106,121560,114901
1766327436.318473,121560,114901
1766327436.3294325,121560,114901
1766327436.3403864,121170,114709
1766327436.3513377,121633,114945
1766327436.362289,121633,114945
1766327436.3732452,121204,114710
1766327436.3842103,121652,114973
1766327436.395164,121652,114973
1766327436.4061182,121652,114973
1766327436.41708,121332,114783
1766327436.428869,121669,114908
1766327436.439914,121669,114908
1766327436.4509332,121669,114908
1766327436.4618995,121414,114834
1766327436.4728708,121349,114827
1766327436.4838293,121349,114827
1766327436.4947884,121482,114832
1766327436.505744,121041,114665
1766327436.5167055,121041,114665
1766327436.527662,121041,114665
1766327436.5386167,121539,114865
1766327436.5495696,120922,114621
1766327436.5605223,120922,114621
1766327436.5714831,121592,114907
1766327436.582436,120867,114568
1766327436.5934787,120867,114568
1766327436.604497,120867,114568
1766327436.6155212,121617,114896
1766327436.6265154,120902,114614
1766327436.6374726,120902,114614
1766327436.6484506,120902,114614
1766327436.6594102,121678,114919
1766327436.6703775,120983,114649
1766327436.6813314,120983,114649
1766327436.6922855,121680,114894
1766327436.70324,121068,114691
1766327436.7142215,121068,114691
1766327436.7251835,121068,114691
1766327436.736136,121560,114857
1766327436.7470915,121083,114691
1766327436.7580438,121083,114691
1766327436.7690072,121083,114691
1766327436.7799668,121221,114728
1766327436.7911205,121049,114662
1766327436.802184,121049,114662
1766327436.8133702,121013,114620
1766327436.824411,121118,114707
1766327436.835374,121118,114707
1766327436.846332,121118,114707
1766327436.8572836,121008,114615
1766327436.8682542,121746,115018
1766327436.8792071,121746,115018
1766327436.8901606,121023,114636
1766327436.9011135,121285,114771
1766327436.9120753,121285,114771
1766327436.92304,121285,114771
1766327436.933996,121114,114673
1766327436.944949,121375,114816
1766327436.9559007,121375,114816
1766327436.9668636,121375,114816
1766327436.9778192,121229,114733
1766327436.9887722,121469,114880
1766327436.9997392,121469,114880
1766327437.0106938,121259,114769
1766327437.0216732,121511,114869
1766327437.032636,121511,114869
1766327437.04359,121511,114869
1766327437.0545437,121248,114737
1766327437.0655909,121535,114889
1766327437.076552,121535,114889
1766327437.0875032,121535,114889
1766327437.0984576,121535,114889
1766327437.10941,121604,114894
1766327437.120373,121604,114894
1766327437.131328,121337,114770
1766327437.14228,121659,114921
1766327437.153232,121659,114921
1766327437.1641946,121659,114921
1766327437.1751537,121411,114798
1766327437.1861072,121040,114707
1766327437.1970663,121040,114707
1766327437.2080195,121463,114812
1766327437.2189908,121194,114709
1766327437.229968,121194,114709
1766327437.2409227,121194,114709
1766327437.2518754,121541,114853
1766327437.2628272,120957,114606
1766327437.2737997,120957,114606
1766327437.2847548,120957,114606
1766327437.2957165,121602,114877
1766327437.3066692,120890,114588
1766327437.3176394,120890,114588
1766327437.3285966,121616,114918
1766327437.3395503,120887,114583
1766327437.3505232,120887,114583
1766327437.3614807,120887,114583
1766327437.372442,121637,114895
1766327437.3833978,120944,114604
1766327437.3945785,120944,114604
1766327437.4055455,120944,114604
1766327437.4165118,120944,114604
1766327437.4282844,121030,114679
1766327437.4393349,121030,114679
1766327437.4502985,121664,114901
1766327437.4612544,121089,114675
1766327437.4722214,121089,114675
1766327437.4831784,121089,114675
1766327437.4941335,121366,114763
1766327437.505088,121058,114654
1766327437.5160415,121058,114654
1766327437.5269954,121040,114602
1766327437.5379477,121115,114688
1766327437.5489013,121115,114688
1766327437.5598543,121115,114688
1766327437.570869,120983,114600
1766327437.5818303,121170,114709
1766327437.5928926,121170,114709
1766327437.603898,121170,114709
1766327437.6149018,121006,114623
1766327437.6259055,121204,114710
1766327437.636861,121204,114710
1766327437.6478214,121031,114624
1766327437.658776,121332,114783
1766327437.669734,121332,114783
1766327437.6806874,121332,114783
1766327437.6916401,121133,114681
1766327437.702608,121414,114834
1766327437.7135646,121414,114834
1766327437.7245214,121172,114669
1766327437.7355142,121482,114832
1766327437.7464716,121482,114832
1766327437.7574272,121482,114832
1766327437.7683861,121184,114701
1766327437.7793407,121539,114865
1766327437.7902942,121539,114865
1766327437.8012555,121539,114865
1766327437.812209,121218,114700
1766327437.8232322,121592,114907
1766327437.8342423,121592,114907
1766327437.8452199,121222,114729
1766327437.8561788,121617,114896
1766327437.8671353,121617,114896
1766327437.878089,121617,114896
1766327437.8890424,121318,114762
1766327437.8999953,121678,114919
1766327437.910947,121678,114919
1766327437.9219007,121678,114919
1766327437.932854,121382,114791
1766327437.943819,121680,114894
1766327437.9547732,121680,114894
1766327437.9657261,121463,114818
1766327437.9766784,121560,114857
1766327437.9876301,121560,114857
1766327437.9985821,121560,114857
1766327438.0095348,121511,114836
1766327438.0204947,121221,114728
1766327438.031478,121221,114728
1766327438.042448,121521,114818
1766327438.0534105,121013,114620
1766327438.0643644,121013,114620
1766327438.075316,121013,114620
1766327438.0862687,121600,114868
1766327438.0972211,121008,114615
1766327438.1081734,121008,114615
1766327438.1191256,121008,114615
1766327438.1300795,121650,114891
1766327438.1410437,121023,114636
1766327438.1519969,121023,114636
1766327438.162949,121604,114852
1766327438.1741633,121114,114673
1766327438.18513,121114,114673
1766327438.1961014,121114,114673
1766327438.2070556,121310,114732
1766327438.2180202,121229,114733
1766327438.2290084,121229,114733
1766327438.2399955,121229,114733
1766327438.2509518,120948,114557
1766327438.2619073,121259,114769
1766327438.2728665,121259,114769
1766327438.2838194,120862,114535
1766327438.2947748,121248,114737
1766327438.305728,121248,114737
1766327438.316685,121248,114737
1766327438.3276567,120839,114526
1766327438.3386233,121535,114889
1766327438.3495789,121535,114889
1766327438.3605335,120810,114489
1766327438.3714886,121337,114770
1766327438.3824437,121337,114770
1766327438.3934128,121337,114770
1766327438.4043665,120919,114567
1766327438.4153187,121411,114798
1766327438.4264815,121411,114798
1766327438.4375472,121411,114798
1766327438.4485164,121013,114604
1766327438.459471,121463,114812
1766327438.470493,121463,114812
1766327438.4814594,121015,114616
1766327438.4924157,121541,114853
1766327438.5033684,121541,114853
1766327438.5143306,121541,114853
1766327438.5252895,121026,114608
1766327438.536242,121602,114877
1766327438.5471933,121602,114877
1766327438.558145,121602,114877
1766327438.5691044,121602,114877
1766327438.5800586,121616,114918
1766327438.591106,121616,114918
1766327438.6021209,121132,114657
1766327438.6131306,121637,114895
1766327438.6241329,121637,114895
1766327438.6350908,121637,114895
1766327438.6460454,121217,114693
1766327438.6570177,120944,114604
1766327438.668072,120944,114604
1766327438.6790333,121328,114766
1766327438.6899881,121664,114901
1766327438.7009437,121664,114901
1766327438.7118952,121664,114901
1766327438.7228587,121373,114772
1766327438.73382,121366,114763
1766327438.744799,121366,114763
1766327438.755752,121366,114763
1766327438.7667115,121381,114779
1766327438.7776673,121040,114602
1766327438.7886205,121040,114602
1766327438.7995765,121477,114782
1766327438.8105295,120983,114600
1766327438.8214858,120983,114600
1766327438.832483,120983,114600
1766327438.8434389,121525,114820
1766327438.8543916,121006,114623
1766327438.865354,121006,114623
1766327438.8763108,121006,114623
1766327438.887264,121031,114624
1766327438.8982165,121031,114624
1766327438.9091685,121031,114624
1766327438.920125,121477,114791
1766327438.931081,121133,114681
1766327438.9420333,121133,114681
1766327438.9529855,121133,114681
1766327438.9639406,121106,114609
1766327438.9748993,121172,114669
1766327438.9860833,121172,114669
1766327438.9972556,120876,114523
1766327439.0083227,121184,114701
1766327439.0193846,121184,114701
1766327439.0304728,121184,114701
1766327439.0415673,120783,114483
1766327439.0526614,121218,114700
1766327439.0637476,121218,114700
1766327439.0748327,121218,114700
1766327439.0859106,120738,114443
1766327439.0972126,121222,114729
1766327439.1083531,121222,114729
1766327439.1194322,120817,114495
1766327439.1306798,121318,114762
1766327439.1417449,121318,114762
1766327439.1527116,121318,114762
1766327439.163671,120965,114541
1766327439.1746342,121382,114791
1766327439.1855893,121382,114791
1766327439.1965497,121017,114594
1766327439.2075024,121463,114818
1766327439.2184591,121463,114818
1766327439.2294307,121463,114818
1766327439.240388,121026,114588
1766327439.2513444,121511,114836
1766327439.2622979,121511,114836
1766327439.2732563,121511,114836
1766327439.2842102,121034,114592
1766327439.295162,121521,114818
1766327439.3061182,121521,114818
1766327439.3170729,121107,114625
1766327439.3280258,121600,114868
1766327439.338981,121600,114868
1766327439.3499334,121600,114868
1766327439.3608868,121193,114654
1766327439.3718643,121650,114891
1766327439.382828,121650,114891
1766327439.393784,121246,114675
1766327439.4047427,121604,114852
1766327439.4156952,121604,114852
1766327439.428282,121604,114852
1766327439.439335,121367,114725
1766327439.4503176,121310,114732
1766327439.4613307,121310,114732
1766327439.4723005,121310,114732
1766327439.4832585,121310,114732
1766327439.4942143,120948,114557
1766327439.5051837,120948,114557
1766327439.5161428,121484,114782
1766327439.5271127,120862,114535
1766327439.5380657,120862,114535
1766327439.5490189,120862,114535
1766327439.5599716,121525,114789
1766327439.5709257,120839,114526
1766327439.581878,120839,114526
1766327439.5929494,121588,114818
1766327439.6039505,120810,114489
1766327439.614957,120810,114489
1766327439.625956,120810,114489
1766327439.6369143,121610,114829
1766327439.647868,120919,114567
1766327439.6588302,120919,114567
1766327439.6697867,120919,114567
1766327439.6807463,121518,114801
1766327439.6916993,121013,114604
1766327439.7026587,121013,114604
1766327439.7136142,121177,114622
1766327439.7245698,121015,114616
1766327439.7355227,121015,114616
1766327439.7464757,121015,114616
1766327439.7574306,120938,114520
1766327439.7683847,121026,114608
1766327439.7795184,121026,114608
1766327439.7906024,121026,114608
1766327439.801734,121602,114877
1766327439.812769,121602,114877
1766327439.8237348,121602,114877
1766327439.8347294,120880,114509
1766327439.8456836,121132,114657
1766327439.85664,121132,114657
1766327439.867684,121132,114657
1766327439.8786385,120933,114531
1766327439.8896325,121217,114693
1766327439.900592,121217,114693
1766327439.9115503,121016,114551
1766327439.9225068,121328,114766
1766327439.93346,121328,114766
1766327439.9444122,121328,114766
1766327439.9553635,121121,114616
1766327439.9663162,121373,114772
1766327439.9772685,121373,114772
1766327439.98822,121373,114772
1766327439.9991705,121108,114619
1766327440.0101323,121381,114779
1766327440.0210989,121381,114779
1766327440.0320778,121135,114605
1766327440.0430343,121477,114782
1766327440.0539885,121477,114782
1766327440.0649428,121477,114782
1766327440.0758953,121200,114656
1766327440.086848,121525,114820
1766327440.0978003,121525,114820
1766327440.1087532,121525,114718
1766327440.119706,121549,114815
1766327440.1306586,121549,114815
1766327440.1416104,121549,114815
1766327440.1525815,121371,114736
1766327440.1635346,121477,114791
1766327440.1744893,121477,114791
1766327440.1854413,121477,114791
1766327440.1964526,121463,114760
1766327440.207409,121106,114609
1766327440.2183657,121106,114609
1766327440.2293475,121498,114807
1766327440.2403045,120876,114523
1766327440.2512574,120876,114523
1766327440.2622085,120876,114523
1766327440.27318,121585,114809
1766327440.2841382,120783,114483
1766327440.2950926,120783,114483
1766327440.3060489,120783,114483
1766327440.3170102,121593,114825
1766327440.3280108,120738,114443
1766327440.3390524,120738,114443
1766327440.350091,121685,114822
1766327440.3611622,120817,114495
1766327440.3722181,120817,114495
1766327440.3832662,120817,114495
1766327440.3943353,121730,114872
1766327440.4053783,120965,114541
1766327440.4164321,120965,114541
1766327440.427736,121599,114793
1766327440.4389555,121017,114594
1766327440.4500387,121017,114594
1766327440.4611208,121017,114594
1766327440.4722104,121287,114671
1766327440.483257,121026,114588
1766327440.4943001,121026,114588
1766327440.5053682,121026,114588
1766327440.5164263,121100,114608
1766327440.527473,121034,114592
1766327440.5385802,121034,114592
1766327440.5496013,121056,114578
1766327440.5606213,121107,114625
1766327440.5716531,121107,114625
1766327440.5826743,121107,114625
1766327440.5938044,121097,114590
1766327440.604883,121193,114654
1766327440.615968,121193,114654
1766327440.6272178,121188,114659
1766327440.6383274,121246,114675
1766327440.649382,121246,114675
1766327440.6604102,121246,114675
1766327440.6714585,121296,114694
1766327440.6824872,121367,114725
1766327440.6935096,121367,114725
1766327440.7045636,121367,114725
1766327440.7156022,121310,114732
1766327440.7266293,121310,114732
1766327440.7376466,121310,114732
1766327440.7486894,121335,114695
1766327440.7597296,121484,114782
1766327440.7707784,121484,114782
1766327440.7818184,121484,114782
1766327440.7928545,121344,114706
1766327440.8038988,121525,114789
1766327440.814945,121525,114789
1766327440.826206,121347,114703
1766327440.8372703,121588,114818
1766327440.8483684,121588,114818
1766327440.8594244,121588,114818
1766327440.8704855,121473,114768
1766327440.8815312,121610,114829
1766327440.892573,121610,114829
1766327440.9036143,121610,114788
1766327440.9146624,121518,114801
1766327440.9256995,121518,114801
1766327440.9367363,121518,114801
1766327440.9478025,121615,114822
1766327440.9588413,121177,114622
1766327440.9698913,121177,114622
1766327440.9809313,121177,114622
1766327440.991971,121679,114845
1766327441.0030093,120938,114520
1766327441.0140414,120938,114520
1766327441.025184,121696,114867
1766327441.036313,120838,114480
1766327441.0473642,120838,114480
1766327441.0584078,120838,114480
1766327441.0694792,121737,114872
1766327441.0805237,120880,114509
1766327441.091564,120880,114509
1766327441.1026,121809,114919
1766327441.1136365,120933,114531
1766327441.124686,120933,114531
1766327441.1357276,120933,114531
1766327441.1467643,121807,114903
1766327441.1578329,121016,114551
1766327441.1688852,121016,114551
1766327441.1799285,121016,114551
1766327441.1909602,121791,114875
1766327441.2020636,121121,114616
1766327441.213141,121121,114616
1766327441.2242053,121388,114736
1766327441.2352905,121108,114619
1766327441.2463336,121108,114619
1766327441.2573705,121108,114619
1766327441.2686195,121131,114599
1766327441.2797694,121135,114605
1766327441.2908998,121135,114605
1766327441.3020291,121051,114550
1766327441.3131943,121200,114656
1766327441.3244052,121200,114656
1766327441.3354821,121200,114656
1766327441.3465288,121112,114591
1766327441.357644,121317,114718
1766327441.3686104,121317,114718
1766327441.3795657,121317,114718
1766327441.3905225,121186,114636
1766327441.4014792,121371,114736
1766327441.4124317,121371,114736
1766327441.423393,121276,114662
1766327441.4344606,121463,114760
1766327441.4454186,121463,114760
1766327441.4563742,121463,114760
1766327441.4673982,121327,114695
1766327441.4783587,121498,114807
1766327441.4893124,121498,114807
1766327441.5002692,121285,114679
1766327441.5112224,121585,114809
1766327441.5221837,121585,114809
1766327441.5331368,121585,114809
1766327441.5440893,121336,114697
1766327441.5550663,121593,114825
1766327441.5660255,121593,114825
1766327441.576979,121593,114825
1766327441.5879316,121388,114732
1766327441.5989625,121685,114822
1766327441.609972,121685,114822
1766327441.6209428,121424,114732
1766327441.6319442,121730,114872
1766327441.6429012,121730,114872
1766327441.6538558,121730,114872
1766327441.6648188,121531,114778
1766327441.6757748,121599,114793
1766327441.6867285,121599,114793
1766327441.6976793,121599,114793
1766327441.7086349,121626,114833
1766327441.7195945,121287,114671
1766327441.7305484,121287,114671
1766327441.7415,121668,114847
1766327441.7524526,121100,114608
1766327441.7634044,121100,114608
1766327441.7743645,121100,114608
1766327441.7853193,121707,114863
1766327441.7962732,121056,114578
1766327441.807228,121056,114578
1766327441.8181875,121719,114875
1766327441.829167,121097,114590
1766327441.8401225,121097,114590
1766327441.851076,121097,114590
1766327441.8620286,121786,114882
1766327441.872993,121188,114659
1766327441.8839464,121188,114659
1766327441.8948977,121188,114659
1766327441.9058714,121826,114897
1766327441.916832,121296,114694
1766327441.9277842,121296,114694
1766327441.9387367,121821,114884
1766327441.949689,121299,114674
1766327441.9606404,121299,114674
1766327441.9715993,121299,114674
1766327441.9825528,121726,114845
1766327441.993504,121335,114695
1766327442.004456,121335,114695
1766327442.0154102,121335,114695
1766327442.0263617,121343,114693
1766327442.0373466,121344,114706
1766327442.0484052,121344,114706
1766327442.0593674,121121,114572
1766327442.070336,121347,114703
1766327442.0812905,121347,114703
1766327442.0922437,121347,114703
1766327442.1031952,121080,114582
1766327442.1141512,121473,114768
1766327442.1251087,121473,114768
1766327442.1360612,121087,114584
1766327442.1470132,121538,114788
1766327442.1579642,121538,114788
1766327442.168924,121538,114788
1766327442.1798766,121142,114599
1766327442.1908288,121615,114822
1766327442.2017958,121615,114822
1766327442.2127514,121615,114822
1766327442.223715,121260,114663
1766327442.234696,121679,114845
1766327442.2456498,121679,114845
1766327442.2566266,121306,114671
1766327442.26759,121696,114867
1766327442.2785451,121696,114867
1766327442.2894974,121696,114867
1766327442.3004498,121346,114691
1766327442.311405,121737,114872
1766327442.3223732,121737,114872
1766327442.3333285,121737,114872
1766327442.3442812,121361,114715
1766327442.3552332,121809,114919
1766327442.3661916,121809,114919
1766327442.3771446,121410,114702
1766327442.3880975,121807,114903
1766327442.3990495,121807,114903
1766327442.410003,121807,114903
1766327442.4209654,121503,114758
1766327442.4321003,121791,114875
1766327442.4431386,121791,114875
1766327442.4541442,121590,114788
1766327442.4651198,121388,114736
1766327442.4760778,121388,114736
1766327442.4870343,121388,114736
1766327442.4979873,121663,114820
1766327442.5089428,121131,114599
1766327442.519903,121131,114599
1766327442.5308566,121131,114599
1766327442.541809,121703,114848
1766327442.5527623,121051,114550
1766327442.5637167,121051,114550
1766327442.5746791,121721,114841
1766327442.5856326,121112,114591
1766327442.5967247,121112,114591
1766327442.6077657,121112,114591
1766327442.6187403,121801,114873
1766327442.6297235,121186,114636
1766327442.6406987,121186,114636
1766327442.651652,121186,114636
1766327442.6626077,121845,114920
1766327442.6735725,121276,114662
1766327442.6845276,121276,114662
1766327442.6954787,121866,114910
1766327442.706433,121327,114695
1766327442.7173917,121327,114695
1766327442.7283783,121327,114695
1766327442.7395766,121910,114931
1766327442.7507064,121285,114679
1766327442.7617671,121285,114679
1766327442.772873,121841,114887
1766327442.7844398,121336,114697
1766327442.7955375,121336,114697
1766327442.8066063,121336,114697
1766327442.817687,121490,114726
1766327442.8287728,121388,114732
1766327442.8398561,121388,114732
1766327442.8509963,121388,114732
1766327442.8640747,121424,114732
1766327442.8751724,121424,114732
1766327442.8862536,121424,114732
1766327442.8973346,121176,114607
1766327442.908311,121531,114778
1766327442.9192967,121531,114778
1766327442.9302602,121531,114778
1766327442.9412181,121531,114778
1766327442.9521732,121626,114833
1766327442.9631565,121626,114833
1766327442.9741232,121247,114638
1766327442.9850807,121668,114847
1766327442.9960344,121668,114847
1766327443.0069883,121668,114847
1766327443.0179493,121364,114695
1766327443.0290787,121707,114863
1766327443.040065,121707,114863
1766327443.0510218,121482,114742
1766327443.0619755,121719,114875
1766327443.0729408,121719,114875
1766327443.0838988,121719,114875
1766327443.0948534,121469,114745
1766327443.1058068,121786,114882
1766327443.1167662,121786,114882
1766327443.12792,121786,114882
1766327443.1389782,121446,114739
1766327443.150028,121826,114897
1766327443.1609879,121826,114897
1766327443.171962,121531,114733
1766327443.18301,121821,114884
1766327443.1939762,121821,114884
1766327443.2049391,121821,114884
1766327443.2159066,121607,114800
1766327443.2268667,121726,114845
1766327443.2378588,121726,114845
1766327443.2488177,121721,114856
1766327443.2597718,121343,114693
1766327443.270738,121343,114693
1766327443.2816985,121343,114693
1766327443.2926533,121767,114862
1766327443.3036084,121121,114572
1766327443.3145874,121121,114572
1766327443.3255608,121121,114572
1766327443.336524,121815,114879
1766327443.3474798,121080,114582
1766327443.3584335,121080,114582
1766327443.3693962,121838,114893
1766327443.3803544,121087,114584
1766327443.3913097,121087,114584
1766327443.4022639,121087,114584
1766327443.4132218,121900,114908
1766327443.4242108,121142,114599
1766327443.435298,121142,114599
1766327443.446266,121142,114599
1766327443.4572217,121919,114938
1766327443.4681993,121260,114663
1766327443.4791594,121260,114663
1766327443.4901683,121969,114911
1766327443.501128,121306,114671
1766327443.5120823,121306,114671
1766327443.5230575,121306,114671
1766327443.534013,121907,114902
1766327443.5449657,121346,114691
1766327443.555917,121346,114691
1766327443.5668776,121576,114799
1766327443.5778313,121361,114715
1766327443.5887833,121361,114715
1766327443.5998116,121361,114715
1766327443.6108162,121364,114671
1766327443.6217933,121410,114702
1766327443.6327846,121410,114702
1766327443.6437397,121410,114702
1766327443.6547163,121351,114671
1766327443.6656942,121503,114758
1766327443.676651,121503,114758
1766327443.6876042,121368,114678
1766327443.698559,121590,114788
1766327443.7095127,121590,114788
1766327443.720474,121590,114788
1766327443.731429,121493,114737
1766327443.7423828,121663,114820
1766327443.753335,121663,114820
1766327443.764291,121663,114820
1766327443.7752478,121616,114810
1766327443.786201,121703,114848
1766327443.7971535,121703,114848
1766327443.8081088,121650,114788
1766327443.8190687,121721,114841
1766327443.8300488,121721,114841
1766327443.8410232,121721,114841
1766327443.8519797,121645,114797
1766327443.8629332,121801,114873
1766327443.873898,121801,114873
1766327443.8848846,121669,114830
1766327443.8958416,121845,114920
1766327443.9067953,121845,114920
1766327443.9177582,121845,114920
1766327443.9287136,121700,114829
1766327443.939666,121866,114910
1766327443.9506311,121866,114910
1766327443.9615855,121866,114910
1766327443.9725463,121765,114841
1766327443.9835,121910,114931
1766327443.9944527,121910,114931
1766327444.0054212,121774,114847
1766327444.0163813,121841,114887
1766327444.0273328,121841,114887
1766327444.0383158,121841,114887
1766327444.0492725,121847,114895
1766327444.0602257,121490,114726
1766327444.0711882,121490,114726
1766327444.0821412,121490,114726
1766327444.093099,121872,114897
1766327444.1040506,121197,114571
1766327444.1150143,121197,114571
1766327444.1259694,121935,114883
1766327444.1369221,121176,114607
1766327444.1478736,121176,114607
1766327444.158825,121176,114607
1766327444.1697822,121965,114926
1766327444.1807356,121531,114778
1766327444.1916876,121531,114778
1766327444.202655,121531,114953
1766327444.2136102,121247,114638
1766327444.224571,121247,114638
1766327444.235548,121247,114638
1766327444.2465036,121878,114888
1766327444.2574565,121364,114695
1766327444.2684205,121364,114695
1766327444.279374,121364,114695
1766327444.290327,121540,114732
1766327444.3012793,121482,114742
1766327444.3122344,121482,114742
1766327444.3231914,121322,114652
1766327444.334146,121469,114745
1766327444.3450983,121469,114745
1766327444.3560686,121469,114745
1766327444.3670413,121325,114644
1766327444.3780105,121446,114739
1766327444.3889663,121446,114739
1766327444.3999186,121446,114739
1766327444.4108706,121336,114668
1766327444.4218292,121531,114733
1766327444.4329069,121531,114733
1766327444.4439313,121437,114681
1766327444.4548948,121607,114800
1766327444.465927,121607,114800
1766327444.4768877,121607,114800
1766327444.4878414,121547,114757
1766327444.4987993,121721,114856
1766327444.509752,121721,114856
1766327444.5207171,121617,114810
1766327444.5316732,121767,114862
1766327444.5426261,121767,114862
1766327444.5535789,121767,114862
1766327444.5645413,121576,114764
1766327444.5755,121815,114879
1766327444.586453,121815,114879
1766327444.5974839,121815,114879
1766327444.6084948,121600,114778
1766327444.6194773,121838,114893
1766327444.630452,121838,114893
1766327444.6414237,121595,114768
1766327444.6523793,121900,114908
1766327444.6634493,121900,114908
1766327444.6744218,121900,114908
1766327444.6853771,121698,114812
1766327444.6963346,121919,114938
1766327444.7073104,121919,114938
1766327444.7182758,121919,114938
1766327444.7292306,121779,114865
1766327444.7401836,121969,114911
1766327444.7511344,121969,114911
1766327444.7620862,121832,114854
1766327444.77306,121907,114902
1766327444.784017,121907,114902
1766327444.79497,121907,114902
1766327444.8059232,121859,114866
1766327444.8168862,121576,114799
1766327444.8278391,121576,114799
1766327444.8388216,121913,114920
1766327444.849776,121364,114671
1766327444.8607287,121364,114671
1766327444.8716917,121364,114671
1766327444.8826463,121932,114901
1766327444.8935978,121351,114671
1766327444.90455,121351,114671
1766327444.9155076,121351,114671
1766327444.9264646,121943,114905
1766327444.9374173,121368,114678
1766327444.9483695,121368,114678
1766327444.959321,121677,114787
1766327444.970283,121493,114737
1766327444.9812365,121493,114737
1766327444.9921894,121493,114737
1766327445.0031414,121387,114656
1766327445.0140948,121616,114810
1766327445.025058,121616,114810
1766327445.0360324,121616,114810
1766327445.046987,121248,114608
1766327445.057958,121650,114788
1766327445.0689201,121650,114788
1766327445.0798762,121287,114593
1766327445.0908287,121645,114797
1766327445.1017811,121645,114797
1766327445.112736,121645,114797
1766327445.1236975,121310,114630
1766327445.1346567,121669,114830
1766327445.1456087,121669,114830
1766327445.1565607,121669,114709
1766327445.167519,121700,114829
1766327445.1784756,121700,114829
1766327445.1894646,121700,114829
1766327445.2004519,121523,114732
1766327445.2114074,121765,114841
1766327445.2223725,121765,114841
1766327445.2333512,121765,114841
1766327445.2443063,121545,114747
1766327445.2552588,121774,114847
1766327445.2662203,121774,114847
1766327445.277178,121506,114726
1766327445.2881315,121847,114895
1766327445.2990856,121847,114895
1766327445.3100405,121847,114895
1766327445.3209987,121541,114740
1766327445.3319557,121872,114897
1766327445.3429089,121872,114897
1766327445.3538785,121872,114897
1766327445.3648417,121550,114764
1766327445.375798,121935,114883
1766327445.3867538,121935,114883
1766327445.3977978,121669,114774
1766327445.4088979,121965,114926
1766327445.4199715,121965,114926
1766327445.4310505,121965,114926
1766327445.4421463,121743,114817
1766327445.4532006,122015,114953
1766327445.4642437,122015,114953
1766327445.4752934,121769,114814
1766327445.4863408,121878,114888
1766327445.497454,121878,114888
1766327445.5085104,121878,114888
1766327445.5194886,121844,114851
1766327445.5304449,121540,114732
1766327445.5414033,121540,114732
1766327445.5523596,121540,114732
1766327445.5633118,121847,114870
1766327445.5742974,121322,114652
1766327445.5852501,121322,114652
1766327445.596347,121922,114867
1766327445.6073616,121325,114644
1766327445.6183324,121325,114644
1766327445.6292908,121325,114644
1766327445.6403399,121828,114834
1766327445.6513004,121336,114668
1766327445.6622553,121336,114668
1766327445.673223,121336,114688
1766327445.6841779,121437,114681
1766327445.6951296,121437,114681
1766327445.706083,121437,114681
1766327445.7170591,121261,114584
1766327445.7280135,121547,114757
1766327445.7389653,121547,114757
1766327445.74992,121547,114757
1766327445.7609015,121242,114581
1766327445.7718685,121617,114810
1766327445.7828255,121617,114810
1766327445.7937849,121261,114604
1766327445.804743,121576,114764
1766327445.815701,121576,114764
1766327445.826656,121576,114764
1766327445.8376389,121312,114623
1766327445.848595,121600,114778
1766327445.8595464,121600,114778
1766327445.870509,121600,114778
1766327445.8814623,121391,114679
1766327445.892415,121595,114768
1766327445.903366,121595,114768
1766327445.9143205,121476,114678
1766327445.925282,121698,114812
1766327445.9362361,121698,114812
1766327445.9471877,121698,114812
1766327445.9581397,121471,114690
1766327445.969099,121779,114865
1766327445.9800565,121779,114865
1766327445.9910092,121779,114865
1766327446.001965,121832,114854
1766327446.012918,121832,114854
1766327446.0238805,121832,114854
1766327446.034857,121548,114720
1766327446.0458124,121859,114866
1766327446.0567682,121859,114866
1766327446.0677345,121859,114866
1766327446.0786939,121618,114751
1766327446.0896473,121913,114920
1766327446.1006007,121913,114920
1766327446.1115685,121725,114806
1766327446.1225276,121932,114901
1766327446.133485,121932,114901
1766327446.144439,121932,114901
1766327446.1553917,121753,114813
1766327446.166347,121943,114905
1766327446.1773028,121943,114905
1766327446.1882558,121943,114905
1766327446.1992228,121765,114819
1766327446.2101772,121677,114787
1766327446.221139,121677,114787
1766327446.2320964,121838,114818
1766327446.243079,121387,114656
1766327446.2540934,121387,114656
1766327446.2650678,121387,114656
1766327446.2760274,121867,114846
1766327446.286984,121248,114608
1766327446.297936,121248,114608
1766327446.3088934,121248,114608
1766327446.319853,121287,114593
1766327446.3308108,121287,114593
1766327446.341767,121287,114593
1766327446.3527205,121393,114637
1766327446.363725,121310,114630
1766327446.3747807,121310,114630
1766327446.385824,121310,114630
1766327446.3968627,121197,114561
1766327446.4079018,121440,114709
1766327446.4189606,121440,114709
1766327446.4300063,121179,114544
1766327446.4411397,121523,114732
1766327446.452229,121523,114732
1766327446.4632974,121523,114732
1766327446.4743974,121195,114560
1766327446.4854658,121545,114747
1766327446.4966824,121545,114747
1766327446.5079036,121545,114577
1766327446.5191896,121506,114726
1766327446.5307724,121506,114726
1766327446.5419416,121506,114726
1766327446.5530968,121376,114644
1766327446.5642982,121541,114740
1766327446.575403,121541,114740
1766327446.586465,121541,114740
1766327446.5976799,121443,114685
1766327446.6089478,121550,114764
1766327446.6202757,121550,114764
1766327446.6315265,121400,114656
1766327446.6428761,121669,114774
1766327446.6542764,121669,114774
1766327446.6653988,121669,114774
1766327446.6766112,121385,114664
1766327446.6893687,121743,114817
1766327446.7005396,121743,114817
1766327446.7116175,121461,114646
1766327446.7227163,121769,114814
1766327446.7337995,121769,114814
1766327446.7447612,121769,114814
1766327446.7557216,121498,114711
1766327446.7666895,121844,114851
1766327446.7776473,121844,114851
1766327446.7886043,121608,114716
1766327446.7995582,121847,114870
1766327446.8105342,121847,114870
1766327446.825244,121847,114870
1766327446.836301,121660,114749
1766327446.847358,121922,114867
1766327446.8583236,121922,114867
1766327446.869286,121713,114780
1766327446.8802416,121828,114834
1766327446.8911963,121828,114834
1766327446.90215,121828,114834
1766327446.9131033,121757,114797
1766327446.9240572,121483,114688
1766327446.935011,121483,114688
1766327446.9459636,121738,114773
1766327446.956917,121261,114584
1766327446.967869,121261,114584
1766327446.9788225,121261,114584
1766327446.9897757,121457,114662
1766327447.0007284,121242,114581
1766327447.0116818,121242,114581
1766327447.0227208,121242,114581
1766327447.033685,121198,114537
1766327447.0447326,121261,114604
1766327447.055694,121261,114604
1766327447.0666523,121110,114522
1766327447.0776112,121312,114623
1766327447.0885663,121312,114623
1766327447.0995197,121312,114623
1766327447.1104724,121134,114512
1766327447.1214263,121391,114679
1766327447.1324,121391,114679
1766327447.143352,121391,114679
1766327447.1543052,121176,114536
1766327447.165269,121476,114678
1766327447.1762238,121476,114678
1766327447.1871762,121320,114600
1766327447.1981318,121471,114690
1766327447.2090847,121471,114690
1766327447.2200382,121471,114690
1766327447.2309902,121385,114638
1766327447.2419596,121479,114702
1766327447.2529154,121479,114702
1766327447.263869,121364,114598
1766327447.2748294,121548,114720
1766327447.2857978,121548,114720
1766327447.2967544,121548,114720
1766327447.3077135,121394,114634
1766327447.3186703,121618,114751
1766327447.3296235,121618,114751
1766327447.3405776,121618,114751
1766327447.3515298,121475,114647
1766327447.3624816,121725,114806
1766327447.373436,121725,114806
1766327447.3843877,121521,114684
1766327447.3953495,121753,114813
1766327447.4063058,121753,114813
1766327447.4172602,121753,114813
1766327447.4282138,121589,114720
1766327447.4391854,121765,114819
1766327447.4501407,121765,114819
1766327447.4610934,121765,114819
1766327447.472048,121639,114744
1766327447.4830017,121838,114818
1766327447.493954,121838,114818
1766327447.504997,121704,114757
1766327447.5159733,121867,114846
1766327447.5271482,121867,114846
1766327447.5381968,121867,114846
1766327447.5491617,121746,114773
1766327447.5601194,121712,114757
1766327447.5710871,121712,114757
1766327447.5820913,121794,114808
1766327447.5931973,121393,114637
1766327447.6042006,121393,114637
1766327447.6152186,121393,114637
1766327447.6261818,121631,114720
1766327447.637172,121197,114561
1766327447.6481292,121197,114561
1766327447.6590936,121197,114561
1766327447.6700637,121255,114563
1766327447.6810205,121179,114544
1766327447.6919744,121179,114544
1766327447.7029314,121112,114475
1766327447.7138865,121195,114560
1766327447.7248483,121195,114560
1766327447.7358031,121195,114560
1766327447.7467556,121120,114497
1766327447.7577102,121223,114577
1766327447.768669,121223,114577
1766327447.7796214,121223,114577
1766327447.7905746,121376,114644
1766327447.8015275,121376,114644
1766327447.8124835,121376,114644
1766327447.8234425,121263,114569
1766327447.8343964,121443,114685
1766327447.8453753,121443,114685
1766327447.8563328,121443,114685
1766327447.8673182,121368,114613
1766327447.8782742,121400,114656
1766327447.889227,121400,114656
1766327447.9001796,121426,114659
1766327447.9111316,121385,114664
1766327447.9220932,121385,114664
1766327447.9330473,121385,114664
1766327447.9439998,121393,114620
1766327447.9549515,121461,114646
1766327447.965907,121461,114646
1766327447.976861,121461,114646
1766327447.987812,121418,114633
1766327447.9987638,121498,114711
1766327448.0097158,121498,114711
1766327448.0206726,121483,114675
1766327448.0316257,121608,114716
1766327448.0426085,121608,114716
1766327448.0535653,121608,114716
1766327448.0645268,121557,114677
1766327448.0754795,121660,114749
1766327448.0864315,121660,114749
1766327448.0973835,121660,114749
1766327448.1083357,121660,114749
1766327448.119295,121713,114780
1766327448.1302485,121713,114780
1766327448.1412,121683,114741
1766327448.152166,121757,114797
1766327448.1631186,121757,114797
1766327448.1740792,121757,114797
1766327448.185117,121744,114756
1766327448.1960769,121738,114773
1766327448.2070308,121738,114773
1766327448.218018,121805,114782
1766327448.2289782,121457,114662
1766327448.2399604,121457,114662
1766327448.250919,121457,114662
1766327448.2618723,121817,114786
1766327448.2728376,121198,114537
1766327448.283791,121198,114537
1766327448.2947443,121198,114537
1766327448.3056967,121693,114716
1766327448.3166556,121110,114522
1766327448.3276238,121110,114522
1766327448.3385887,121328,114588
1766327448.349543,121134,114512
1766327448.3604977,121134,114512
1766327448.371469,121134,114512
1766327448.3824248,121143,114477
1766327448.3933792,121176,114536
1766327448.4043348,121176,114536
1766327448.4152923,121176,114536
1766327448.4262497,121093,114467
1766327448.4372222,121320,114600
1766327448.4482005,121320,114600
1766327448.4591696,121179,114509
1766327448.4701355,121385,114638
1766327448.4810908,121385,114638
1766327448.4920444,121385,114638
1766327448.5031056,121273,114554
1766327448.5141597,121364,114598
1766327448.5252094,121364,114598
1766327448.53625,121390,114614
1766327448.5472953,121394,114634
1766327448.558339,121394,114634
1766327448.5694153,121394,114634
1766327448.5804584,121417,114617
1766327448.5915558,121475,114647
1766327448.602642,121475,114647
1766327448.6136618,121475,114647
1766327448.6247082,121433,114645
1766327448.6356704,121521,114684
1766327448.6466615,121521,114684
1766327448.6576252,121429,114625
1766327448.6685898,121589,114720
1766327448.6795447,121589,114720
1766327448.6904976,121589,114720
1766327448.701452,121495,114656
1766327448.712408,121639,114744
1766327448.7233748,121639,114744
1766327448.7343304,121546,114662
1766327448.745283,121704,114757
1766327448.7562354,121704,114757
1766327448.7671936,121704,114757
1766327448.778147,121656,114721
1766327448.7891006,121746,114773
1766327448.8000524,121746,114773
1766327448.8110065,121746,114773
1766327448.8219647,121723,114741
1766327448.8329206,121794,114808
1766327448.843903,121794,114808
1766327448.854857,121744,114727
1766327448.8658197,121631,114720
1766327448.8767738,121631,114720
1766327448.887726,121631,114720
1766327448.8986785,121802,114772
1766327448.9096313,121255,114563
1766327448.9206164,121255,114563
1766327448.9315689,121255,114563
1766327448.9425213,121858,114816
1766327448.953473,121112,114475
1766327448.9644332,121112,114475
1766327448.975397,121853,114783
1766327448.9863496,121120,114497
1766327448.997301,121120,114497
1766327449.0082533,121120,114497
1766327449.0192137,121663,114701
1766327449.0301666,121141,114487
1766327449.041143,121141,114487
1766327449.0520976,121341,114576
1766327449.0630522,121263,114569
1766327449.0740173,121263,114569
1766327449.0849721,121263,114569
1766327449.095924,121210,114509
1766327449.1068752,121368,114613
1766327449.1178348,121368,114613
1766327449.1287918,121368,114613
1766327449.139743,121242,114527
1766327449.150695,121426,114659
1766327449.1616466,121426,114659
1766327449.172604,121294,114545
1766327449.1835573,121393,114620
1766327449.1945093,121393,114620
1766327449.205461,121393,114620
1766327449.2164183,121465,114628
1766327449.227377,121418,114633
1766327449.2383473,121418,114633
1766327449.2493167,121418,114633
1766327449.2602835,121535,114662
1766327449.2712538,121483,114675
1766327449.2822084,121483,114675
1766327449.2931616,121545,114637
1766327449.3041136,121557,114677
1766327449.3150766,121557,114677
1766327449.3260334,121557,114677
1766327449.3369868,121542,114656
1766327449.3479385,121660,114749
1766327449.3588903,121660,114749
1766327449.3698506,121660,114711
1766327449.380805,121683,114741
1766327449.39176,121683,114741
1766327449.4027128,121683,114741
1766327449.4136834,121646,114708
1766327449.4246407,121744,114756
1766327449.4355934,121744,114756
1766327449.4465687,121744,114756
1766327449.4575248,121731,114730
1766327449.468488,121805,114782
1766327449.479441,121805,114782
1766327449.4904075,121757,114751
1766327449.5013618,121817,114786
1766327449.5123143,121817,114786
1766327449.5232775,121817,114786
1766327449.5342312,121820,114773
1766327449.5451834,121693,114716
1766327449.5561357,121693,114716
1766327449.567097,121693,114716
1766327449.578051,121820,114788
1766327449.5890155,121328,114588
1766327449.60011,121328,114588
1766327449.6111703,121892,114777
1766327449.6221507,121143,114477
1766327449.6331074,121143,114477
1766327449.6441023,121143,114477
1766327449.6550639,121907,114798
1766327449.6660273,121093,114467
1766327449.6769814,121093,114467
1766327449.6879334,121845,114785
1766327449.6988876,121179,114509
1766327449.7098393,121179,114509
1766327449.7208023,121179,114509
1766327449.731756,121495,114627
1766327449.7427135,121273,114554
1766327449.7536664,121273,114554
1766327449.764624,121273,114554
1766327449.7755773,121311,114530
1766327449.7865293,121390,114614
1766327449.7974825,121390,114614
1766327449.8086197,121320,114557
1766327449.8197017,121417,114617
1766327449.8307676,121417,114617
1766327449.8417797,121417,114617
1766327449.852743,121414,114589
1766327449.8637638,121433,114645
1766327449.8747268,121433,114645
1766327449.8856804,121433,114645
1766327449.8966372,121558,114677
1766327449.9075906,121429,114625
1766327449.918555,121429,114625
1766327449.9295099,121641,114689
1766327449.9404638,121495,114656
1766327449.9514163,121495,114656
1766327449.9624064,121495,114656
1766327449.973367,121652,114690
1766327449.9843216,121546,114662
1766327449.995274,121546,114662
1766327450.0062268,121607,114681
1766327450.0172012,121656,114721
1766327450.0281737,121656,114721
1766327450.039145,121656,114721
1766327450.0501168,121656,114693
1766327450.0610712,121723,114741
1766327450.0720327,121723,114741
1766327450.0829866,121723,114741
1766327450.0939426,121730,114724
1766327450.1048963,121744,114727
1766327450.1158576,121744,114727
1766327450.126812,121763,114722
1766327450.1377647,121802,114772
1766327450.1487167,121802,114772
1766327450.1596682,121802,114772
1766327450.1706252,121836,114766
1766327450.1815803,121858,114816
1766327450.1925888,121858,114816
1766327450.2035484,121858,114816
1766327450.2145076,121923,114822
1766327450.2254713,121853,114783
1766327450.2365544,121853,114783
1766327450.2475345,121921,114785
1766327450.258489,121663,114701
1766327450.269451,121663,114701
1766327450.280405,121663,114701
1766327450.291358,121950,114809
1766327450.30231,121341,114576
1766327450.313282,121341,114576
1766327450.3242428,121958,114806
1766327450.3354614,121210,114509
1766327450.3466046,121210,114509
1766327450.3576617,121210,114509
1766327450.3687437,121783,114731
1766327450.379843,121242,114527
1766327450.3909292,121242,114527
1766327450.402015,121242,114527
1766327450.4131281,121409,114580
1766327450.4242213,121294,114545
1766327450.4352841,121294,114545
1766327450.4493048,121298,114508
1766327450.4604034,121465,114628
1766327450.471499,121465,114628
1766327450.4825852,121465,114628
1766327450.493546,121535,114662
1766327450.5045314,121535,114662
1766327450.5155075,121535,114662
1766327450.52647,121382,114548
1766327450.5374267,121545,114637
1766327450.5483825,121545,114637
1766327450.559335,121545,114637
1766327450.5703006,121484,114603
1766327450.58126,121542,114656
1766327450.5923173,121542,114656
1766327450.6034,121577,114668
1766327450.614424,121609,114711
1766327450.625392,121609,114711
1766327450.6363518,121609,114711
1766327450.647399,121574,114639
1766327450.6584382,121646,114708
1766327450.6694415,121646,114708
1766327450.6804173,121646,114708
1766327450.6913714,121572,114669
1766327450.702327,121731,114730
1766327450.7132823,121731,114730
1766327450.7242453,121595,114641
1766327450.7352,121757,114751
1766327450.7461545,121757,114751
1766327450.7571073,121757,114751
1766327450.7680666,121638,114680
1766327450.779022,121820,114773
1766327450.7899756,121820,114773
1766327450.8009286,121713,114728
1766327450.8118825,121820,114788
1766327450.822842,121820,114788
1766327450.8337953,121820,114788
1766327450.8447807,121760,114726
1766327450.8557365,121892,114777
1766327450.8667028,121892,114777
1766327450.8776584,121892,114777
1766327450.888612,121799,114737
1766327450.8995645,121907,114798
1766327450.9105165,121907,114798
1766327450.9214823,121796,114737
1766327450.9324384,121845,114785
1766327450.9433918,121845,114785
1766327450.9544032,121845,114785
1766327450.9653761,121862,114760
1766327450.9763308,121495,114627
1766327450.9872863,121495,114627
1766327450.9982388,121495,114627
1766327451.0091918,121832,114743
1766327451.0201793,121311,114530
1766327451.0311332,121311,114530
1766327451.0421965,121495,114558
1766327451.053153,121320,114557
1766327451.0641055,121320,114557
1766327451.0750685,121320,114557
1766327451.0860226,121177,114451
1766327451.0969758,121414,114589
1766327451.1079285,121414,114589
1766327451.1188939,121116,114439
1766327451.1298482,121558,114677
1766327451.140801,121558,114677
1766327451.1517525,121558,114677
1766327451.1627052,121090,114432
1766327451.1736658,121641,114689
1766327451.1846201,121641,114689
1766327451.1955721,121641,114689
1766327451.206528,121108,114435
1766327451.217487,121652,114690
1766327451.2284453,121652,114690
1766327451.2394176,121196,114461
1766327451.2503881,121607,114681
1766327451.261343,121607,114681
1766327451.2723045,121607,114681
1766327451.2832594,121299,114515
1766327451.2942123,121656,114693
1766327451.3051658,121656,114693
1766327451.3161294,121656,114693
1766327451.3272314,121262,114520
1766327451.3383117,121730,114724
1766327451.3495493,121730,114724
1766327451.3605924,121312,114494
1766327451.371588,121763,114722
1766327451.3825448,121763,114722
1766327451.3934987,121763,114722
1766327451.4044542,121355,114543
1766327451.4154131,121836,114766
1766327451.426366,121836,114766
1766327451.4373395,121406,114547
1766327451.4483178,121923,114822
1766327451.4592726,121923,114822
1766327451.4702377,121923,114822
1766327451.4811935,121489,114608
1766327451.492171,121921,114785
1766327451.5031273,121921,114785
1766327451.5140839,121921,114785
1766327451.5250487,121595,114629
1766327451.5360065,121950,114809
1766327451.5469592,121950,114809
1766327451.5579112,121605,114647
1766327451.5688732,121958,114806
1766327451.5798264,121958,114806
1766327451.5908792,121958,114806
1766327451.6037796,121666,114662
1766327451.6148574,121783,114731
1766327451.6258316,121783,114731
1766327451.6369014,121698,114691
1766327451.6478903,121409,114580
1766327451.658876,121409,114580
1766327451.6699338,121409,114580
1766327451.6809802,121707,114686
1766327451.692027,121298,114508
1766327451.7030675,121298,114508
1766327451.714106,121298,114508
1766327451.7251723,121486,114595
1766327451.7362154,121292,114511
1766327451.747256,121292,114511
1766327451.758293,121059,114388
1766327451.7693672,121382,114548
1766327451.7804065,121382,114548
1766327451.7914808,121382,114548
1766327451.8025272,120900,114328
1766327451.8135743,121484,114603
1766327451.8246176,121484,114603
1766327451.835662,120893,114339
1766327451.8467124,121577,114668
1766327451.8577497,121577,114668
1766327451.8688564,121577,114668
1766327451.8799026,120872,114319
1766327451.8909466,121574,114639
1766327451.9019878,121574,114639
1766327451.9130282,121574,114639
1766327451.924077,120957,114371
1766327451.9351172,121572,114669
1766327451.9461567,121572,114669
1766327451.9571953,121042,114406
1766327451.9682379,121595,114641
1766327451.979313,121595,114641
1766327451.99035,121595,114641
1766327452.0013862,121092,114413
1766327452.0124245,121638,114680
1766327452.0235317,121638,114680
1766327452.0346866,121100,114421
1766327452.045754,121713,114728
1766327452.0568027,121713,114728
1766327452.0678806,121713,114728
1766327452.0789795,121122,114424
1766327452.090024,121760,114726
1766327452.1010997,121760,114726
1766327452.11214,121760,114726
1766327452.1231816,121799,114737
1766327452.1342156,121799,114737
1766327452.145259,121799,114737
1766327452.156298,121293,114498
1766327452.167339,121796,114737
1766327452.1783772,121796,114737
1766327452.189443,121796,114737
1766327452.2004845,121375,114538
1766327452.2115247,121862,114760
1766327452.2225623,121862,114760
1766327452.2335992,121402,114526
1766327452.2446496,121832,114743
1766327452.2556877,121832,114743
1766327452.2667258,121832,114743
1766327452.277763,121481,114589
1766327452.28886,121495,114558
1766327452.2999105,121495,114558
1766327452.3109512,121495,114558
1766327452.3219922,121177,114451
1766327452.3330305,121177,114451
1766327452.3440688,121177,114451
1766327452.3551042,121569,114621
1766327452.3661425,121116,114439
1766327452.377185,121116,114439
1766327452.3882227,121116,114439
1766327452.399286,121597,114633
1766327452.4103248,121090,114432
1766327452.4213862,121090,114432
1766327452.4324284,121317,114483
1766327452.4434779,121108,114435
1766327452.454516,121108,114435
1766327452.4655664,121108,114435
1766327452.4766054,120965,114339
1766327452.487645,121196,114461
1766327452.4987085,121196,114461
1766327452.5097446,121196,114461
1766327452.5207822,121299,114515
1766327452.5318239,121299,114515
1766327452.5428588,121299,114515
1766327452.553909,120759,114255
1766327452.5649529,121262,114520
1766327452.5759962,121262,114520
1766327452.5870352,121262,114520
1766327452.599352,120762,114257
1766327452.6105254,121312,114494
1766327452.621646,121312,114494
1766327452.6327589,120856,114289
1766327452.6438837,121355,114543
1766327452.6550133,121355,114543
1766327452.6661189,121355,114543
1766327452.6772149,120975,114351
1766327452.6883075,121406,114547
1766327452.699489,121406,114547
1766327452.7105427,120992,114369
1766327452.721596,121489,114608
1766327452.7326562,121489,114608
1766327452.743693,121489,114608
1766327452.7548053,121002,114361
1766327452.765868,121595,114629
1766327452.7768521,121595,114629
1766327452.7878091,121595,114629
1766327452.7987657,121605,114647
1766327452.8097339,121605,114647
1766327452.8207004,121605,114647
1766327452.8316567,121136,114424
1766327452.8426225,121666,114662
1766327452.8535795,121666,114662
1766327452.8645391,121666,114662
1766327452.8754916,121218,114471
1766327452.886444,121698,114691
1766327452.8973951,121698,114691
1766327452.9083462,121316,114521
1766327452.9193044,121707,114686
1766327452.930257,121707,114686
1766327452.9412081,121707,114686
1766327452.95216,121372,114525
1766327452.9631171,121486,114595
1766327452.9740562,121486,114595
1766327452.985012,121486,114595
1766327452.9959633,121443,114553
1766327453.0069187,121059,114388
1766327453.0178819,121059,114388
1766327453.0288374,121484,114597
1766327453.0398753,120900,114328
1766327453.0508444,120900,114328
1766327453.0617962,120900,114328
1766327453.0727618,121519,114590
1766327453.083717,120893,114339
1766327453.0946696,120893,114339
1766327453.1056197,120893,114339
1766327453.1165767,121530,114596
1766327453.1275458,120872,114319
1766327453.1384978,120872,114319
1766327453.1495776,121611,114631
1766327453.160656,120957,114371
1766327453.1718256,120957,114371
1766327453.182894,120957,114371
1766327453.1938515,121462,114558
1766327453.204817,121042,114406
1766327453.215786,121042,114406
1766327453.2267513,121045,114385
1766327453.2377083,121092,114413
1766327453.2486737,121092,114413
1766327453.2596252,121092,114413
1766327453.2705848,120864,114296
1766327453.281552,121100,114421
1766327453.2925088,121100,114421
1766327453.3034585,121100,114421
1766327453.3144312,120798,114284
1766327453.3253903,121122,114424
1766327453.3363469,121122,114424
1766327453.347299,120890,114286
1766327453.35825,121162,114424
1766327453.3692064,121162,114424
1766327453.3801622,121162,114424
1766327453.3911164,120969,114355
1766327453.4020782,121293,114498
1766327453.413047,121293,114498
1766327453.4240081,121293,114411
1766327453.4349635,121375,114538
1766327453.4459229,121375,114538
1766327453.4568748,121375,114538
1766327453.4678354,121137,114417
1766327453.478812,121402,114526
1766327453.4897723,121402,114526
1766327453.5007255,121402,114526
1766327453.5116768,121139,114430
1766327453.5226333,121481,114589
1766327453.5335877,121481,114589
1766327453.5445404,121193,114474
1766327453.555492,121488,114577
1766327453.5664463,121488,114577
1766327453.5774064,121488,114577
1766327453.588369,121256,114472
1766327453.599424,121569,114621
1766327453.610396,121569,114621
1766327453.6213686,121569,114621
1766327453.6323318,121315,114509
1766327453.6432993,121597,114633
1766327453.6542573,121597,114633
1766327453.665217,121411,114525
1766327453.6761765,121317,114483
1766327453.687129,121317,114483
1766327453.698081,121317,114483
1766327453.7090483,121482,114565
1766327453.7200067,120965,114339
1766327453.730962,120965,114339
1766327453.7419167,120965,114339
1766327453.7528696,120747,114255
1766327453.7639306,120747,114255
1766327453.7748997,120747,114255
1766327453.785856,121567,114607
1766327453.7968903,120759,114255
1766327453.8078485,120759,114255
1766327453.818821,120759,114255
1766327453.8297966,121613,114623
1766327453.840766,120762,114257
1766327453.8517232,120762,114257
1766327453.8626754,121664,114640
1766327453.8736396,120856,114289
1766327453.8845932,120856,114289
1766327453.8955452,120856,114289
1766327453.9064965,121654,114636
1766327453.917453,120975,114351
1766327453.9284067,120975,114351
1766327453.939357,120975,114351
1766327453.9503083,121328,114502
1766327453.9612617,120992,114369
1766327453.9722185,120992,114369
1766327453.98317,121033,114332
1766327453.9941227,121002,114361
1766327454.0050764,121002,114361
1766327454.0160325,121002,114361
1766327454.0269868,120959,114329
1766327454.037938,121006,114356
1766327454.0488975,121006,114356
1766327454.0598488,121006,114356
1766327454.0708048,121136,114424
1766327454.0819364,121136,114424
1766327454.0931487,121136,114424
1766327454.1042442,121035,114374
1766327454.1153195,121218,114471
1766327454.126439,121218,114471
1766327454.1374943,121218,114471
1766327454.1485593,121205,114435
1766327454.1596198,121316,114521
1766327454.1706998,121316,114521
1766327454.1817763,121252,114490
1766327454.1929538,121372,114525
1766327454.2041721,121372,114525
1766327454.2152627,121372,114525
1766327454.2263293,121249,114459
1766327454.237404,121443,114553
1766327454.2483869,121443,114553
1766327454.25935,121205,114436
1766327454.2703187,121484,114597
1766327454.2812812,121484,114597
1766327454.292239,121484,114597
1766327454.3031926,121284,114479
1766327454.3141584,121519,114590
1766327454.3251197,121519,114590
1766327454.336075,121519,114590
1766327454.3470316,121353,114514
1766327454.3579857,121530,114596
1766327454.3689487,121530,114596
1766327454.3799083,121397,114537
1766327454.390864,121611,114631
1766327454.401821,121611,114631
1766327454.412774,121611,114631
1766327454.4237363,121486,114567
1766327454.4346936,121462,114558
1766327454.4456573,121462,114558
1766327454.4566116,121462,114558
1766327454.467573,121553,114600
1766327454.4785311,121045,114385
1766327454.489486,121045,114385
1766327454.5004406,121559,114597
1766327454.5113974,120864,114296
1766327454.5223596,120864,114296
1766327454.533331,120864,114296
1766327454.5442858,121590,114616
1766327454.5552385,120798,114284
1766327454.5661957,120798,114284
1766327454.5771525,121593,114610
1766327454.5881062,120890,114286
1766327454.5991366,120890,114286
1766327454.6101136,120890,114286
1766327454.6211185,121614,114616
1766327454.6320758,120969,114355
1766327454.6430411,120969,114355
1766327454.6540022,120969,114355
1766327454.6649668,121363,114503
1766327454.6759233,121099,114411
1766327454.6868773,121099,114411
1766327454.697833,120943,114302
1766327454.7087862,121137,114417
1766327454.7197466,121137,114417
1766327454.7307043,121137,114417
1766327454.7416582,120813,114263
1766327454.7526114,121139,114430
1766327454.7637,121139,114430
1766327454.7747118,121139,114430
1766327454.7856672,120803,114277
1766327454.7966805,121193,114474
1766327454.8076396,121193,114474
1766327454.8186116,120806,114274
1766327454.8295696,121256,114472
1766327454.8405232,121256,114472
1766327454.8514922,121256,114472
1766327454.8624449,120902,114313
1766327454.873424,121315,114509
1766327454.884386,121315,114509
1766327454.89534,120968,114340
1766327454.9062927,121411,114525
1766327454.9172482,121411,114525
1766327454.9282045,121411,114525
1766327454.9391563,121025,114375
1766327454.9501092,121482,114565
1766327454.9610605,121482,114565
1766327454.9720156,121482,114565
1766327454.9829693,121033,114378
1766327454.9939208,121531,114584
1766327455.0048761,121531,114584
1766327455.0158348,121041,114373
1766327455.026789,121567,114607
1766327455.0377398,121567,114607
1766327455.0487094,121567,114607
1766327455.0596616,121139,114420
1766327455.0706182,121613,114623
1766327455.0815728,121613,114623
1766327455.092525,121613,114623
1766327455.103477,121248,114475
1766327455.1144323,121664,114640
1766327455.1253867,121664,114640
1766327455.13634,121296,114498
1766327455.1472917,121654,114636
1766327455.1582432,121654,114636
1766327455.1691978,121654,114636
1766327455.1801686,121377,114533
1766327455.1911545,121328,114502
1766327455.2021127,121328,114502
1766327455.2130742,121423,114555
1766327455.2240517,121033,114332
1766327455.2350066,121033,114332
1766327455.2459667,121033,114332
1766327455.2569206,121481,114562
1766327455.2678897,120959,114329
1766327455.2788458,120959,114329
1766327455.2897987,120959,114329
1766327455.3007507,121528,114578
1766327455.3117063,120975,114324
1766327455.322663,120975,114324
1766327455.3336189,121518,114569
1766327455.3445728,121035,114374
1766327455.3555248,121035,114374
1766327455.3664796,121035,114374
1766327455.377435,121455,114552
1766327455.3883867,121205,114435
1766327455.399339,121205,114435
1766327455.410291,121205,114435
1766327455.421248,121048,114375
1766327455.4322045,121252,114490
1766327455.443182,121252,114490
1766327455.4541452,120791,114226
1766327455.4651096,121249,114459
1766327455.4760666,121249,114459
1766327455.4870186,121249,114459
1766327455.4979713,120726,114227
1766327455.5089235,121205,114436
1766327455.5198803,121205,114436
1766327455.5308425,120747,114261
1766327455.541797,121284,114479
1766327455.5527494,121284,114479
1766327455.563704,121284,114479
1766327455.5746806,120784,114255
1766327455.5856338,121353,114514
1766327455.5966678,121353,114514
1766327455.6076307,121353,114514
1766327455.6185977,120906,114306
1766327455.6295655,121397,114537
1766327455.6405833,121397,114537
1766327455.6515555,120942,114334
1766327455.6625202,121486,114567
1766327455.6734886,121486,114567
1766327455.684452,121486,114567
1766327455.6954055,121002,114351
1766327455.7063625,121553,114600
1766327455.7173226,121553,114600
1766327455.7282834,121553,114600
1766327455.7392354,121011,114369
1766327455.750188,121559,114597
1766327455.761288,121559,114597
1766327455.7723336,121075,114369
1766327455.7832944,121590,114616
1766327455.7942512,121590,114616
1766327455.8052075,121590,114616
1766327455.8161747,121154,114417
1766327455.8271282,121593,114610
1766327455.8380804,121593,114610
1766327455.8490658,121224,114463
1766327455.8600247,121614,114616
1766327455.870985,121614,114616
1766327455.88194,121614,114616
1766327455.8928938,121328,114493
1766327455.9038453,121363,114503
1766327455.9148006,121363,114503
1766327455.9257698,121363,114503
1766327455.936724,121385,114512
1766327455.9476764,120943,114302
1766327455.9586287,120943,114302
1766327455.9695854,121390,114506
1766327455.9805393,120813,114263
1766327455.9914925,120813,114263
1766327456.0024447,120813,114263
1766327456.0134017,121486,114551
1766327456.0243633,120803,114277
1766327456.0353167,120803,114277
1766327456.046282,120803,114277
1766327456.0572357,121524,114585
1766327456.068196,120806,114274
1766327456.0791488,120806,114274
1766327456.0901015,121565,114563
1766327456.1010535,120902,114313
1766327456.11201,120902,114313
1766327456.122971,120902,114313
1766327456.133924,121403,114513
1766327456.1448786,120968,114340
1766327456.1558297,120968,114340
1766327456.166787,121018,114356
1766327456.177743,121025,114375
1766327456.188696,121025,114375
1766327456.1996498,121025,114375
1766327456.210602,120792,114231
1766327456.2215588,121033,114378
1766327456.2325184,121033,114378
1766327456.2434752,121033,114378
1766327456.2544372,120776,114238
1766327456.2653968,121041,114373
1766327456.2763696,121041,114373
1766327456.2873218,120774,114242
1766327456.298275,121139,114420
1766327456.3092268,121139,114420
1766327456.3201861,121139,114420
1766327456.3311415,120883,114288
1766327456.342095,121248,114475
1766327456.3530471,121248,114475
1766327456.3640025,121248,114475
1766327456.374961,120966,114346
1766327456.3859138,121296,114498
1766327456.3968666,121296,114498
1766327456.4078195,121087,114349
1766327456.4187799,121377,114533
1766327456.4297357,121377,114533
1766327456.4406886,121377,114533
1766327456.451648,121087,114376
1766327456.4626012,121423,114555
1766327456.4735618,121423,114555
1766327456.484518,121423,114555
1766327456.4954705,121481,114562
1766327456.5064225,121481,114562
1766327456.5173812,121481,114562
1766327456.5283377,121190,114420
1766327456.5392907,121528,114578
1766327456.550241,121528,114578
1766327456.5612018,121528,114578
1766327456.5721636,121276,114460
1766327456.5831282,121518,114569
1766327456.5942807,121518,114569
1766327456.6052601,121369,114512
1766327456.6162271,121455,114552
1766327456.6272056,121455,114552
1766327456.6382277,121455,114552
1766327456.6494076,121434,114524
1766327456.6604025,121048,114375
1766327456.6713703,121048,114375
1766327456.682329,121048,114375
1766327456.6932826,121513,114556
1766327456.704239,120791,114226
1766327456.715198,120791,114226
1766327456.7261546,121531,114556
1766327456.7371085,120726,114227
1766327456.7480636,120726,114227
1766327456.7591646,120726,114227
1766327456.7702188,121569,114576
1766327456.7811785,120747,114261
1766327456.792135,120747,114261
1766327456.8030946,121606,114573
1766327456.8140686,120784,114255
1766327456.82505,120784,114255
1766327456.8360035,120784,114255
1766327456.847112,121660,114602
1766327456.8581815,120906,114306
1766327456.8692446,120906,114306
1766327456.880205,120906,114306
1766327456.8911624,121577,114561
1766327456.9021912,120942,114334
1766327456.9131463,120942,114334
1766327456.924119,121153,114400
1766327456.9350746,121002,114351
1766327456.9460273,121002,114351
1766327456.9569798,121002,114351
1766327456.967941,120923,114288
1766327456.9789195,121011,114369
1766327456.9898736,121011,114369
1766327457.0008264,121011,114369
1766327457.0117788,120872,114263
1766327457.0227387,121075,114369
1766327457.0336921,121075,114369
1766327457.0447206,120953,114300
1766327457.0556905,121154,114417
1766327457.066721,121154,114417
1766327457.077683,121154,114417
1766327457.0886383,121047,114349
1766327457.099593,121224,114463
1766327457.1105459,121224,114463
1766327457.121505,121181,114399
1766327457.1324594,121328,114493
1766327457.1434116,121328,114493
1766327457.1543643,121328,114493
1766327457.1653254,121228,114426
1766327457.176283,121385,114512
1766327457.187236,121385,114512
1766327457.1981878,121385,114512
1766327457.209144,121237,114426
1766327457.220103,121390,114506
1766327457.231057,121390,114506
1766327457.2420096,121243,114460
1766327457.2529814,121486,114551
1766327457.2639441,121486,114551
1766327457.2749057,121486,114551
1766327457.2858596,121304,114460
1766327457.2968144,121524,114585
1766327457.307766,121524,114585
1766327457.318732,121524,114585
1766327457.3297071,121357,114494
1766327457.3406615,121565,114563
1766327457.3516138,121565,114563
1766327457.3625655,121456,114529
1766327457.373525,121403,114513
1766327457.384481,121403,114513
1766327457.3954334,121403,114513
1766327457.4063878,121530,114553
1766327457.4173484,121018,114356
1766327457.4283054,121018,114356
1766327457.4392571,121534,114544
1766327457.4502182,120792,114231
1766327457.4611697,120792,114231
1766327457.4721274,120792,114231
1766327457.4830842,121629,114597
1766327457.4940372,120776,114238
1766327457.5049891,120776,114238
1766327457.5159457,120776,114238
1766327457.5269008,121689,114611
1766327457.5378535,120774,114242
1766327457.5488062,120774,114242
1766327457.5597584,121697,114617
1766327457.570714,120883,114288
1766327457.5816798,120883,114288
1766327457.5927508,120883,114288
1766327457.6037543,121700,114606
1766327457.6147277,120966,114346
1766327457.625686,120966,114346
1766327457.6366403,120966,114346
1766327457.6476038,121372,114482
1766327457.6585577,121087,114349
1766327457.669533,121087,114349
1766327457.6805058,121134,114365
1766327457.691461,121087,114376
1766327457.702475,121087,114376
1766327457.713521,121087,114376
1766327457.72458,121115,114355
1766327457.73563,121110,114384
1766327457.746667,121110,114384
1766327457.7578688,121192,114402
1766327457.769071,121190,114420
1766327457.7802532,121190,114420
1766327457.7913034,121190,114420
1766327457.8025084,121294,114444
1766327457.8135674,121276,114460
1766327457.8246064,121276,114460
1766327457.835833,121276,114460
1766327457.847012,121369,114512
1766327457.8582087,121369,114512
1766327457.8693593,121369,114512
1766327457.8804698,121462,114512
1766327457.8915591,121434,114524
1766327457.9027207,121434,114524
1766327457.913919,121434,114524
1766327457.9252253,121443,114508
1766327457.9365337,121513,114556
1766327457.9477944,121513,114556
1766327457.9589155,121471,114489
1766327457.970141,121531,114556
1766327457.9814026,121531,114556
1766327457.9925678,121531,114556
1766327458.0038702,121504,114539
1766327458.0150845,121569,114576
1766327458.0261626,121569,114576
1766327458.0372288,121551,114566
1766327458.048382,121606,114573
1766327458.059345,121606,114573
1766327458.070324,121606,114573
1766327458.0812788,121633,114579
1766327458.0922337,121660,114602
1766327458.103187,121660,114602
1766327458.1141417,121660,114602
1766327458.1250956,121577,114561
1766327458.1360474,121577,114561
1766327458.1469996,121577,114561
1766327458.1579516,121732,114614
1766327458.1689043,121153,114400
1766327458.1799135,121153,114400
1766327458.1908698,121153,114400
1766327458.2018325,121758,114628
1766327458.2127874,120923,114288
1766327458.223747,120923,114288
1766327458.234701,121795,114674
1766327458.2456522,120872,114263
1766327458.2566369,120872,114263
1766327458.2675934,120872,114263
1766327458.2785485,121803,114649
1766327458.2895067,120953,114300
1766327458.300471,120953,114300
1766327458.311424,120953,114300
1766327458.3223882,121602,114570
1766327458.333357,121047,114349
1766327458.344322,121047,114349
1766327458.3552766,121277,114401
1766327458.36623,121181,114399
1766327458.3772042,121181,114399
1766327458.3881602,121181,114399
1766327458.3991163,121165,114365
1766327458.4100692,121228,114426
1766327458.4210398,121228,114426
1766327458.4319928,121228,114426
1766327458.442945,121237,114426
1766327458.4539242,121237,114426
1766327458.4648807,121237,114426
1766327458.4758325,121296,114429
1766327458.4867864,121243,114460
1766327458.4977393,121243,114460
1766327458.508692,121243,114460
1766327458.5196452,121408,114478
1766327458.5305972,121304,114460
1766327458.5415483,121304,114460
1766327458.5525002,121518,114522
1766327458.563451,121357,114494
1766327458.5744023,121357,114494
1766327458.5853531,121357,114494
1766327458.5964227,121507,114520
1766327458.6073937,121456,114529
1766327458.61835,121456,114529
1766327458.6293035,121456,114529
1766327458.64026,121490,114520
1766327458.6512458,121530,114553
1766327458.6622024,121530,114553
1766327458.6731584,121533,114546
1766327458.684111,121534,114544
1766327458.6950634,121534,114544
1766327458.7060218,121534,114544
1766327458.7169755,121583,114548
1766327458.7279446,121629,114597
1766327458.7388968,121629,114597
1766327458.7498493,121629,114597
1766327458.7609313,121629,114597
1766327458.771988,121689,114611
1766327458.783002,121689,114611
1766327458.7939765,121687,114589
1766327458.804934,121697,114617
1766327458.8159032,121697,114617
1766327458.8268578,121697,114617
1766327458.8378096,121725,114603
1766327458.848786,121700,114606
1766327458.8597565,121700,114606
1766327458.8707137,121765,114647
1766327458.8816674,121372,114482
1766327458.89262,121372,114482
1766327458.9035752,121372,114482
1766327458.9145288,121786,114630
1766327458.9254825,121134,114365
1766327458.9364355,121134,114365
1766327458.947388,121134,114365
1766327458.95834,121785,114632
1766327458.9692934,121115,114355
1766327458.9802446,121115,114355
1766327458.991198,121697,114578
1766327459.00215,121192,114402
1766327459.013103,121192,114402
1766327459.0240557,121192,114402
1766327459.035007,121312,114415
1766327459.0459578,121294,114444
1766327459.0569372,121294,114444
1766327459.0678928,121294,114444
1766327459.0788667,121393,114463
1766327459.0898213,121393,114463
1766327459.1007748,121393,114463
1766327459.1117256,121087,114312
1766327459.1226797,121462,114512
1766327459.1336315,121462,114512
1766327459.1445837,121462,114512
1766327459.1555352,121132,114339
1766327459.166487,121443,114508
1766327459.1774378,121443,114508
1766327459.188389,121194,114379
1766327459.1993403,121471,114489
1766327459.2102945,121471,114489
1766327459.221249,121471,114489
1766327459.2322006,121327,114434
1766327459.2431521,121504,114539
1766327459.2541254,121504,114539
1766327459.2650812,121504,114539
1766327459.276033,121397,114453
1766327459.2869852,121551,114566
1766327459.2979465,121551,114566
1766327459.3089035,121360,114471
1766327459.3198624,121633,114579
1766327459.3308141,121633,114579
1766327459.3417666,121633,114579
1766327459.3527205,121373,114456
1766327459.3636727,121688,114590
1766327459.3746257,121688,114590
1766327459.3857892,121688,114590
1766327459.3967514,121424,114450
1766327459.4077072,121732,114614
1766327459.418662,121732,114614
1766327459.4296339,121499,114509
1766327459.4405873,121758,114628
1766327459.4515681,121758,114628
1766327459.4625237,121758,114628
1766327459.4734986,121558,114527
1766327459.484455,121795,114674
1766327459.4954076,121795,114674
1766327459.5063608,121598,114542
1766327459.5173154,121803,114649
1766327459.528268,121803,114649
1766327459.5392196,121803,114649
1766327459.550172,121645,114562
1766327459.5611238,121602,114570
1766327459.5720766,121602,114570
1766327459.5830286,121602,114570
1766327459.5941763,121722,114582
1766327459.6051512,121277,114401
1766327459.6161067,121277,114401
1766327459.6270623,121732,114609
1766327459.638015,121165,114365
1766327459.6489859,121165,114365
1766327459.659964,121165,114365
1766327459.670924,121726,114600
1766327459.6818776,121179,114358
1766327459.6928303,121179,114358
1766327459.7037852,121179,114358
1766327459.7147374,121179,114358
1766327459.7257006,121296,114429
1766327459.7366533,121296,114429
1766327459.7476041,121081,114302
1766327459.7586555,121408,114478
1766327459.7697165,121408,114478
1766327459.7806973,121408,114478
1766327459.7916517,120980,114256
1766327459.8026156,121518,114522
1766327459.8135927,121518,114522
1766327459.8245707,121009,114274
1766327459.8357387,121507,114520
1766327459.846805,121507,114520
1766327459.857879,121507,114520
1766327459.8688512,121015,114286
1766327459.879813,121490,114520
1766327459.8907745,121490,114520
1766327459.9017286,121490,114520
1766327459.912681,121106,114330
1766327459.9236467,121533,114546
1766327459.934601,121533,114546
1766327459.9455538,121223,114350
1766327459.956507,121583,114548
1766327459.967465,121583,114548
1766327459.97842,121583,114548
1766327459.9893734,121255,114401
1766327460.0003262,121629,114597
1766327460.0112956,121629,114597
1766327460.0222633,121629,114410
1766327460.033224,121687,114589
1766327460.0441782,121687,114589
1766327460.0551567,121687,114589
1766327460.0661256,121296,114419
1766327460.0770817,121725,114603
1766327460.088035,121725,114603
1766327460.0989869,121725,114603
1766327460.1099384,121366,114436
1766327460.1208973,121765,114647
1766327460.1318657,121765,114647
1766327460.1428196,121442,114488
1766327460.1537712,121786,114630
1766327460.1646786,121786,114630
1766327460.1756313,121786,114630
1766327460.1865833,121516,114495
1766327460.1975954,121785,114632
1766327460.2085555,121785,114632
1766327460.2195213,121785,114632
1766327460.2304766,121538,114510
1766327460.2414336,121697,114578
1766327460.2524123,121697,114578
1766327460.2633698,121600,114506
1766327460.2743313,121312,114415
1766327460.2852867,121312,114415
1766327460.2962446,121312,114415
1766327460.3071983,121643,114559
1766327460.3181665,121050,114291
1766327460.3291233,121050,114291
1766327460.3400762,121050,114291
1766327460.3510284,121087,114312
1766327460.36198,121087,114312
1766327460.3729413,121087,114312
1766327460.3838952,121614,114537
1766327460.394847,121132,114339
1766327460.4058015,121132,114339
1766327460.416761,121132,114339
1766327460.4277134,121232,114364
1766327460.4386654,121194,114379
1766327460.4496233,121194,114379
1766327460.4606051,120982,114261
1766327460.4715846,121327,114434
1766327460.4825459,121327,114434
1766327460.4934988,121327,114434
1766327460.5044515,120903,114218
1766327460.5154073,121397,114453
1766327460.5263596,121397,114453
1766327460.5373116,121397,114453
1766327460.548264,120890,114223
1766327460.559215,121360,114471
1766327460.570179,121360,114471
1766327460.5811331,120969,114261
1766327460.5921924,121373,114456
1766327460.6031973,121373,114456
1766327460.614181,121373,114456
1766327460.6251497,121097,114320
1766327460.636106,121424,114450
1766327460.6471128,121424,114450
1766327460.6581228,121424,114450
1766327460.6690924,121499,114509
1766327460.6800504,121499,114509
1766327460.691005,121499,114509
1766327460.7019649,121202,114358
1766327460.7129257,121558,114527
1766327460.7238913,121558,114527
1766327460.7348456,121558,114527
1766327460.7458003,121201,114364
1766327460.7567532,121598,114542
1766327460.7678149,121598,114542
1766327460.7787883,121260,114397
1766327460.7897956,121645,114562
1766327460.800768,121645,114562
1766327460.8117213,121645,114562
1766327460.8227148,121340,114417
1766327460.8336716,121722,114582
1766327460.8446264,121722,114582
1766327460.8556104,121722,114582
1766327460.8665752,121380,114439
1766327460.8775306,121732,114609
1766327460.8884838,121732,114609
1766327460.8994362,121491,114427
1766327460.91039,121726,114600
1766327460.9213526,121726,114600
1766327460.9323108,121726,114600
1766327460.943263,121534,114489
1766327460.954215,121179,114358
1766327460.965174,121179,114358
1766327460.9761288,121179,114515
1766327460.9870808,121081,114302
1766327460.9980338,121081,114302
1766327461.0089867,121081,114302
1766327461.019946,121629,114530
1766327461.0308993,120980,114256
1766327461.0418532,120980,114256
1766327461.052827,120980,114256
1766327461.0637913,121660,114544
1766327461.0747478,121009,114274
1766327461.0857012,121009,114274
1766327461.0966547,121629,114550
1766327461.107607,121015,114286
1766327461.1185677,121015,114286
1766327461.1295228,121015,114286
1766327461.1404757,121299,114370
1766327461.1514275,121106,114330
1766327461.1623785,121106,114330
1766327461.1733544,121106,114330
1766327461.1843095,120969,114236
1766327461.195263,121223,114350
1766327461.2062168,121223,114350
1766327461.2171829,120923,114196
1766327461.2281437,121255,114401
1766327461.239115,121255,114401
1766327461.2500658,121255,114401
1766327461.2610557,120953,114225
1766327461.2720199,121272,114410
1766327461.2829738,121272,114410
1766327461.2939255,121272,114410
1766327461.3048844,121296,114419
1766327461.3158422,121296,114419
1766327461.3267975,121296,114419
1766327461.33775,121132,114316
1766327461.3487022,121366,114436
1766327461.3597965,121366,114436
1766327461.3708856,121366,114436
1766327461.3819416,121222,114352
1766327461.392902,121442,114488
1766327461.4038587,121442,114488
1766327461.414877,121222,114375
1766327461.4258347,121516,114495
1766327461.436787,121516,114495
1766327461.4477377,121516,114495
1766327461.4587276,121244,114364
1766327461.4696941,121538,114510
1766327461.4806488,121538,114510
1766327461.4916003,121538,114510
1766327461.5025527,121249,114379
1766327461.5135064,121600,114506
1766327461.5244792,121600,114506
1766327461.5354347,121363,114385
1766327461.5463872,121643,114559
1766327461.55734,121643,114559
1766327461.568298,121643,114559
1766327461.5792506,121450,114440
1766327461.5902736,121667,114552
1766327461.601304,121667,114552
1766327461.612265,121667,114490
1766327461.623229,121614,114537
1766327461.6341841,121614,114537
1766327461.6453123,121614,114537
1766327461.6572936,121557,114489
1766327461.6683745,121232,114364
1766327461.6794384,121232,114364
1766327461.6905332,121232,114364
1766327461.7016003,121583,114504
1766327461.7126617,120982,114261
1766327461.7237418,120982,114261
1766327461.734804,121627,114508
1766327461.7458582,120903,114218
1766327461.7571814,120903,114218
1766327461.7683394,120903,114218
1766327461.7795956,121677,114541
1766327461.790828,120890,114223
1766327461.8020756,120890,114223
1766327461.8165038,121683,114514
1766327461.8277462,120969,114261
1766327461.8389628,120969,114261
1766327461.8502092,120969,114261
1766327461.861402,121552,114468
1766327461.8726563,121097,114320
1766327461.8839152,121097,114320
1766327461.895177,121163,114307
1766327461.9063725,121189,114349
1766327461.91819,121189,114349
1766327461.9296505,121189,114349
1766327461.9411488,121028,114251
1766327461.9522512,121202,114358
1766327461.9632154,121202,114358
1766327461.9741888,121038,114257
1766327461.9851472,121201,114364
1766327461.9961019,121201,114364
1766327462.0070584,121201,114364
1766327462.0180879,121099,114292
1766327462.029049,121260,114397
1766327462.0401309,121260,114397
1766327462.0510952,121188,114320
1766327462.0620694,121340,114417
1766327462.0730584,121340,114417
1766327462.0840154,121340,114417
1766327462.0949697,121322,114386
1766327462.1059234,121380,114439
1766327462.1168823,121380,114439
1766327462.127836,121380,114439
1766327462.1387885,121343,114399
1766327462.1497414,121491,114427
1766327462.1606936,121491,114427
1766327462.1716516,121309,114366
1766327462.1826046,121534,114489
1766327462.1935587,121534,114489
1766327462.2045152,121534,114489
1766327462.2154744,121343,114399
1766327462.226438,121597,114515
1766327462.2374082,121597,114515
1766327462.2483659,121411,114444
1766327462.2593286,121629,114530
1766327462.270291,121629,114530
1766327462.2812536,121629,114530
1766327462.29221,121477,114458
1766327462.3031666,121660,114544
1766327462.3141263,121660,114544
1766327462.3250916,121660,114544
1766327462.3360457,121536,114470
1766327462.3469996,121629,114550
1766327462.3579524,121629,114550
1766327462.368914,121560,114482
1766327462.379876,121299,114370
1766327462.3908293,121299,114370
1766327462.401789,121299,114370
1766327462.4127433,121634,114513
1766327462.4237049,120969,114236
1766327462.4346755,120969,114236
1766327462.4456303,120969,114236
1766327462.4565842,121640,114518
1766327462.4675589,120923,114196
1766327462.4785173,120923,114196
1766327462.4894712,121688,114508
1766327462.5004241,120953,114225
1766327462.5113769,120953,114225
1766327462.5223346,120953,114225
1766327462.533291,121686,114527
1766327462.544245,120969,114220
1766327462.5551968,120969,114220
1766327462.5661538,120969,114441
1766327462.57711,121132,114316
1766327462.5880795,121132,114316
1766327462.5991118,121132,114316
1766327462.610076,121120,114268
1766327462.6210687,121222,114352
1766327462.6320274,121222,114352
1766327462.6429832,121222,114352
1766327462.6539361,121024,114241
1766327462.6649723,121222,114375
1766327462.6759357,121222,114375
1766327462.6868892,121037,114256
1766327462.697846,121244,114364
1766327462.7087996,121244,114364
1766327462.719759,121244,114364
1766327462.730718,121146,114299
1766327462.7416732,121249,114379
1766327462.7526264,121249,114379
1766327462.764312,121249,114379
1766327462.7753694,121266,114355
1766327462.7863328,121363,114385
1766327462.7972991,121363,114385
1766327462.808267,121314,114378
1766327462.8192463,121450,114440
1766327462.8302047,121450,114440
1766327462.8412306,121450,114440
1766327462.8521914,121288,114364
1766327462.8631868,121519,114490
1766327462.874162,121519,114490
1766327462.885118,121307,114375
1766327462.896077,121557,114489
1766327462.9070306,121557,114489
1766327462.917992,121557,114489
1766327462.9289486,121331,114384
1766327462.9399195,121583,114504
1766327462.9508717,121583,114504
1766327462.9618268,121583,114504
1766327462.972787,121408,114410
1766327462.9837413,121627,114508
1766327462.9946952,121627,114508
1766327463.0056927,121465,114467
1766327463.016728,121677,114541
1766327463.0277553,121677,114541
1766327463.0389066,121677,114541
1766327463.0499418,121522,114467
1766327463.0610368,121683,114514
1766327463.072084,121683,114514
1766327463.0831132,121607,114513
1766327463.0941324,121552,114468
1766327463.105224,121552,114468
1766327463.1162906,121552,114468
1766327463.1273348,121604,114505
1766327463.1383705,121163,114307
1766327463.1494071,121163,114307
1766327463.1604433,121163,114307
1766327463.1715002,121662,114512
1766327463.1827357,121028,114251
1766327463.1939058,121028,114251
1766327463.2050445,121682,114546
1766327463.2161841,121038,114257
1766327463.2273808,121038,114257
1766327463.2384658,121038,114257
1766327463.2495794,121634,114498
1766327463.2606146,121099,114292
1766327463.271634,121099,114292
1766327463.2826476,121281,114347
1766327463.2936876,121188,114320
1766327463.304689,121188,114320
1766327463.3156948,121188,114320
1766327463.3266995,120983,114215
1766327463.3377163,121322,114386
1766327463.3487363,121322,114386
1766327463.3597355,121322,114386
1766327463.3707535,120886,114184
1766327463.381752,121343,114399
1766327463.3927495,121343,114399
1766327463.403754,120949,114170
1766327463.41476,121309,114366
1766327463.4258032,121309,114366
1766327463.4368496,121309,114366
1766327463.4478893,120994,114223
1766327463.458928,121343,114399
1766327463.4700274,121343,114399
1766327463.4811208,121096,114267
1766327463.492184,121411,114444
1766327463.5032225,121411,114444
1766327463.5142667,121411,114444
1766327463.5253315,121184,114317
1766327463.5363758,121477,114458
1766327463.5474186,121477,114458
1766327463.55845,121477,114458
1766327463.569516,121125,114315
1766327463.5805612,121536,114470
1766327463.5917249,121536,114470
1766327463.6028721,121182,114294
1766327463.6139398,121560,114482
1766327463.6249866,121560,114482
1766327463.6360378,121560,114482
1766327463.6470613,121227,114337
1766327463.658083,121634,114513
1766327463.6691668,121634,114513
1766327463.6802037,121298,114375
1766327463.6912282,121640,114518
1766327463.7022734,121640,114518
1766327463.7132957,121640,114518
1766327463.7243938,121373,114390
1766327463.7354481,121688,114508
1766327463.7464936,121688,114508
1766327463.7575307,121688,114508
1766327463.7687926,121449,114439
1766327463.779965,121686,114527
1766327463.791016,121686,114527
1766327463.8020797,121479,114438
1766327463.813123,121445,114441
1766327463.8241982,121445,114441
1766327463.835217,121445,114441
1766327463.846227,121531,114455
1766327463.8572328,121120,114268
1766327463.86829,121120,114268
1766327463.8793175,121565,114482
1766327463.8903275,121024,114241
1766327463.9013338,121024,114241
1766327463.9123447,121024,114241
1766327463.923445,121593,114487
1766327463.9345093,121037,114256
1766327463.9455578,121037,114256
1766327463.9565973,121037,114256
1766327463.9676695,121620,114499
1766327463.9787307,121146,114299
1766327463.989811,121146,114299
1766327464.0008497,121587,114475
1766327464.0118933,121266,114355
1766327464.022975,121266,114355
1766327464.0340476,121266,114355
1766327464.0451221,121227,114313
1766327464.0561893,121314,114378
1766327464.0673592,121314,114378
1766327464.0784354,120889,114142
1766327464.0894742,121288,114364
1766327464.1005177,121288,114364
1766327464.1115649,121288,114364
1766327464.1226203,120819,114140
1766327464.1336744,121307,114375
1766327464.1447198,121307,114375
1766327464.155761,121307,114375
1766327464.1668062,121331,114384
1766327464.1778564,121331,114384
1766327464.1888955,121331,114384
1766327464.1999357,120860,114159
1766327464.2109778,121408,114410
1766327464.222029,121408,114410
1766327464.233155,121408,114410
1766327464.2441964,120971,114219
1766327464.2552328,121465,114467
1766327464.2663252,121465,114467
1766327464.2773848,121014,114230
1766327464.288428,121522,114467
1766327464.2994702,121522,114467
1766327464.3105204,121522,114467
1766327464.3215923,121047,114253
1766327464.3326862,121607,114513
1766327464.3437665,121607,114513
1766327464.3548024,121607,114260
1766327464.3658648,121604,114505
1766327464.3769157,121604,114505
1766327464.3879535,121604,114505
1766327464.3989902,121097,114272
1766327464.4100273,121662,114512
1766327464.4211316,121662,114512
1766327464.4321918,121662,114512
1766327464.4432323,121178,114303
1766327464.4542687,121682,114546
1766327464.4653673,121682,114546
1766327464.476429,121237,114353
1766327464.4874713,121634,114498
1766327464.4985087,121634,114498
1766327464.5095427,121634,114498
1766327464.5205905,121313,114355
1766327464.53164,121281,114347
1766327464.5426908,121281,114347
1766327464.5537286,121388,114408
1766327464.5647826,120983,114215
1766327464.575842,120983,114215
1766327464.58689,120983,114215
1766327464.5982964,121402,114408
1766327464.6093671,120886,114184
1766327464.6204455,120886,114184
1766327464.6314995,120886,114184
1766327464.6426108,121402,114420
1766327464.6536376,120949,114170
1766327464.664719,120949,114170
1766327464.6757433,121491,114420
1766327464.6867752,120994,114223
1766327464.697831,120994,114223
1766327464.7088575,120994,114223
1766327464.7198956,121531,114454
1766327464.7309208,121096,114267
1766327464.7419376,121096,114267
1766327464.752978,121532,114426
1766327464.7642362,121184,114317
1766327464.77546,121184,114317
1766327464.786543,121184,114317
1766327464.7975833,121555,114460
1766327464.8086486,121125,114315
1766327464.8197205,121125,114315
1766327464.830779,121125,114315
1766327464.8418443,121214,114312
1766327464.8528671,121182,114294
1766327464.863922,121182,114294
1766327464.8749685,120873,114160
1766327464.8859787,121227,114337
1766327464.8969872,121227,114337
1766327464.90799,121227,114337
1766327464.9189956,120809,114120
1766327464.9300013,121298,114375
1766327464.9410098,121298,114375
1766327464.9520748,120832,114131
1766327464.963115,121373,114390
1766327464.974155,121373,114390
1766327464.9851925,121373,114390
1766327464.9962304,120880,114167
1766327465.0072727,121449,114439
1766327465.01835,121449,114439
1766327465.0293941,121449,114439
1766327465.0404332,120973,114230
1766327465.0515244,121479,114438
1766327465.0626101,121479,114438
1766327465.0736916,121046,114231
1766327465.0847352,121531,114455
1766327465.095778,121531,114455
1766327465.1068172,121531,114455
1766327465.117854,121034,114234
1766327465.128894,121565,114482
1766327465.1399343,121565,114482
1766327465.1509702,121039,114260
1766327465.1620328,121593,114487
1766327465.1731038,121593,114487
1766327465.1841397,121593,114487
1766327465.1953137,121060,114250
1766327465.2063627,121620,114499
1766327465.2174156,121620,114499
1766327465.2284567,121620,114499
1766327465.239503,121139,114305
1766327465.2505383,121587,114475
1766327465.2616389,121587,114475
1766327465.2727401,121166,114313
1766327465.283788,121227,114313
1766327465.2948244,121227,114313
1766327465.3058848,121227,114313
1766327465.3169255,121200,114334
1766327465.3279998,120889,114142
1766327465.3390422,120889,114142
1766327465.3500822,121167,114341
1766327465.3611217,120819,114140
1766327465.3722103,120819,114140
1766327465.3832521,120819,114140
1766327465.394286,121087,114303
1766327465.405515,120794,114103
1766327465.416775,120794,114103
1766327465.4280167,120794,114277
1766327465.4392858,120860,114159
1766327465.4505217,120860,114159
1766327465.4617004,120860,114159
1766327465.472828,121015,114293
1766327465.4839385,120971,114219
1766327465.4950814,120971,114219
1766327465.5062287,120971,114219
1766327465.5173678,120998,114285
1766327465.5285006,121014,114230
1766327465.53962,121014,114230
1766327465.5507514,121068,114279
1766327465.5618768,121047,114253
1766327465.572966,121047,114253
1766327465.5840514,121047,114253
1766327465.5952811,121061,114292
1766327465.6064796,121053,114260
1766327465.6176703,121053,114260
1766327465.6287723,120774,114125
1766327465.6398919,121097,114272
1766327465.650991,121097,114272
1766327465.6620886,121097,114272
1766327465.6731057,120488,114000
1766327465.6840684,121178,114303
1766327465.6950219,121178,114303
1766327465.7059739,121178,114303
1766327465.7169409,121237,114353
1766327465.7278993,121237,114353
1766327465.7388537,121237,114353
1766327465.7498074,120374,113961
1766327465.7625527,121313,114355
1766327465.7736194,121313,114355
1766327465.7845824,121313,114355
1766327465.7955387,120411,113988
1766327465.8065026,121388,114408
1766327465.8174727,121388,114408
1766327465.8284514,120498,114002
1766327465.8394077,121402,114408
1766327465.850362,121402,114408
1766327465.8613322,121402,114408
1766327465.8723557,120550,114043
1766327465.883312,121402,114420
1766327465.8942685,121402,114420
1766327465.9052224,120550,114041
1766327465.9161887,121491,114420
1766327465.9271426,121491,114420
1766327465.9380958,121491,114420
1766327465.9490485,120537,114025
1766327465.96,121531,114454
1766327465.9709618,121531,114454
1766327465.9819143,121531,114454
1766327465.9928687,120587,114045
1766327466.0038218,121532,114426
1766327466.0147786,121532,114426
1766327466.0257332,120642,114063
1766327466.0366857,121555,114460
1766327466.0476377,121555,114460
1766327466.0585895,121555,114460
1766327466.0695746,120763,114132
1766327466.0805316,121214,114312
1766327466.0914848,121214,114312
1766327466.1024518,121214,114312
1766327466.1134226,120843,114165
1766327466.124396,120873,114160
1766327466.1353486,120873,114160
1766327466.1463027,120957,114173
1766327466.1572556,120809,114120
1766327466.168215,120809,114120
1766327466.1791687,120809,114120
1766327466.190122,121023,114233
1766327466.201074,120832,114131
1766327466.2120297,120832,114131
1766327466.222991,120832,114273
1766327466.2339532,120880,114167
1766327466.2449899,120880,114167
1766327466.255948,120880,114167
1766327466.2669375,121152,114291
1766327466.2779026,120973,114230
1766327466.2888577,120973,114230
1766327466.2998097,120973,114230
1766327466.310772,121230,114315
1766327466.3217428,121046,114231
1766327466.332705,121046,114231
1766327466.3436599,121245,114327
1766327466.354612,121034,114234
1766327466.3655722,121034,114234
1766327466.3765295,121034,114234
1766327466.3874831,121026,114213
1766327466.3984358,121039,114260
1766327466.4093907,121039,114260
1766327466.420349,121039,114260
1766327466.4313052,120591,114033
1766327466.4422574,121060,114250
1766327466.4532242,121060,114250
1766327466.4642107,120477,113937
1766327466.475205,121139,114305
1766327466.4861617,121139,114305
1766327466.4971147,121139,114305
1766327466.5080712,120465,113962
1766327466.519035,121166,114313
1766327466.5299969,121166,114313
1766327466.5409515,121166,113989
1766327466.5519035,121200,114334
1766327466.562855,121200,114334
1766327466.5738137,121200,114334
1766327466.5847704,120578,114004
1766327466.5959105,121167,114341
1766327466.6068852,121167,114341
1766327466.6178536,121167,114341
1766327466.6288147,120698,114063
1766327466.6397717,121087,114303
1766327466.6507251,121087,114303
1766327466.6616778,120719,114084
1766327466.6726809,120991,114277
1766327466.6836474,120991,114277
1766327466.6946015,120991,114277
1766327466.7055607,120741,114089
1766327466.7165234,121015,114293
1766327466.727479,121015,114293
1766327466.7384315,121015,114293
1766327466.7493844,120761,114096
1766327466.7603369,120998,114285
1766327466.7722,120998,114285
1766327466.7831612,120859,114104
1766327466.7941182,121068,114279
1766327466.8050885,121068,114279
1766327466.8160553,121068,114279
1766327466.8270226,120944,114178
1766327466.8379793,121061,114292
1766327466.8489332,121061,114292
1766327466.859886,121040,114209
1766327466.871017,120774,114125
1766327466.8821,120774,114125
1766327466.8932285,120774,114125
1766327466.90422,121097,114247
1766327466.9151983,120488,114000
1766327466.9261577,120488,114000
1766327466.9371166,120488,114000
1766327466.9480755,121132,114275
1766327466.9590294,120341,113926
1766327466.9699907,120341,113926
1766327466.9809458,121230,114259
1766327466.9919004,120374,113961
1766327467.0028532,120374,113961
1766327467.0138056,120374,113961
1766327467.0247648,121272,114313
1766327467.0357177,120411,113988
1766327467.0466685,120411,113988
1766327467.0576282,120411,114339
1766327467.0686252,120498,114002
1766327467.0795803,120498,114002
1766327467.0905337,120498,114002
1766327467.1016266,121364,114354
1766327467.1126544,120550,114043
1766327467.1236975,120550,114043
1766327467.1346579,120550,114043
1766327467.1456137,121415,114373
1766327467.1565864,120550,114041
1766327467.167553,120550,114041
1766327467.1785085,121329,114315
1766327467.1894615,120537,114025
1766327467.2004335,120537,114025
1766327467.2114851,120537,114025
1766327467.222457,120925,114142
1766327467.233413,120587,114045
1766327467.2443686,120587,114045
1766327467.255321,120587,114045
1766327467.266314,120629,114002
1766327467.2772722,120642,114063
1766327467.2882252,120642,114063
1766327467.2991796,120548,113955
1766327467.3101454,120763,114132
1766327467.3211052,120763,114132
1766327467.3320737,120763,114132
1766327467.3430314,120556,113972
1766327467.3539882,120843,114165
1766327467.3649478,120843,114165
1766327467.3759084,120605,114017
1766327467.3868628,120957,114173
1766327467.3978183,120957,114173
1766327467.4087746,120957,114173
1766327467.4197369,120699,114047
1766327467.4306924,121023,114233
1766327467.4416454,121023,114233
1766327467.4525979,121023,114233
1766327467.463553,120793,114094
1766327467.4745336,121114,114273
1766327467.485488,121114,114273
1766327467.4964452,120786,114076
1766327467.507425,121152,114291
1766327467.51839,121152,114291
1766327467.5293446,121152,114291
1766327467.5402982,120819,114106
1766327467.5512497,121230,114315
1766327467.562203,121230,114315
1766327467.5731623,121230,114315
1766327467.584116,120849,114129
1766327467.5952816,121245,114327
1766327467.6062627,121245,114327
1766327467.6172323,120957,114134
1766327467.6281908,121026,114213
1766327467.6391444,121026,114213
1766327467.6500976,121026,114213
1766327467.6610546,121049,114203
1766327467.672055,120591,114033
1766327467.683015,120591,114033
1766327467.6939676,121129,114254
1766327467.704923,120477,113937
1766327467.7158751,120477,113937
1766327467.7268279,120477,113937
1766327467.7377808,121204,114271
1766327467.748733,120465,113962
1766327467.7596848,120465,113962
1766327467.7710419,120465,113962
1766327467.7820835,121262,114289
1766327467.7930589,120516,113989
1766327467.8040125,120516,113989
1766327467.8149836,121302,114328
1766327467.825955,120578,114004
1766327467.8369102,120578,114004
1766327467.8478966,120578,114004
1766327467.8588724,121336,114326
1766327467.8698604,120698,114063
1766327467.8808212,120698,114063
1766327467.8917766,120698,114063
1766327467.9027297,121372,114340
1766327467.9136844,120719,114084
1766327467.924646,120719,114084
1766327467.9356053,121419,114359
1766327467.946643,120741,114089
1766327467.9576051,120741,114089
1766327467.9685714,120741,114089
1766327467.9795282,121286,114299
1766327467.990484,120761,114096
1766327468.0014381,120761,114096
1766327468.0123923,120864,114084
1766327468.0233567,120859,114104
1766327468.0343108,120859,114104
1766327468.0452623,120859,114104
1766327468.0562155,120675,114014
1766327468.0671995,120944,114178
1766327468.0781567,120944,114178
1766327468.0891106,120944,114178
1766327468.1000636,120681,114008
1766327468.1110175,121040,114209
1766327468.1219807,121040,114209
1766327468.1329365,120669,114044
1766327468.1438875,121097,114247
1766327468.154842,121097,114247
1766327468.1657987,121097,114247
1766327468.1767519,120758,114060
1766327468.187773,121132,114275
1766327468.1987314,121132,114275
1766327468.20971,121132,114275
1766327468.22069,120882,114138
1766327468.2316432,121230,114259
1766327468.2426019,121230,114259
1766327468.2535572,120931,114142
1766327468.2645144,121272,114313
1766327468.275498,121272,114313
1766327468.2864518,121272,114313
1766327468.297406,120914,114145
1766327468.3083715,121323,114339
1766327468.3193321,121323,114339
1766327468.3303018,120883,114130
1766327468.34127,121364,114354
1766327468.3522463,121364,114354
1766327468.3632019,121364,114354
1766327468.3741643,120998,114184
1766327468.3851194,121415,114373
1766327468.396073,121415,114373
1766327468.4070272,121415,114373
1766327468.4179857,121090,114211
1766327468.4289403,121329,114315
1766327468.4398925,121329,114315
1766327468.4508452,121142,114242
1766327468.4617977,120925,114142
1766327468.4727814,120925,114142
1766327468.4837365,120925,114142
1766327468.4946895,121232,114282
1766327468.5056412,120629,114002
1766327468.5166032,120629,114002
1766327468.527563,120629,114002
1766327468.5385168,121290,114312
1766327468.5494692,120548,113955
1766327468.560439,120548,113955
1766327468.571402,121322,114322
1766327468.5823565,120556,113972
1766327468.5934765,120556,113972
1766327468.6044798,120556,113972
1766327468.6154494,121369,114335
1766327468.6264055,120605,114017
1766327468.6373577,120605,114017
1766327468.648311,121381,114323
1766327468.6593735,120699,114047
1766327468.6703773,120699,114047
1766327468.6813385,120699,114047
1766327468.6922972,121444,114365
1766327468.703253,120793,114094
1766327468.7142122,120793,114094
1766327468.72517,120793,114094
1766327468.7361228,121287,114287
1766327468.7470758,120786,114076
1766327468.7580278,120786,114076
1766327468.7692292,120873,114130
1766327468.7802691,120819,114106
1766327468.791228,120819,114106
1766327468.8021822,120819,114106
1766327468.813139,120712,114025
1766327468.8241014,120849,114129
1766327468.8350558,120849,114129
1766327468.8460104,120849,114129
1766327468.8569636,120957,114134
1766327468.8679533,120957,114134
1766327468.8789072,120957,114134
1766327468.889859,120761,114056
1766327468.90082,121049,114203
1766327468.9117792,121049,114203
1766327468.9227357,121049,114203
1766327468.9336872,120869,114103
1766327468.94465,121129,114254
1766327468.9556017,121129,114254
1766327468.9665558,121003,114165
1766327468.9775064,121204,114271
1766327468.9884596,121204,114271
1766327468.999412,121204,114271
1766327469.0103645,121010,114169
1766327469.0213184,121262,114289
1766327469.0322719,121262,114289
1766327469.043225,121262,114289
1766327469.054177,120988,114156
1766327469.0651298,121302,114328
1766327469.0760872,121302,114328
1766327469.0870447,121014,114203
1766327469.097999,121336,114326
1766327469.1089513,121336,114326
1766327469.1199048,121336,114326
1766327469.130872,121075,114202
1766327469.1418273,121372,114340
1766327469.1527805,121372,114340
1766327469.163733,121372,114340
1766327469.1746886,121111,114211
1766327469.1856408,121419,114359
1766327469.1965938,121419,114359
1766327469.2075477,121211,114266
1766327469.218503,121286,114299
1766327469.229456,121286,114299
1766327469.2404084,121286,114299
1766327469.2516747,121270,114289
1766327469.263696,120864,114084
1766327469.2747748,120864,114084
1766327469.2858303,121332,114293
1766327469.2969234,120675,114014
1766327469.307984,120675,114014
1766327469.3190644,120675,114014
1766327469.3301601,121357,114320
1766327469.3412285,120681,114008
1766327469.3522847,120681,114008
1766327469.3636096,121405,114352
1766327469.3747792,120669,114044
1766327469.3858442,120669,114044
1766327469.3969681,120669,114044
1766327469.408036,121417,114345
1766327469.4190304,120758,114060
1766327469.429995,120758,114060
1766327469.4409516,120758,114060
1766327469.4519138,121295,114301
1766327469.4628716,120882,114138
1766327469.4738626,120882,114138
1766327469.4848256,120906,114104
1766327469.495781,120931,114142
1766327469.506737,120931,114142
1766327469.517698,120931,114142
1766327469.5286577,120640,113981
1766327469.5396132,120914,114145
1766327469.5505717,120914,114145
1766327469.5615242,120914,114145
1766327469.572486,120883,114130
1766327469.5834436,120883,114130
1766327469.5945618,120883,114130
1766327469.6055574,120589,113967
1766327469.6165266,120998,114184
1766327469.6274862,120998,114184
1766327469.6384397,120998,114184
1766327469.649393,120641,113999
1766327469.6603463,121090,114211
1766327469.6713314,121090,114211
1766327469.6822968,120768,114086
1766327469.6932535,121142,114242
1766327469.704209,121142,114242
1766327469.715171,121142,114242
1766327469.726128,120840,114088
1766327469.737082,121232,114282
1766327469.7480366,121232,114282
1766327469.7589881,121232,114282
1766327469.7700713,120799,114083
1766327469.7811377,121290,114312
1766327469.7920992,121290,114312
1766327469.8030539,120841,114079
1766327469.8140206,121322,114322
1766327469.8249853,121322,114322
1766327469.8359408,121322,114322
1766327469.8468947,120909,114113
1766327469.858043,121369,114335
1766327469.8703396,121369,114335
1766327469.8815007,121031,114177
1766327469.8926125,121381,114323
1766327469.9036686,121381,114323
1766327469.9147356,121381,114323
1766327469.925793,121091,114197
1766327469.9368498,121444,114365
1766327469.9479082,121444,114365
1766327469.9589698,121444,114365
1766327469.970024,121138,114365
1766327469.981,121287,114287
1766327469.99196,121287,114287
1766327470.0029137,121235,114257
1766327470.0138917,120873,114130
1766327470.024851,120873,114130
1766327470.0358047,120873,114130
1766327470.0467591,121287,114281
1766327470.0577154,120712,114025
1766327470.0686958,120712,114025
1766327470.0796561,121331,114333
1766327470.09061,120671,113992
1766327470.1015635,120671,113992
1766327470.1125162,120671,113992
1766327470.1234803,121369,114311
1766327470.1344352,120761,114056
1766327470.1453874,120761,114056
1766327470.1563396,120761,114056
1766327470.167299,121370,114312
1766327470.1782527,120869,114103
1766327470.189205,120869,114103
1766327470.200217,121100,114188
1766327470.211184,121003,114165
1766327470.222149,121003,114165
1766327470.2331047,121003,114165
1766327470.2440584,120688,113989
1766327470.2550101,121010,114169
1766327470.2659702,121010,114169
1766327470.2769346,121010,114169
1766327470.2878864,120988,114156
1766327470.2988393,120988,114156
1766327470.309815,120988,114156
1766327470.320777,120493,113910
1766327470.3317356,121014,114203
1766327470.3426886,121014,114203
1766327470.3536398,121014,114203
1766327470.3646014,120497,113913
1766327470.3755586,121075,114202
1766327470.386513,121075,114202
1766327470.397466,120576,113945
1766327470.4084206,121111,114211
1766327470.4193819,121111,114211
1766327470.4303358,121111,114211
1766327470.441289,120678,114005
1766327470.4522417,121211,114266
1766327470.4632185,121211,114266
1766327470.474197,121211,114266
1766327470.485153,120732,114017
1766327470.4961064,121270,114289
1766327470.507059,121270,114289
1766327470.5180216,120711,114019
1766327470.5289772,121332,114293
1766327470.5399294,121332,114293
1766327470.5508816,121332,114293
1766327470.5618336,120749,114030
1766327470.5729258,121357,114320
1766327470.583972,121357,114320
1766327470.595193,121357,114320
1766327470.6062682,121405,114352
1766327470.6173296,121405,114352
1766327470.6283774,121405,114352
1766327470.6394331,120922,114103
1766327470.650542,121417,114345
1766327470.6616087,121417,114345
1766327470.6726887,121417,114345
1766327470.6837244,121017,114147
1766327470.694747,121295,114301
1766327470.70577,121295,114301
1766327470.716803,121078,114202
1766327470.7278254,120906,114104
1766327470.7388492,120906,114104
1766327470.7498672,120906,114104
1766327470.7608874,121147,114202
1766327470.772132,120640,113981
1766327470.7832801,120640,113981
1766327470.7943208,121218,114256
1766327470.805365,120537,113926
1766327470.8164349,120537,113926
1766327470.827483,120537,113926
1766327470.8385231,121234,114244
1766327470.8495593,120589,113967
1766327470.860599,120589,113967
1766327470.8716593,120589,113967
1766327470.8826838,121293,114264
1766327470.8937097,120641,113999
1766327470.9047277,120641,113999
1766327470.9157567,121325,114285
1766327470.9267783,120768,114086
1766327470.9377973,120768,114086
1766327470.948816,120768,114086
1766327470.9598339,121189,114207
1766327470.9708943,120840,114088
1766327470.981932,120840,114088
1766327470.9929771,120779,114040
1766327471.004018,120799,114083
1766327471.0151052,120799,114083
1766327471.0261452,120799,114083
1766327471.0371838,120470,113882
1766327471.0482204,120841,114079
1766327471.059271,120841,114079
1766327471.0703688,120841,114079
1766327471.0814743,120439,113853
1766327471.0925179,120909,114113
1766327471.1035607,120909,114113
1766327471.1146104,120405,113874
1766327471.1256614,121031,114177
1766327471.1367013,121031,114177
1766327471.1477406,121031,114177
1766327471.1587765,120445,113885
1766327471.1698716,121091,114197
1766327471.1809132,121091,114197
1766327471.1919546,120580,113950
1766327471.2029884,121138,114365
1766327471.2140687,121138,114365
1766327471.225163,121138,114365
1766327471.2362053,120648,113967
1766327471.2472467,121235,114257
1766327471.2582834,121235,114257
1766327471.269382,121235,114257
1766327471.2804432,120624,113970
1766327471.2914858,121287,114281
1766327471.3025274,121287,114281
1766327471.313579,120661,113948
1766327471.3246264,121331,114333
1766327471.3357117,121331,114333
1766327471.3467515,121331,114333
1766327471.3577902,120723,114025
1766327471.368882,121369,114311
1766327471.3800583,121369,114311
1766327471.391255,120782,114016
1766327471.4023912,121370,114312
1766327471.4135962,121370,114312
1766327471.4247622,121370,114312
1766327471.435898,120923,114093
1766327471.4470565,121100,114188
1766327471.4581008,121100,114188
1766327471.46917,121100,114188
1766327471.4801836,120992,114128
1766327471.491142,120688,113989
1766327471.5020947,120688,113989
1766327471.5130477,121065,114159
1766327471.5240116,120477,113885
1766327471.5349655,120477,113885
1766327471.545919,120477,113885
1766327471.5568717,121133,114189
1766327471.5678282,120493,113910
1766327471.5787816,120493,113910
1766327471.58977,121152,114180
1766327471.6008072,120497,113913
1766327471.6117697,120497,113913
1766327471.622741,120497,113913
1766327471.6336977,121214,114230
1766327471.6446528,120576,113945
1766327471.6556106,120576,113945
1766327471.6665723,120576,113945
1766327471.6775718,121292,114245
1766327471.6885295,120678,114005
1766327471.6994853,120678,114005
1766327471.7104564,121323,114293
1766327471.7214317,120732,114017
1766327471.7323873,120732,114017
1766327471.7433407,120732,114017
1766327471.7542982,121221,114220
1766327471.76533,120711,114019
1766327471.7763894,120711,114019
1766327471.7873468,120711,114019
1766327471.798301,120749,114030
1766327471.809258,120749,114030
1766327471.820227,120749,114030
1766327471.8311853,120549,113908
1766327471.8421397,120779,114049
1766327471.8530912,120779,114049
1766327471.8640444,120779,114049
1766327471.8750248,120505,113897
1766327471.88598,120922,114103
1766327471.896933,120922,114103
1766327471.9078858,120567,113915
1766327471.918851,121017,114147
1766327471.9298048,121017,114147
1766327471.9407582,121017,114147
1766327471.9517162,120620,113957
1766327471.9627216,121078,114202
1766327471.9737675,121078,114202
1766327471.9847286,121078,114202
1766327471.995685,120743,114026
1766327472.0066452,121147,114202
1766327472.0176108,121147,114202
1766327472.0285652,120801,114055
1766327472.0396116,121218,114256
1766327472.0505707,121218,114256
1766327472.0615416,121218,114256
1766327472.0725353,120780,114034
1766327472.0834956,121234,114244
1766327472.0944486,121234,114244
1766327472.105405,121234,114244
1766327472.1163669,121293,114264
1766327472.1273196,121293,114264
1766327472.138273,121293,114264
1766327472.149226,120860,114076
1766327472.1601787,121325,114285
1766327472.1711411,121325,114285
1766327472.1820948,121325,114285
1766327472.193048,120942,114111
1766327472.2040007,121189,114207
1766327472.2149594,121189,114207
1766327472.2259214,121022,114145
1766327472.236876,120779,114040
1766327472.2478309,120779,114040
1766327472.258787,120779,114040
1766327472.26975,121097,114169
1766327472.2807162,120470,113882
1766327472.2916708,120470,113882
1766327472.3026245,120470,113882
1766327472.313586,121158,114199
1766327472.3245463,120439,113853
1766327472.3355036,120439,113853
1766327472.3464568,121193,114233
1766327472.3574095,120405,113874
1766327472.3683677,120405,113874
1766327472.3793209,120405,113874
1766327472.3902733,121236,114224
1766327472.401227,120445,113885
1766327472.4122,120445,113885
1766327472.4231565,120445,113885
1766327472.4341123,121255,114228
1766327472.4450653,120580,113950
1766327472.4560168,120580,113950
1766327472.466972,121309,114254
1766327472.477936,120648,113967
1766327472.4888897,120648,113967
1766327472.4998422,120648,113967
1766327472.5107942,121181,114187
1766327472.5217547,120624,113970
1766327472.5327082,120624,113970
1766327472.54366,120745,113973
1766327472.554612,120661,113948
1766327472.5655696,120661,113948
1766327472.5765219,120661,113948
1766327472.5874739,120527,113890
1766327472.5985017,120723,114025
1766327472.6094615,120723,114025
1766327472.620447,120723,114025
1766327472.631402,120519,113887
1766327472.6423578,120782,114016
1766327472.6533113,120782,114016
1766327472.6642678,120516,113907
1766327472.6752443,120923,114093
1766327472.6862,120923,114093
1766327472.6971543,120923,114093
1766327472.7081077,120607,113942
1766327472.7190697,120992,114128
1766327472.730024,120992,114128
1766327472.7409759,120992,114128
1766327472.751931,120733,114002
1766327472.7629,121065,114159
1766327472.7739754,121065,114159
1766327472.7849472,120770,114020
1766327472.7959576,121133,114189
1766327472.8069172,121133,114189
1766327472.8178911,121133,114189
1766327472.8288543,120758,114005
1766327472.8398087,121152,114180
1766327472.8507628,121152,114180
1766327472.8617144,120751,113980
1766327472.872698,121214,114230
1766327472.8836536,121214,114230
1766327472.8946056,121214,114230
1766327472.905558,120828,114045
1766327472.9165173,121292,114245
1766327472.9274704,121292,114245
1766327472.9384232,121292,114245
1766327472.949394,120939,114072
1766327472.9603477,121323,114293
1766327472.9713104,121323,114293
1766327472.982264,120984,114117
1766327472.9932172,121221,114220
1766327473.0043998,121221,114220
1766327473.0156562,121221,114220
1766327473.0267186,121064,114139
1766327473.0377758,120769,114000
1766327473.0488741,120769,114000
1766327473.059938,121130,114191
1766327473.071031,120549,113908
1766327473.0820947,120549,113908
1766327473.0931518,120549,113908
1766327473.104294,121145,114179
1766327473.1154616,120505,113897
1766327473.127656,120505,113897
1766327473.1387408,120505,113897
1766327473.1498044,121187,114184
1766327473.1608949,120567,113915
1766327473.1718678,120567,113915
1766327473.1829016,121253,114225
1766327473.1938722,120620,113957
1766327473.2048354,120620,113957
1766327473.2158048,120620,113957
1766327473.2267668,121233,114219
1766327473.2378619,120743,114026
1766327473.2489352,120743,114026
1766327473.2600076,120949,114064
1766327473.2709818,120801,114055
1766327473.281975,120801,114055
1766327473.2929358,120801,114055
1766327473.3038907,120524,113882
1766327473.314858,120780,114034
1766327473.3258195,120780,114034
1766327473.3367794,120780,114034
1766327473.3477361,120360,113820
1766327473.3586912,120766,114011
1766327473.3696566,120766,114011
1766327473.380614,120333,113780
1766327473.3915682,120860,114076
1766327473.4025283,120860,114076
1766327473.4135182,120860,114076
1766327473.424492,120340,113813
1766327473.4354491,120942,114111
1766327473.446402,120942,114111
1766327473.4573581,120454,113883
1766327473.4683385,121022,114145
1766327473.4793081,121022,114145
1766327473.4902632,121022,114145
1766327473.5012174,120546,113911
1766327473.5121768,121097,114169
1766327473.5231402,121097,114169
1766327473.5340981,121097,114169
1766327473.5450516,120575,113931
1766327473.5560043,121158,114199
1766327473.5669622,121158,114199
1766327473.5779185,120563,113923
1766327473.5888724,121193,114233
1766327473.5999038,121193,114233
1766327473.6108677,121193,114233
1766327473.621837,120629,113935
1766327473.6327968,121236,114224
1766327473.6437535,121236,114224
1766327473.654705,121236,114224
1766327473.6656854,120669,113976
1766327473.6766639,121255,114228
1766327473.6876197,121255,114228
1766327473.6985774,120788,113987
1766327473.709532,121309,114254
1766327473.720497,121309,114254
1766327473.7314546,121309,114254
1766327473.7424083,120879,114055
1766327473.7533607,121181,114187
1766327473.7669408,121181,114187
1766327473.7780066,120994,114101
1766327473.7889736,120745,113973
1766327473.7999923,120745,113973
1766327473.8109555,120745,113973
1766327473.8219485,121021,114115
1766327473.8329153,120527,113890
1766327473.8438709,120527,113890
1766327473.8548245,120527,114157
1766327473.8657815,120519,113887
1766327473.8767493,120519,113887
1766327473.8877022,120519,113887
1766327473.898656,121124,114157
1766327473.9096086,120516,113907
1766327473.920566,120516,113907
1766327473.931522,120516,113907
1766327473.942475,121175,114170
1766327473.9534278,120607,113942
1766327473.9643853,120607,113942
1766327473.9754384,121080,114144
1766327473.9863994,120733,114002
1766327473.9973521,120733,114002
1766327474.008307,120733,114002
1766327474.0192728,120679,113938
1766327474.0302336,120770,114020
1766327474.041189,120770,114020
1766327474.0521433,120770,114020
1766327474.0631104,120333,113802
1766327474.0740888,120758,114005
1766327474.085047,120758,114005
1766327474.0960214,120302,113746
1766327474.1069777,120751,113980
1766327474.1179392,120751,113980
1766327474.1288965,120751,113980
1766327474.1398501,120297,113771
1766327474.1508014,120828,114045
1766327474.1617572,120828,114045
1766327474.1727347,120828,113799
1766327474.1836946,120939,114072
1766327474.1946511,120939,114072
1766327474.2056136,120939,114072
1766327474.2165804,120463,113847
1766327474.2275383,120984,114117
1766327474.2384913,120984,114117
1766327474.2494442,120984,114117
1766327474.260397,120543,113886
1766327474.271353,121064,114139
1766327474.2823246,121064,114139
1766327474.29328,120566,113915
1766327474.3042338,121130,114191
1766327474.31519,121130,114191
1766327474.3261452,121130,114191
1766327474.3371027,120556,113902
1766327474.3480554,121145,114179
1766327474.3590071,121145,114179
1766327474.369964,121145,114179
1766327474.3809192,120597,113929
1766327474.3918724,121187,114184
1766327474.4028304,121187,114184
1766327474.4137936,120717,113947
1766327474.4247537,121253,114225
1766327474.4357061,121253,114225
1766327474.4466572,121253,114225
1766327474.4576092,120820,114014
1766327474.4685683,121233,114219
1766327474.4795468,121233,114219
1766327474.4905012,121233,114219
1766327474.5014539,120949,114064
1766327474.512419,120949,114064
1766327474.5233836,120949,114064
1766327474.5343397,120988,114080
1766327474.5452926,120524,113882
1766327474.5562444,120524,113882
1766327474.5671978,120524,113882
1766327474.578159,121025,114102
1766327474.5891206,120360,113820
1766327474.6001716,120360,113820
1766327474.6111383,121105,114156
1766327474.6220996,120333,113780
1766327474.633058,120333,113780
1766327474.6440117,120333,113780
1766327474.6549704,121138,114159
1766327474.666005,120340,113813
1766327474.6769948,120340,113813
1766327474.6879466,120340,113813
1766327474.698904,121094,114146
1766327474.709859,120454,113883
1766327474.720838,120454,113883
1766327474.7317948,120829,113978
1766327474.742749,120546,113911
1766327474.753701,120546,113911
1766327474.764778,120546,113911
1766327474.7758396,120468,113835
1766327474.7868037,120575,113931
1766327474.7977598,120575,113931
1766327474.8087218,120575,113798
1766327474.8196945,120563,113923
1766327474.8306715,120563,113923
1766327474.8416278,120563,113923
1766327474.8525832,120338,113782
1766327474.8635578,120629,113935
1766327474.87455,120629,113935
1766327474.8855157,120629,113935
1766327474.896471,120391,113815
1766327474.907425,120669,113976
1766327474.9183807,120669,113976
1766327474.9293337,120496,113859
1766327474.940356,120788,113987
1766327474.951314,120788,113987
1766327474.9622712,120788,113987
1766327474.9732301,120613,113911
1766327474.984209,120879,114055
1766327474.9951644,120879,114055
1766327475.0061195,120879,114055
1766327475.0171034,120599,113914
1766327475.028061,120994,114101
1766327475.0390148,120994,114101
1766327475.0499678,120647,113886
1766327475.0609205,121021,114115
1766327475.0718727,121021,114115
1766327475.0828621,121021,114115
1766327475.0938187,120702,113955
1766327475.1047733,121088,114157
1766327475.1157272,121088,114157
1766327475.126679,121088,113989
1766327475.1376312,121124,114157
1766327475.1485844,121124,114157
1766327475.1595368,121124,114157
1766327475.1704907,120885,114037
1766327475.1814463,121175,114170
1766327475.1924558,121175,114170
1766327475.203414,121175,114170
1766327475.2143948,120983,114068
1766327475.2253516,121080,114144
1766327475.2363074,121080,114144
1766327475.2472663,121066,114116
1766327475.2582197,120679,113938
1766327475.2691748,120679,113938
1766327475.280173,120679,113938
1766327475.291129,121114,114132
1766327475.3020823,120333,113802
1766327475.3130484,120333,113802
1766327475.3240073,120333,113802
1766327475.3349743,121130,114142
1766327475.345934,120302,113746
1766327475.356888,120302,113746
1766327475.367841,121217,114136
1766327475.378794,120297,113771
1766327475.3897462,120297,113771
1766327475.400699,120297,113771
1766327475.4116516,121210,114169
1766327475.4226055,120351,113799
1766327475.4335573,120351,113799
1766327475.444509,120351,113799
1766327475.4554603,120463,113847
1766327475.4664123,120463,113847
1766327475.4774077,120463,113847
1766327475.4883645,120587,113886
1766327475.4993238,120543,113886
1766327475.5102773,120543,113886
1766327475.5212402,120543,113886
1766327475.5321977,120491,113845
1766327475.5431542,120566,113915
1766327475.5541074,120566,113915
1766327475.5650787,120527,113879
1766327475.5760314,120556,113902
1766327475.5869827,120556,113902
1766327475.598042,120556,113902
1766327475.6090162,120564,113892
1766327475.6199763,120597,113929
1766327475.63093,120597,113929
1766327475.6419632,120597,113929
1766327475.65293,120666,113940
1766327475.663889,120717,113947
1766327475.674888,120717,113947
1766327475.6858683,120778,113958
1766327475.6968324,120820,114014
1766327475.7077887,120820,114014
1766327475.7187517,120820,114014
1766327475.7297106,120773,113991
1766327475.7406647,120891,114019
1766327475.7516189,120891,114019
1766327475.762614,120891,113984
1766327475.7737036,120988,114080
1766327475.784748,120988,114080
1766327475.7957082,120988,114080
1766327475.8066607,120835,114004
1766327475.8176355,121025,114102
1766327475.8285995,121025,114102
1766327475.8395634,121025,114102
1766327475.8505843,120916,114039
1766327475.8615434,121105,114156
1766327475.8725114,121105,114156
1766327475.883502,120959,114059
1766327475.8944602,121138,114159
1766327475.9054134,121138,114159
1766327475.9163988,121138,114159
1766327475.927353,121072,114113
1766327475.938307,121094,114146
1766327475.9492629,121094,114146
1766327475.9602163,121094,114146
1766327475.9711788,121123,114146
1766327475.9821374,120829,113978
1766327475.993094,120829,113978
1766327476.0040455,121172,114134
1766327476.0150623,120468,113835
1766327476.0260217,120468,113835
1766327476.036978,120468,113835
1766327476.0479314,121207,114173
1766327476.0588877,120360,113798
1766327476.0698524,120360,113798
1766327476.0808399,121260,114217
1766327476.0917964,120338,113782
1766327476.1027482,120338,113782
1766327476.113705,120338,113782
1766327476.1246667,121202,114169
1766327476.135621,120391,113815
1766327476.1465733,120391,113815
1766327476.1575265,120391,113815
1766327476.1684885,120859,114021
1766327476.179441,120496,113859
1766327476.1903934,120496,113859
1766327476.2013469,120517,113854
1766327476.212304,120613,113911
1766327476.2232623,120613,113911
1766327476.2342165,120613,113911
1766327476.245169,120458,113839
1766327476.2561216,120599,113914
1766327476.2670958,120599,113914
1766327476.278077,120599,113914
1766327476.2890515,120429,113841
1766327476.3000042,120647,113886
1766327476.3109562,120647,113886
1766327476.3219213,120502,113830
1766327476.332892,120702,113955
1766327476.343846,120702,113955
1766327476.3547986,120702,113955
1766327476.36576,120633,113922
1766327476.3767133,120816,113989
1766327476.387664,120816,113989
1766327476.3986163,120816,113968
1766327476.4095688,120885,114037
1766327476.4205287,120885,114037
1766327476.4314818,120885,114037
1766327476.4424334,120705,113951
1766327476.4533849,120983,114068
1766327476.464345,120983,114068
1766327476.4753199,120983,114068
1766327476.4863873,120712,113959
1766327476.4974277,121066,114116
1766327476.5084653,121066,114116
1766327476.5195296,120769,113980
1766327476.5305746,121114,114132
1766327476.54161,121114,114132
1766327476.5526469,121114,114132
1766327476.5636907,120862,114017
1766327476.574756,121130,114142
1766327476.5857987,121130,114142
1766327476.5970793,121130,114142
1766327476.608188,121217,114136
1766327476.6192973,121217,114136
1766327476.6303456,121217,114136
1766327476.6413856,121026,114091
1766327476.6524248,121210,114169
1766327476.6634557,121210,114169
1766327476.6745121,121210,114169
1766327476.6855977,121075,114111
1766327476.6966243,120934,114042
1766327476.7076483,120934,114042
1766327476.7186964,121103,114111
1766327476.7297187,120587,113886
1766327476.7407382,120587,113886
1766327476.7517562,120587,113886
1766327476.7629137,121164,114151
1766327476.7741115,120491,113845
1766327476.7853575,120491,113845
1766327476.7965899,121223,114197
1766327476.8077118,120527,113879
1766327476.8188372,120527,113879
1766327476.8301115,120527,113879
1766327476.8412356,121184,114159
1766327476.8524144,120564,113892
1766327476.8635736,120564,113892
1766327476.8747432,120564,113892
1766327476.8858337,120840,114024
1766327476.8970041,120666,113940
1766327476.9081194,120666,113940
1766327476.9193788,120451,113819
1766327476.9304771,120778,113958
1766327476.9416513,120778,113958
1766327476.956297,120778,113958
1766327476.967378,120330,113760
1766327476.9785664,120773,113991
1766327476.989652,120773,113991
1766327477.0006192,120312,113757
1766327477.01158,120790,113984
1766327477.0226254,120790,113984
1766327477.033587,120790,113984
1766327477.0445457,120351,113782
1766327477.0555525,120835,114004
1766327477.0665178,120835,114004
1766327477.0774832,120407,113803
1766327477.0884447,120916,114039
1766327477.0993981,120916,114039
1766327477.1103513,120916,114039
1766327477.1213083,120528,113861
1766327477.1322644,120959,114059
1766327477.1432173,120959,114059
1766327477.1541703,120552,113883
1766327477.1651242,121072,114113
1766327477.1760771,121072,114113
1766327477.1870294,121072,114113
1766327477.197981,120554,113874
1766327477.2089574,121123,114146
1766327477.2199135,121123,114146
1766327477.2308705,121123,114146
1766327477.2418242,120617,113905
1766327477.2527783,121172,114134
1766327477.2637315,121172,114134
1766327477.2746837,120668,113917
1766327477.2856424,121207,114173
1766327477.2965991,121207,114173
1766327477.3075514,121207,114173
1766327477.3185244,120795,113984
1766327477.3294854,121260,114217
1766327477.3404424,121260,114217
1766327477.3513951,121260,114217
1766327477.362348,120879,114021
1766327477.3733025,121202,114169
1766327477.384255,121202,114169
1766327477.395207,120958,114026
1766327477.4061716,120859,114021
1766327477.4171348,120859,114021
1766327477.4280894,120859,114021
1766327477.4390414,121014,114081
1766327477.4499943,120517,113854
1766327477.460947,120517,113854
1766327477.4718995,120517,114118
1766327477.482863,120458,113839
1766327477.4938161,120458,113839
1766327477.5047677,120458,113839
1766327477.5157204,121118,114119
1766327477.526672,120429,113841
1766327477.5376236,120429,113841
1766327477.5485814,120429,113841
1766327477.5595336,121168,114146
1766327477.5704873,120502,113830
1766327477.5814397,120502,113830
1766327477.5924723,121047,114089
1766327477.6034734,120633,113922
1766327477.614435,120633,113922
1766327477.625389,120633,113922
1766327477.6363418,120635,113890
1766327477.6472948,120734,113968
1766327477.6582465,120734,113968
1766327477.669299,120734,113968
1766327477.6802773,120329,113772
1766327477.69123,120705,113951
1766327477.7021873,120705,113951
1766327477.713142,120288,113713
1766327477.7241004,120712,113959
1766327477.7350516,120712,113959
1766327477.746009,120712,113959
1766327477.7569635,120285,113747
1766327477.7679188,120769,113980
1766327477.778872,120769,113980
1766327477.7899826,120769,113788
1766327477.801021,120862,114017
1766327477.812027,120862,114017
1766327477.8229904,120862,114017
1766327477.8339522,120465,113827
1766327477.8449085,120931,114030
1766327477.85586,120931,114030
1766327477.866815,120931,114030
1766327477.8777804,120540,113871
1766327477.8887377,121026,114091
1766327477.8996894,121026,114091
1766327477.910642,120528,113852
1766327477.9215982,121075,114111
1766327477.932551,121075,114111
1766327477.9435031,121075,114111
1766327477.9544554,120587,113886
1766327477.9654078,121103,114111
1766327477.976368,121103,114111
1766327477.987317,121103,114111
1766327477.9982731,120620,113908
1766327478.009228,121164,114151
1766327478.020205,121164,114151
1766327478.0311577,120734,113922
1766327478.0421104,121223,114197
1766327478.0530617,121223,114197
1766327478.0640142,121223,114197
1766327478.0749671,120845,113987
1766327478.0859268,121184,114159
1766327478.096881,121184,114159
1766327478.1078331,121184,114037
1766327478.1187882,120840,114024
1766327478.1297395,120840,114024
1766327478.1406922,120840,114024
1766327478.1516426,121014,114067
1766327478.1625974,120451,113819
1766327478.1735518,120451,113819
1766327478.1845915,120451,113819
1766327478.1955535,121079,114087
1766327478.2066233,120330,113760
1766327478.21761,120330,113760
1766327478.2285662,121120,114105
1766327478.239521,120312,113757
1766327478.2504768,120312,113757
1766327478.26143,120312,113757
1766327478.272385,121184,114141
1766327478.2833614,120351,113782
1766327478.2943153,120351,113782
1766327478.305267,120351,113782
1766327478.316231,121202,114162
1766327478.3271828,120407,113803
1766327478.338138,120407,113803
1766327478.3490908,121224,114127
1766327478.360046,120528,113861
1766327478.3710425,120528,113861
1766327478.3820007,120528,113861
1766327478.3929553,120914,114005
1766327478.4039178,120552,113883
1766327478.4148743,120552,113883
1766327478.4258342,120552,113864
1766327478.4367893,120554,113874
1766327478.4477417,120554,113874
1766327478.4586937,120554,113874
1766327478.4696476,120461,113811
1766327478.480624,120617,113905
1766327478.4915767,120617,113905
1766327478.5025296,120617,113905
1766327478.5134826,120495,113825
1766327478.5244386,120668,113917
1766327478.5353901,120668,113917
1766327478.5463426,120533,113872
1766327478.557295,120795,113984
1766327478.5682485,120795,113984
1766327478.5792024,120795,113984
1766327478.5902135,120661,113910
1766327478.6012404,120879,114021
1766327478.6121998,120879,114021
1766327478.623159,120879,114021
1766327478.634113,120719,113967
1766327478.6450663,120958,114026
1766327478.6560187,120958,114026
1766327478.6669781,120778,113950
1766327478.6779447,121014,114081
1766327478.6889005,121014,114081
1766327478.6998546,121014,114081
1766327478.7108078,120789,113971
1766327478.7217875,121093,114118
1766327478.7327423,121093,114118
1766327478.7436955,121093,113994
1766327478.7546473,121118,114119
1766327478.7656045,121118,114119
1766327478.7765572,121118,114119
1766327478.78761,120927,114026
1766327478.7986479,121168,114146
1766327478.8096054,121168,114146
1766327478.8205721,121168,114146
1766327478.8315318,121007,114065
1766327478.8425462,121047,114089
1766327478.8535018,121047,114089
1766327478.8644595,121074,114103
1766327478.8754206,120635,113890
1766327478.8863885,120635,113890
1766327478.8973427,120635,113890
1766327478.9082956,121148,114127
1766327478.9192507,120329,113772
1766327478.9302113,120329,113772
1766327478.9411657,120329,113772
1766327478.9521232,121156,114136
1766327478.9630759,120288,113713
1766327478.9740293,120288,113713
1766327478.9849818,121243,114129
1766327478.9959335,120285,113747
1766327479.0068862,120285,113747
1766327479.01784,120285,113747
1766327479.028793,121281,114185
1766327479.0397449,120359,113788
1766327479.0506973,120359,113788
1766327479.0616496,120359,113788
1766327479.0726185,120465,113827
1766327479.083583,120465,113827
1766327479.0945354,120465,113827
1766327479.1054876,121231,114160
1766327479.1164422,120540,113871
1766327479.1274147,120540,113871
1766327479.1383703,120540,113871
1766327479.1493237,120864,113989
1766327479.1602774,120528,113852
1766327479.1712296,120528,113852
1766327479.1821873,120632,113907
1766327479.1931398,120587,113886
1766327479.2040906,120587,113886
1766327479.2150583,120587,113886
1766327479.2260122,120590,113872
1766327479.2369647,120620,113908
1766327479.2479162,120620,113908
1766327479.2588685,120620,113908
1766327479.2698212,120612,113896
1766327479.2807918,120734,113922
1766327479.2917452,120734,113922
1766327479.302698,120721,113940
1766327479.3136523,120845,113987
1766327479.3246064,120845,113987
1766327479.3355596,120845,113987
1766327479.346513,120854,113994
1766327479.3574662,120958,114037
1766327479.3684208,120958,114037
1766327479.3793721,120958,114037
1766327479.3903239,120958,114037
1766327479.401282,121014,114067
1766327479.4122407,121014,114067
1766327479.4232264,120869,114014
1766327479.4341826,121079,114087
1766327479.445136,121079,114087
1766327479.4560888,121079,114087
1766327479.4670422,120885,114014
1766327479.4780025,121120,114105
1766327479.4889574,121120,114105
1766327479.4999096,120939,114041
1766327479.5108614,121184,114141
1766327479.5218883,121184,114141
1766327479.532905,121184,114141
1766327479.5438735,121015,114069
1766327479.5548275,121202,114162
1766327479.5657885,121202,114162
1766327479.5767422,121202,114162
1766327479.587693,121100,114102
1766327479.598724,121224,114127
1766327479.609687,121224,114127
1766327479.6206477,121150,114148
1766327479.6316009,120914,114005
1766327479.6425536,120914,114005
1766327479.6535256,120914,114005
1766327479.6644828,121212,114148
1766327479.675435,120578,113864
1766327479.686407,120578,113864
1766327479.6973693,120578,113864
1766327479.7083247,120578,113864
1766327479.7192812,120461,113811
1766327479.7302332,120461,113811
1766327479.741187,121304,114191
1766327479.75214,120495,113825
1766327479.7630937,120495,113825
1766327479.7740638,120495,113825
1766327479.7850204,121331,114197
1766327479.7960606,120533,113872
1766327479.807026,120533,113872
1766327479.8179886,121248,114170
1766327479.8289988,120661,113910
1766327479.8399599,120661,113910
1766327479.8509142,120661,113910
1766327479.8618708,120845,113975
1766327479.8728294,120719,113967
1766327479.8837981,120719,113967
1766327479.8972201,120591,113860
1766327479.9083774,120778,113950
1766327479.919416,120778,113950
1766327479.9303782,120778,113950
1766327479.9413354,120546,113846
1766327479.9522924,120789,113971
1766327479.9632478,120789,113971
1766327479.9742033,120789,113971
1766327479.9851582,120561,113857
1766327479.9961112,120854,113994
1766327480.0070627,120854,113994
1766327480.0180268,120630,113895
1766327480.028982,120927,114026
1766327480.0399346,120927,114026
1766327480.0508876,120927,114026
1766327480.0618398,120743,113945
1766327480.0727942,121007,114065
1766327480.0837593,121007,114065
1766327480.0947127,121007,114065
1766327480.105667,120792,113969
1766327480.1166365,121074,114103
1766327480.1276016,121074,114103
1766327480.138554,120832,113987
1766327480.1495075,121148,114127
1766327480.16046,121148,114127
1766327480.1714125,121148,114127
1766327480.1823652,120846,113990
1766327480.1933546,121156,114136
1766327480.2043128,121156,114136
1766327480.2152693,120878,113995
1766327480.2262306,121243,114129
1766327480.2372382,121243,114129
1766327480.2481964,121243,114129
1766327480.2591488,120980,114050
1766327480.2701173,121281,114185
1766327480.2810907,121281,114185
1766327480.2920458,121281,114185
1766327480.3030033,121084,114086
1766327480.3139675,121317,114196
1766327480.324929,121317,114196
1766327480.3358846,121131,114138
1766327480.346839,121231,114160
1766327480.3577905,121231,114160
1766327480.3687577,121231,114160
1766327480.3797123,121188,114139
1766327480.390665,120864,113989
1766327480.4016175,120864,113989
1766327480.4126625,120864,113989
1766327480.4236352,121223,114148
1766327480.4345932,120632,113907
1766327480.4455497,120632,113907
1766327480.4565036,121302,114187
1766327480.4674735,120590,113872
1766327480.4784555,120590,113872
1766327480.4894214,120590,113872
1766327480.5003755,121344,114200
1766327480.511329,120612,113896
1766327480.5222948,120612,113896
1766327480.5332494,121329,114168
1766327480.544208,120721,113940
1766327480.55516,120721,113940
1766327480.5661182,120721,113940
1766327480.5770748,121039,114065
1766327480.5882814,120854,113994
1766327480.5994525,120854,113994
1766327480.6105468,120854,113994
1766327480.6216326,120633,113903
1766327480.632809,120958,114037
1766327480.6439338,120958,114037
1766327480.6551037,120549,113801
1766327480.6662202,120869,114014
1766327480.6773164,120869,114014
1766327480.6884181,120869,114014
1766327480.6996577,120542,113838
1766327480.7108536,120885,114014
1766327480.721925,120885,114014
1766327480.7330174,120573,113834
1766327480.744229,120939,114041
1766327480.7552896,120939,114041
1766327480.7663596,120939,114041
1766327480.7780108,120676,113910
1766327480.789186,121015,114069
1766327480.800248,121015,114069
1766327480.8112085,120777,113947
1766327480.8222098,121100,114102
1766327480.833176,121100,114102
1766327480.8441944,121100,114102
1766327480.8551571,120821,113977
1766327480.8661222,121150,114148
1766327480.8770795,121150,114148
1766327480.8880486,121150,114148
1766327480.8990026,120849,113977
1766327480.9099565,121212,114148
1766327480.92092,121212,114148
1766327480.9318755,120846,113981
1766327480.942829,120578,113864
1766327480.9537814,120578,113864
1766327480.9647403,120578,113864
1766327480.9756956,120932,114025
1766327480.9866493,121304,114191
1766327480.997602,121304,114191
1766327481.0085552,121304,114191
1766327481.0195148,121046,114086
1766327481.0304701,121331,114197
1766327481.0414221,121331,114197
1766327481.0523758,121106,114095
1766327481.0633276,121248,114170
1766327481.0742912,121248,114170
1766327481.085252,121248,114170
1766327481.0962064,121161,114120
1766327481.1071582,120845,113975
1766327481.1181166,120845,113975
1766327481.1290562,121203,114143
1766327481.1400096,120591,113860
1766327481.1509624,120591,113860
1766327481.161914,120591,113860
1766327481.1728852,121266,114160
1766327481.1838405,120546,113846
1766327481.1947954,120546,113846
1766327481.205748,120546,113846
1766327481.2167115,121305,114178
1766327481.2276776,120561,113857
1766327481.2386327,120561,113857
1766327481.2495859,121293,114170
1766327481.2605393,120630,113895
1766327481.2714965,120630,113895
1766327481.2824624,120630,113895
1766327481.2934175,121210,114129
1766327481.3043704,120743,113945
1766327481.3153284,120743,113945
1766327481.3262901,120743,113945
1766327481.3372483,120822,113963
1766327481.348201,120792,113969
1766327481.359154,120792,113969
1766327481.3701136,120578,113832
1766327481.381068,120832,113987
1766327481.3922496,120832,113987
1766327481.4032197,120832,113987
1766327481.4141803,120528,113837
1766327481.4251485,120846,113990
1766327481.436102,120846,113990
1766327481.4471183,120540,113845
1766327481.4582107,120878,113995
1766327481.469284,120878,113995
1766327481.4803483,120878,113995
1766327481.4913337,120640,113886
1766327481.5022855,120980,114050
1766327481.5132432,120980,114050
1766327481.5242307,120980,114050
1766327481.5351906,120803,113946
1766327481.5461445,121084,114086
1766327481.5570974,121084,114086
1766327481.568059,120854,114009
1766327481.5790157,121131,114138
1766327481.5900269,121131,114138
1766327481.6010742,121131,114138
1766327481.6120381,120864,113994
1766327481.623002,121188,114139
1766327481.6339612,121188,114139
1766327481.644918,121188,114139
1766327481.655871,121188,114139
1766327481.666834,121223,114148
1766327481.677796,121223,114148
1766327481.6887803,120958,114032
1766327481.699738,121302,114187
1766327481.7106917,121302,114187
1766327481.7216566,121302,114187
1766327481.7326136,121045,114073
1766327481.7435665,121344,114200
1766327481.7545192,121344,114200
1766327481.7654731,121138,114110
1766327481.776428,121329,114168
1766327481.787449,121329,114168
1766327481.7985134,121329,114168
1766327481.8094783,121209,114132
1766327481.82045,121039,114065
1766327481.8314042,121039,114065
1766327481.8423643,121039,114065
1766327481.8533177,121252,114161
1766327481.864277,120633,113903
1766327481.875255,120633,113903
1766327481.88632,121308,114196
1766327481.8973582,120549,113801
1766327481.9083953,120549,113801
1766327481.919465,120549,113801
1766327481.930509,121353,114200
1766327481.941546,120542,113838
1766327481.9525878,120542,113838
1766327481.963659,121418,114230
1766327481.9747028,120573,113834
1766327481.985777,120573,113834
1766327481.9968224,120573,113834
1766327482.0078645,121392,114207
1766327482.0189073,120676,113910
1766327482.030039,120676,113910
1766327482.0411189,120676,113910
1766327482.0521839,121113,114085
1766327482.0632324,120777,113947
1766327482.0743437,120777,113947
1766327482.085441,120757,113918
1766327482.0964987,120821,113977
1766327482.107541,120821,113977
1766327482.1185822,120821,113977
1766327482.1296265,120639,113866
1766327482.1406665,120849,113977
1766327482.1517031,120849,113977
1766327482.1627452,120616,113850
1766327482.173786,120846,113981
1766327482.1848233,120846,113981
1766327482.1958647,120846,113981
1766327482.2069693,120716,113919
1766327482.2180257,120932,114025
1766327482.2291522,120932,114025
1766327482.240206,120932,114025
1766327482.2512517,120807,113971
1766327482.2622938,121046,114086
1766327482.2733335,121046,114086
1766327482.2843883,120959,114006
1766327482.2954664,121106,114095
1766327482.3065052,121106,114095
1766327482.3175445,121106,114095
1766327482.328585,120968,114040
1766327482.3396277,121161,114120
1766327482.3506732,121161,114120
1766327482.3617103,120936,114005
1766327482.3727503,121203,114143
1766327482.3837948,121203,114143
1766327482.394856,121203,114143
1766327482.4059112,121015,114043
1766327482.4169543,121266,114160
1766327482.428015,121266,114160
1766327482.4390552,121266,114160
1766327482.4500916,121072,114083
1766327482.461129,121305,114178
1766327482.472211,121305,114178
1766327482.4832678,121173,114100
1766327482.4943092,121293,114170
1766327482.5053637,121293,114170
1766327482.516416,121293,114170
1766327482.5274556,121254,114152
1766327482.5384924,121210,114129
1766327482.549528,121210,114129
1766327482.560566,121294,114158
1766327482.571606,120822,113963
1766327482.5826657,120822,113963
1766327482.5938091,120822,113963
1766327482.6049085,121347,114190
1766327482.6159604,120578,113832
1766327482.6270013,120578,113832
1766327482.6380377,120578,113832
1766327482.649112,121417,114227
1766327482.6601741,120528,113837
1766327482.6712174,120528,113837
1766327482.6822665,121446,114222
1766327482.6933153,120540,113845
1766327482.7043839,120540,113845
1766327482.715427,120540,113845
1766327482.726464,121462,114221
1766327482.7375002,120640,113886
1766327482.7485378,120640,113886
1766327482.7595751,121315,114177
1766327482.7706285,120803,113946
1766327482.7816672,120803,113946
1766327482.793673,120803,113946
1766327482.8050637,120923,114000
1766327482.816289,120854,114009
1766327482.8274944,120854,114009
1766327482.8386693,120774,113896
1766327482.8497956,120864,113994
1766327482.8609035,120864,113994
1766327482.8719363,120864,113994
1766327482.8829622,120794,113942
1766327482.893984,121188,114139
1766327482.9050605,121188,114139
1766327482.9160683,121188,114139
1766327482.9271135,120840,113969
1766327482.9381113,120958,114032
1766327482.9490943,120958,114032
1766327482.9600847,120986,114005
1766327482.9710846,121045,114073
1766327482.982073,121045,114073
1766327482.993084,121045,114073
1766327483.0040712,121084,114072
1766327483.015088,121138,114110
1766327483.026128,121138,114110
1766327483.0371697,121072,114044
1766327483.0482063,121209,114132
1766327483.0592444,121209,114132
1766327483.070298,121209,114132
1766327483.0813386,121094,114074
1766327483.0923903,121252,114161
1766327483.1034293,121252,114161
1766327483.1144893,121252,114161
1766327483.125533,121101,114086
1766327483.1365697,121308,114196
1766327483.147608,121308,114196
1766327483.158644,121193,114092
1766327483.1696966,121353,114200
1766327483.1807363,121353,114200
1766327483.191873,121353,114200
1766327483.2029212,121264,114146
1766327483.2139602,121418,114230
1766327483.2250311,121418,114230
1766327483.2360742,121288,114149
1766327483.2471068,121392,114207
1766327483.2584486,121392,114207
1766327483.2696936,121392,114207
1766327483.2808616,121381,114191
1766327483.2919998,121113,114085
1766327483.3031433,121113,114085
1766327483.314286,121113,114085
1766327483.3253431,121417,114188
1766327483.3363116,120757,113918
1766327483.3472672,120757,113918
1766327483.3582273,121443,114208
1766327483.3692029,120639,113866
1766327483.380159,120639,113866
1766327483.3911128,120639,113866
1766327483.402065,121481,114237
1766327483.4130175,120616,113850
1766327483.4239824,120616,113850
1766327483.4349368,121440,114209
1766327483.44589,120716,113919
1766327483.456843,120716,113919
1766327483.4678047,120716,113919
1766327483.4787586,121106,114064
1766327483.4897232,120807,113971
1766327483.5006764,120807,113971
1766327483.5116267,120807,113971
1766327483.5225897,120836,113939
1766327483.5335438,120959,114006
1766327483.544496,120959,114006
1766327483.5554483,120779,113955
1766327483.566408,120968,114040
1766327483.5773602,120968,114040
1766327483.5883121,120968,114040
1766327483.5993454,120818,113940
1766327483.61031,120936,114005
1766327483.621282,120936,114005
1766327483.6322603,120936,114005
1766327483.6432137,120861,113957
1766327483.65418,121015,114043
1766327483.6651447,121015,114043
1766327483.6760952,121028,114040
1766327483.6870646,121072,114083
1766327483.6980205,121072,114083
1766327483.7089734,121072,114083
1766327483.7199333,121058,114064
1766327483.7308872,121173,114100
1766327483.7418387,121173,114100
1766327483.7527916,121037,114027
1766327483.763748,121254,114152
1766327483.774703,121254,114152
1766327483.7856553,121254,114152
1766327483.797056,121051,114060
1766327483.8080616,121294,114158
1766327483.819024,121294,114158
1766327483.8299797,121294,114158
1766327483.8409362,121078,114072
1766327483.8518913,121347,114190
1766327483.8628433,121347,114190
1766327483.8737993,121176,114096
1766327483.8847702,121417,114227
1766327483.8957305,121417,114227
1766327483.9066832,121417,114227
1766327483.9176404,121242,114132
1766327483.9285927,121446,114222
1766327483.9395452,121446,114222
1766327483.9504998,121446,114222
1766327483.9614518,121462,114221
1766327483.9724057,121462,114221
1766327483.9833732,121462,114221
1766327483.9943278,121349,114175
1766327484.00528,121315,114177
1766327484.016235,121315,114177
1766327484.0271862,121315,114177
1766327484.0381365,121388,114194
1766327484.0490913,120923,114000
1766327484.060043,120923,114000
1766327484.0709941,121459,114229
1766327484.0819561,120774,113896
1766327484.0929224,120774,113896
1766327484.103872,120774,113896
1766327484.1148272,121424,114199
1766327484.125781,120794,113942
1766327484.1367326,120794,113942
1766327484.1476848,120794,113942
1766327484.1586363,121105,114071
1766327484.1695888,120840,113969
1766327484.180541,120840,113969
1766327484.191492,120743,113914
1766327484.202444,120986,114005
1766327484.2134016,120986,114005
1766327484.2243552,120986,114005
1766327484.2353063,120629,113851
1766327484.2462583,121084,114072
1766327484.2572088,121084,114072
1766327484.2681615,121084,114072
1766327484.279113,120604,113831
1766327484.2900739,121072,114044
1766327484.301042,121072,114044
1766327484.311995,120642,113865
1766327484.322949,121094,114074
1766327484.333921,121094,114074
1766327484.3451238,121094,114074
1766327484.3566177,120750,113920
1766327484.367678,121101,114086
1766327484.3787286,121101,114086
1766327484.3898482,120815,113936
1766327484.4009502,121193,114092
1766327484.4120471,121193,114092
1766327484.42314,121193,114092
1766327484.4342961,120864,113969
1766327484.4453866,121264,114146
1766327484.456601,121264,114146
1766327484.4677446,120867,113993
1766327484.4788208,121288,114149
1766327484.4898827,121288,114149
1766327484.5010157,121288,114149
1766327484.511993,120912,113985
1766327484.5229735,121381,114191
1766327484.5339298,121381,114191
1766327484.5451589,121381,114191
1766327484.5561745,120988,114013
1766327484.5671456,121417,114188
1766327484.5781043,121417,114188
1766327484.589064,121068,114074
1766327484.6000962,121443,114208
1766327484.6110568,121443,114208
1766327484.6220305,121443,114208
1766327484.6329901,121136,114081
1766327484.6439457,121481,114237
1766327484.654902,121481,114237
1766327484.6658669,121481,114237
1766327484.6768231,121440,114209
1766327484.6878045,121440,114209
1766327484.6987638,121440,114209
1766327484.709719,121238,114118
1766327484.7206857,121106,114064
1766327484.7316406,121106,114064
1766327484.7425938,121106,114064
1766327484.753547,121294,114148
1766327484.7645202,120836,113939
1766327484.7754815,120836,113939
1766327484.7864351,121333,114158
1766327484.797506,120779,113955
1766327484.8085265,120779,113955
1766327484.819499,120779,113955
1766327484.8304632,121054,114029
1766327484.841479,120818,113940
1766327484.852437,120818,113940
1766327484.8633995,120818,113940
1766327484.8743773,120628,113857
1766327484.885338,120861,113957
1766327484.8963022,120861,113957
1766327484.9072583,120499,113770
1766327484.9182246,121028,114040
1766327484.9291806,121028,114040
1766327484.940134,121028,114040
1766327484.9510875,120468,113783
1766327484.962041,121058,114064
1766327484.9730005,121058,114064
1766327484.9839532,121058,114064
1766327484.994906,121037,114027
1766327485.0058584,121037,114027
1766327485.01682,121037,114027
1766327485.0277753,120557,113822
1766327485.038751,121051,114060
1766327485.0497055,121051,114060
1766327485.060658,121051,114060
1766327485.07162,120685,113879
1766327485.0825744,121078,114072
1766327485.0935395,121078,114072
1766327485.104493,120755,113923
1766327485.1154528,121176,114096
1766327485.1264057,121176,114096
1766327485.1373591,121176,114096
1766327485.1483119,120743,113906
1766327485.1592631,121242,114132
1766327485.1702218,121242,114132
1766327485.181175,121242,114132
1766327485.1921792,120768,113923
1766327485.2031376,121287,114132
1766327485.2141023,121287,114132
1766327485.225069,120855,113946
1766327485.2360246,121349,114175
1766327485.2469778,121349,114175
1766327485.25793,121349,114175
1766327485.268892,120941,113992
1766327485.279847,121388,114194
1766327485.2908106,121388,114194
1766327485.3017633,121388,114194
1766327485.3127167,121459,114229
1766327485.3236969,121459,114229
1766327485.3346567,121459,114229
1766327485.3456135,121093,114047
1766327485.3565674,121424,114199
1766327485.3675272,121424,114199
1766327485.3784816,121424,114199
1766327485.3894503,121144,114069
1766327485.4004042,121105,114071
1766327485.4113564,121105,114071
1766327485.4223194,121216,114094
1766327485.4332752,120743,113914
1766327485.4442272,120743,113914
1766327485.4551785,120743,113914
1766327485.4661376,121237,114105
1766327485.4770908,120629,113851
1766327485.4880762,120629,113851
1766327485.499106,120629,113851
1766327485.5100648,121178,114073
1766327485.5210557,120604,113831
1766327485.532013,120604,113831
1766327485.542965,120783,113926
1766327485.5539162,120642,113865
1766327485.5648754,120642,113865
1766327485.5758286,120642,113865
1766327485.5867808,120490,113766
1766327485.5978127,120750,113920
1766327485.6087723,120750,113920
1766327485.6197388,120750,113920
1766327485.6306975,120815,113936
1766327485.6416745,120815,113936
1766327485.6526692,120815,113936
1766327485.663628,120395,113739
1766327485.6745963,120864,113969
1766327485.6855533,120864,113969
1766327485.6965277,120864,113969
1766327485.7074893,120438,113764
1766327485.7184544,120867,113993
1766327485.7294254,120867,113993
1766327485.7403886,120602,113854
1766327485.751343,120912,113985
1766327485.7623272,120912,113985
1766327485.7732928,120912,113985
1766327485.7842498,120674,113869
1766327485.7953851,120988,114013
1766327485.8064315,120988,114013
1766327485.8174057,120988,114013
1766327485.8283687,120636,113865
1766327485.8393297,121068,114074
1766327485.850284,121068,114074
1766327485.8612366,120708,113851
1766327485.8722012,121136,114081
1766327485.8831534,121136,114081
1766327485.8941193,121136,114081
1766327485.9050727,120758,113899
1766327485.9160342,121155,114063
1766327485.926988,121155,114063
1766327485.937945,121155,114063
1766327485.9488988,121238,114118
1766327485.9598513,121238,114118
1766327485.9708097,121238,114118
1766327485.9818308,120942,113983
1766327485.992791,121294,114148
1766327486.0037432,121294,114148
1766327486.0147102,121294,114148
1766327486.0256653,121021,114018
1766327486.0366185,121333,114158
1766327486.0475702,121333,114158
1766327486.058523,121099,114059
1766327486.069484,121054,114029
1766327486.080457,121054,114029
1766327486.0914228,121054,114029
1766327486.1023767,121139,114057
1766327486.1133294,120628,113857
1766327486.1242924,120628,113857
1766327486.1352465,120628,113857
1766327486.1461987,121166,114078
1766327486.1571512,120499,113770
1766327486.1681085,120499,113770
1766327486.1790607,121241,114090
1766327486.190015,120468,113783
1766327486.2009683,120468,113783
1766327486.2119212,120468,113783
1766327486.2228806,121243,114094
1766327486.2338345,120473,113768
1766327486.244787,120473,113768
1766327486.255741,120473,113768
1766327486.2666972,120557,113822
1766327486.2776513,120557,113822
1766327486.2886117,120557,113822
1766327486.2995658,120596,113809
1766327486.3105156,120685,113879
1766327486.3214753,120685,113879
1766327486.3324518,120685,113879
1766327486.3434079,120466,113749
1766327486.3543637,120755,113923
1766327486.3653228,120755,113923
1766327486.376277,120482,113762
1766327486.387229,120743,113906
1766327486.3981812,120743,113906
1766327486.4091332,120743,113906
1766327486.4200919,120500,113763
1766327486.4310608,120768,113923
1766327486.442016,120768,113923
1766327486.4529684,120768,113923
1766327486.463923,120619,113839
1766327486.4748793,120855,113946
1766327486.4858325,120855,113946
1766327486.496796,120735,113904
1766327486.5077593,120941,113992
1766327486.5187206,120941,113992
1766327486.5296752,120941,113992
1766327486.540628,120746,113890
1766327486.55158,120978,113996
1766327486.562532,120978,113996
1766327486.5734897,120978,113996
1766327486.5844433,120717,113881
1766327486.595545,121093,114047
1766327486.6065142,121093,114047
1766327486.617483,120794,113911
1766327486.6284392,121144,114069
1766327486.6393917,121144,114069
1766327486.6503448,121144,114069
1766327486.6613932,120881,113938
1766327486.6723835,121216,114094
1766327486.6833408,121216,114094
1766327486.6943212,120987,113982
1766327486.7052798,121237,114105
1766327486.7162447,121237,114105
1766327486.7271981,121237,114105
1766327486.7381504,121038,114008
1766327486.7491028,121178,114073
1766327486.7600539,121178,114073
1766327486.7710128,121178,114073
1766327486.781985,121106,114037
1766327486.7933962,120783,113926
1766327486.8044658,120783,113926
1766327486.8154366,121139,114067
1766327486.8264697,120490,113766
1766327486.8374362,120490,113766
1766327486.8484128,120490,113766
1766327486.8593738,121191,114081
1766327486.870336,120360,113713
1766327486.8812954,120360,113713
1766327486.8922637,121235,114112
1766327486.9032161,120395,113739
1766327486.914171,120395,113739
1766327486.9252567,120395,113739
1766327486.9363334,121249,114101
1766327486.9474552,120438,113764
1766327486.9584913,120438,113764
1766327486.9694598,120438,113764
1766327486.9804149,121001,113975
1766327486.9913676,120602,113854
1766327487.0023222,120602,113854
1766327487.0132747,120642,113828
1766327487.0242362,120674,113869
1766327487.0353224,120674,113869
1766327487.0462844,120674,113869
1766327487.0572417,120532,113765
1766327487.0682104,120636,113865
1766327487.0791614,120636,113865
1766327487.0901392,120636,113865
1766327487.101099,120516,113777
1766327487.1120543,120708,113851
1766327487.1230152,120708,113851
1766327487.133992,120611,113821
1766327487.1449466,120758,113899
1766327487.1558988,120758,113899
1766327487.1668584,120758,113899
1766327487.1778126,120747,113885
1766327487.1887655,120847,113937
1766327487.199716,120847,113937
1766327487.2106702,120770,113887
1766327487.22163,120942,113983
1766327487.2325842,120942,113983
1766327487.2435353,120942,113983
1766327487.2544882,120816,113914
1766327487.2654448,121021,114018
1766327487.2763975,121021,114018
1766327487.287349,121021,114018
1766327487.2983112,120835,113905
1766327487.309263,121099,114059
1766327487.320223,121099,114059
1766327487.3311808,120854,113922
1766327487.3421376,121139,114057
1766327487.3530908,121139,114057
1766327487.3640552,121139,114057
1766327487.3750167,120936,113957
1766327487.3859699,121166,114078
1766327487.396923,121166,114078
1766327487.4078748,121166,114078
1766327487.418837,121019,114018
1766327487.429792,121241,114090
1766327487.4407446,121241,114090
1766327487.451701,121077,114027
1766327487.4626555,121243,114094
1766327487.4736276,121243,114094
1766327487.484601,121243,114094
1766327487.4955697,121127,114039
1766327487.5065231,120944,113945
1766327487.5174832,120944,113945
1766327487.5284393,121142,114033
1766327487.5393922,120596,113809
1766327487.5503447,120596,113809
1766327487.5612972,120596,113809
1766327487.5722558,121224,114081
1766327487.5832095,120466,113749
1766327487.5943215,120466,113749
1766327487.6052914,120466,113749
1766327487.6162627,121266,114090
1766327487.6272197,120482,113762
1766327487.638173,120482,113762
1766327487.649127,121104,114013
1766327487.6600826,120500,113763
1766327487.671043,120500,113763
1766327487.6820009,120500,113763
1766327487.6929688,120733,113852
1766327487.703934,120619,113839
1766327487.714895,120619,113839
1766327487.7258565,120619,113839
1766327487.7368116,120542,113774
1766327487.7477639,120735,113904
1766327487.7587159,120735,113904
1766327487.7696772,120476,113748
1766327487.7806323,120746,113890
1766327487.7916844,120746,113890
1766327487.8027484,120746,113890
1766327487.813774,120506,113759
1766327487.8247535,120717,113881
1766327487.835741,120717,113881
1766327487.846745,120559,113773
1766327487.8577049,120794,113911
1766327487.8686728,120794,113911
1766327487.879628,120794,113911
1766327487.890598,120727,113862
1766327487.901557,120881,113938
1766327487.9125106,120881,113938
1766327487.9234757,120881,113938
1766327487.9344292,120792,113886
1766327487.9453833,120987,113982
1766327487.9563391,120987,113982
1766327487.9672983,120749,113908
1766327487.9782555,121038,114008
1766327487.9892082,121038,114008
1766327488.0001621,121038,114008
1766327488.0111158,120771,113894
1766327488.022075,121106,114037
1766327488.0330446,121106,114037
1766327488.0439985,121106,114037
1766327488.054951,120852,113940
1766327488.0659084,121139,114067
1766327488.076863,121139,114067
1766327488.0878148,120927,113956
1766327488.0990055,121191,114081
1766327488.111852,121191,114081
1766327488.122936,121191,114081
1766327488.1340094,120981,113990
1766327488.1451252,121235,114112
1766327488.1562574,121235,114112
1766327488.167358,121062,113986
1766327488.1784527,121249,114101
1766327488.1895678,121249,114101
1766327488.2007856,121249,114101
1766327488.2122896,121106,114021
1766327488.2233853,121001,113975
1766327488.234454,121001,113975
1766327488.2455301,121165,114019
1766327488.2564921,120642,113828
1766327488.2674592,120642,113828
1766327488.2784154,120642,113828
1766327488.289367,121192,114063
1766327488.3003364,120532,113765
1766327488.3112926,120532,113765
1766327488.3223414,120532,113765
1766327488.3333826,121146,114043
1766327488.3444276,120516,113777
1766327488.35547,120516,113777
1766327488.3665159,120819,113898
1766327488.3775551,120611,113821
1766327488.3885894,120611,113821
1766327488.399632,120611,113821
1766327488.410699,120451,113714
1766327488.4217832,120747,113885
1766327488.432844,120747,113885
1766327488.4438946,120302,113655
1766327488.454932,120770,113887
1766327488.465985,120770,113887
1766327488.4770284,120770,113887
1766327488.4880672,120286,113648
1766327488.49914,120816,113914
1766327488.5101829,120816,113914
1766327488.52125,120816,113914
1766327488.5323236,120265,113639
1766327488.5433896,120835,113905
1766327488.5544317,120835,113905
1766327488.5654693,120404,113714
1766327488.5765073,120854,113922
1766327488.587548,120854,113922
1766327488.598674,120854,113922
1766327488.6097224,120516,113768
1766327488.6207654,120936,113957
1766327488.6317887,120936,113957
1766327488.642811,120504,113738
1766327488.6538582,121019,114018
1766327488.6648786,121019,114018
1766327488.675902,121019,114018
1766327488.6869202,120539,113768
1766327488.6979575,121077,114027
1766327488.708984,121077,114027
1766327488.7200034,121077,114027
1766327488.7310822,121077,114027
1766327488.7421193,121127,114039
1766327488.75316,121127,114039
1766327488.7641985,120672,113835
1766327488.7752337,121142,114033
1766327488.7862697,121142,114033
1766327488.7982361,121142,114033
1766327488.8094351,120786,113876
1766327488.8205156,121224,114081
1766327488.831671,121224,114081
1766327488.8427093,120842,113882
1766327488.8537383,121266,114090
1766327488.8648825,121266,114090
1766327488.875936,121266,114090
1766327488.886986,120904,113939
1766327488.8980305,121104,114013
1766327488.909079,121104,114013
1766327488.9201229,120931,113938
1766327488.9312162,120733,113852
1766327488.9422593,120733,113852
1766327488.9532998,120733,113852
1766327488.964361,121013,113980
1766327488.9754179,120542,113774
1766327488.9864576,120542,113774
1766327488.997492,120542,113774
1766327489.0085423,121043,114003
1766327489.0196083,120476,113748
1766327489.0306525,120476,113748
1766327489.0417202,120989,113940
1766327489.0527594,120506,113759
1766327489.0638118,120506,113759
1766327489.074875,120506,113759
1766327489.0859175,120594,113773
1766327489.0969687,120559,113773
1766327489.1080065,120559,113773
1766327489.1190684,120285,113642
1766327489.1301084,120727,113862
1766327489.1411743,120727,113862
1766327489.1522133,120727,113862
1766327489.1632657,120194,113604
1766327489.1743236,120792,113886
1766327489.185366,120792,113886
1766327489.1964045,120792,113886
1766327489.2074444,120188,113605
1766327489.2185006,120749,113908
1766327489.2295542,120749,113908
1766327489.2406273,120220,113615
1766327489.2517016,120771,113894
1766327489.26274,120771,113894
1766327489.2737956,120771,113894
1766327489.2848399,120349,113678
1766327489.2958891,120852,113940
1766327489.3069253,120852,113940
1766327489.3179722,120480,113745
1766327489.3290262,120927,113956
1766327489.3400729,120927,113956
1766327489.3511405,120927,113956
1766327489.3621783,120452,113721
1766327489.3732302,120981,113990
1766327489.3842726,120981,113990
1766327489.3953123,120981,113990
1766327489.4063478,120499,113756
1766327489.4174178,121062,113986
1766327489.4284594,121062,113986
1766327489.4394994,120550,113760
1766327489.450535,121106,114021
1766327489.4615977,121106,114021
1766327489.4726593,121106,114021
1766327489.483707,120634,113801
1766327489.4947515,121165,114019
1766327489.5057867,121165,114019
1766327489.516857,120744,113861
1766327489.527901,121192,114063
1766327489.5389373,121192,114063
1766327489.5499713,121192,114063
1766327489.5610073,120806,113869
1766327489.5720727,121146,114043
1766327489.5831137,121146,114043
1766327489.5943167,121146,114043
1766327489.6054196,120891,113940
1766327489.6164901,120819,113898
1766327489.6275365,120819,113898
1766327489.6385744,120938,113937
1766327489.6496131,120451,113714
1766327489.6606488,120451,113714
1766327489.6716864,120451,113714
1766327489.6827195,120996,113971
1766327489.6937568,120302,113655
1766327489.7047846,120302,113655
1766327489.71582,120999,113964
1766327489.726842,120286,113648
1766327489.7378595,120286,113648
1766327489.748876,120286,113648
1766327489.7598925,121032,113964
1766327489.7709565,120265,113639
1766327489.7819989,120265,113639
1766327489.7931714,120265,113639
1766327489.804404,120714,113808
1766327489.8155725,120404,113714
1766327489.8266702,120404,113714
1766327489.837754,120345,113649
1766327489.8488083,120516,113768
1766327489.8598526,120516,113768
1766327489.8708901,120516,113768
1766327489.8819246,120217,113590
1766327489.8929422,120504,113738
1766327489.9039557,120504,113738
1766327489.915117,120166,113569
1766327489.9262428,120539,113768
1766327489.937357,120539,113768
1766327489.9485168,120539,113768
1766327489.959714,120214,113594
1766327489.970814,121077,114027
1766327489.98181,121077,114027
1766327489.9927976,120335,113672
1766327490.0037868,120672,113835
1766327490.014792,120672,113835
1766327490.025793,120672,113835
1766327490.0367825,120432,113706
1766327490.0477686,120786,113876
1766327490.0587542,120786,113876
1766327490.0698233,120786,113876
1766327490.080868,120471,113710
1766327490.091909,120842,113882
1766327490.102957,120842,113882
1766327490.1140227,120459,113740
1766327490.1251247,120904,113939
1766327490.136189,120904,113939
1766327490.147227,120904,113939
1766327490.1582632,120520,113742
1766327490.1693256,120931,113938
1766327490.180377,120931,113938
1766327490.191446,120636,113821
1766327490.202507,121013,113980
1766327490.2135544,121013,113980
1766327490.2246153,121013,113980
1766327490.2356615,120708,113833
1766327490.2466996,121043,114003
1766327490.2577343,121043,114003
1766327490.268836,121043,114003
1766327490.2798922,120805,113864
1766327490.2909296,120989,113940
1766327490.301997,120989,113940
1766327490.3130863,120869,113904
1766327490.3241923,120594,113773
1766327490.335258,120594,113773
1766327490.3463018,120594,113773
1766327490.3573387,120917,113924
1766327490.3684363,120285,113642
1766327490.3794932,120285,113642
1766327490.3905315,120950,113920
1766327490.4015682,120194,113604
1766327490.4126294,120194,113604
1766327490.4236934,120194,113604
1766327490.4347403,121032,113964
1766327490.4457953,120188,113605
1766327490.4568353,120188,113605
1766327490.4679024,120188,113605
1766327490.4789562,121032,113975
1766327490.4899979,120220,113615
1766327490.5010715,120220,113615
1766327490.512115,120840,113848
1766327490.5231755,120349,113678
1766327490.5342224,120349,113678
1766327490.5452724,120349,113678
1766327490.5563123,120462,113694
1766327490.5673769,120480,113745
1766327490.578458,120480,113745
1766327490.5895169,120277,113607
1766327490.6006436,120452,113721
1766327490.611694,120452,113721
1766327490.622759,120452,113721
1766327490.633812,120314,113646
1766327490.6449287,120499,113756
1766327490.656016,120499,113756
1766327490.6670878,120499,113756
1766327490.6782246,120379,113687
1766327490.6892633,120550,113760
1766327490.7003038,120550,113760
1766327490.7113256,120517,113744
1766327490.7223685,120634,113801
1766327490.7333999,120634,113801
1766327490.7444205,120634,113801
1766327490.7554426,120631,113791
1766327490.7664757,120744,113861
1766327490.7775028,120744,113861
1766327490.788581,120657,113820
1766327490.800132,120806,113869
1766327490.8113227,120806,113869
1766327490.822383,120806,113869
1766327490.833434,120655,113802
1766327490.8444848,120891,113940
1766327490.855521,120891,113940
1766327490.8665712,120891,113940
1766327490.8776283,120938,113937
1766327490.8887522,120938,113937
1766327490.8998716,120938,113937
1766327490.9109054,120802,113870
1766327490.9219193,120996,113971
1766327490.9329288,120996,113971
1766327490.9439363,120996,113971
1766327490.954942,120897,113910
1766327490.9659553,120999,113964
1766327490.9769619,120999,113964
1766327490.9880292,120928,113907
1766327490.9990728,121032,113964
1766327491.010143,121032,113964
1766327491.0211833,121032,113964
1766327491.0322247,121043,113971
1766327491.043262,120714,113808
1766327491.054302,120714,113808
1766327491.0653396,120714,113808
1766327491.0763807,120345,113649
1766327491.0874186,120345,113649
1766327491.098462,120345,113649
1766327491.1095,121131,114004
1766327491.1205406,120217,113590
1766327491.1315799,120217,113590
1766327491.1426125,120217,113590
1766327491.153651,121161,114017
1766327491.1646872,120166,113569
1766327491.1757233,120166,113569
1766327491.186757,121142,113999
1766327491.1978247,120214,113594
1766327491.2088645,120214,113594
1766327491.2199056,120214,113594
1766327491.2309422,120947,113916
1766327491.2419822,120335,113672
1766327491.2530177,120335,113672
1766327491.2640562,120335,113672
1766327491.2750885,120432,113706
1766327491.2861264,120432,113706
1766327491.2971947,120432,113706
1766327491.308238,120405,113673
1766327491.3192794,120471,113710
1766327491.3303142,120471,113710
1766327491.341347,120471,113710
1766327491.352409,120392,113676
1766327491.3634686,120459,113740
1766327491.3745081,120459,113740
1766327491.385547,120397,113666
1766327491.3965824,120520,113742
1766327491.407638,120520,113742
1766327491.4186726,120520,113742
1766327491.4297137,120569,113756
1766327491.4407496,120636,113821
1766327491.4517865,120636,113821
1766327491.462817,120636,113821
1766327491.473928,120708,113833
1766327491.4852204,120708,113833
1766327491.4963472,120708,113833
1766327491.5074494,120656,113803
1766327491.5185251,120805,113864
1766327491.5296059,120805,113864
1766327491.5405965,120805,113864
1766327491.5515826,120680,113803
1766327491.5625675,120869,113904
1766327491.5735607,120869,113904
1766327491.5845501,120701,113850
1766327491.5956936,120917,113924
1766327491.6067092,120917,113924
1766327491.6177263,120917,113924
1766327491.6287374,120770,113859
1766327491.6397471,120950,113920
1766327491.6509156,120950,113920
1766327491.6619198,120950,113929
1766327491.672927,121032,113964
1766327491.6839316,121032,113964
1766327491.694946,121032,113964
1766327491.706004,120936,113924
1766327491.7170496,121032,113975
1766327491.7280912,121032,113975
1766327491.7391274,121032,113975
1766327491.7501636,120992,113957
1766327491.7612016,120840,113848
1766327491.77224,120840,113848
1766327491.783278,121019,113968
1766327491.7944124,120462,113694
1766327491.805652,120462,113694
1766327491.8167984,120462,113694
1766327491.8278239,121085,113981
1766327491.8389468,120277,113607
1766327491.8501914,120277,113607
1766327491.8615367,121138,113991
1766327491.8727734,120314,113646
1766327491.8839536,120314,113646
1766327491.8950906,120314,113646
1766327491.9062424,121063,113976
1766327491.9173286,120379,113687
1766327491.9284601,120379,113687
1766327491.9396088,120379,113687
1766327491.9507484,120674,113779
1766327491.9618807,120517,113744
1766327491.9730134,120517,113744
1766327491.9841824,120354,113642
1766327491.9953332,120631,113791
1766327492.006465,120631,113791
1766327492.0175698,120631,113791
1766327492.0290055,120275,113609
1766327492.0409615,120657,113820
1766327492.052044,120657,113820
1766327492.0631273,120234,113596
1766327492.0742056,120655,113802
1766327492.0851648,120655,113802
1766327492.0963666,120655,113802
1766327492.1073434,120277,113627
1766327492.1183171,120679,113804
1766327492.1292725,120679,113804
1766327492.1402278,120401,113682
1766327492.1511796,120802,113870
1766327492.162132,120802,113870
1766327492.1730933,120802,113870
1766327492.184046,120501,113734
1766327492.1949983,120897,113910
1766327492.205949,120897,113910
1766327492.2169144,120897,113910
1766327492.2278728,120455,113724
1766327492.2388248,120928,113907
1766327492.2497785,120928,113907
1766327492.2607303,120508,113704
1766327492.271687,121043,113971
1766327492.28264,121043,113971
1766327492.2935915,121043,113971
1766327492.3045664,120571,113761
1766327492.3155289,121057,113956
1766327492.3264825,121057,113956
1766327492.3374355,121057,113956
1766327492.3483903,121131,114004
1766327492.3593419,121131,114004
1766327492.3703005,121131,114004
1766327492.3812537,120762,113845
1766327492.3922074,121161,114017
1766327492.40316,121161,114017
1766327492.4141333,121161,114017
1766327492.4250896,120836,113889
1766327492.4360425,121142,113999
1766327492.4469936,121142,113999
1766327492.4579449,120925,113929
1766327492.4689043,120947,113916
1766327492.4798565,120947,113916
1766327492.4908116,120947,113916
1766327492.5017867,120945,113933
1766327492.5127416,120505,113705
1766327492.5237038,120505,113705
1766327492.534659,120505,113705
1766327492.5456114,120988,113953
1766327492.5565639,120405,113673
1766327492.5675197,120405,113673
1766327492.5784736,121055,113970
1766327492.5894527,120392,113676
1766327492.6004865,120392,113676
1766327492.6114469,120392,113676
1766327492.6224189,120921,113910
1766327492.633375,120397,113666
1766327492.644329,120397,113666
1766327492.655301,120397,113666
1766327492.666303,120569,113756
1766327492.6772604,120569,113756
1766327492.688217,120569,113756
1766327492.6992133,120236,113577
1766327492.7101867,120618,113770
1766327492.7211509,120618,113770
1766327492.7321062,120618,113770
1766327492.7430594,120163,113552
1766327492.7540126,120656,113803
1766327492.7649927,120656,113803
1766327492.7759457,120190,113597
1766327492.786898,120680,113803
1766327492.7980914,120680,113803
1766327492.8091562,120680,113803
1766327492.820123,120236,113592
1766327492.8310878,120701,113850
1766327492.842087,120701,113850
1766327492.8530478,120701,113850
1766327492.8640046,120352,113663
1766327492.8749607,120770,113859
1766327492.8859353,120770,113859
1766327492.896909,120472,113675
1766327492.9079306,120882,113929
1766327492.9188938,120882,113929
1766327492.929849,120882,113929
1766327492.9408238,120476,113709
1766327492.9518504,120936,113924
1766327492.9628308,120936,113924
1766327492.9737947,120505,113740
1766327492.9847517,120992,113957
1766327492.995705,120992,113957
1766327493.006661,120992,113957
1766327493.0176148,120573,113762
1766327493.0285702,121019,113968
1766327493.0395327,121019,113968
1766327493.0505688,121019,113968
1766327493.0615294,120675,113802
1766327493.0724895,121085,113981
1766327493.083445,121085,113981
1766327493.094398,120742,113832
1766327493.1053874,121138,113991
1766327493.1163704,121138,113991
1766327493.1273236,121138,113991
1766327493.138279,120863,113872
1766327493.149231,121063,113976
1766327493.160184,121063,113976
1766327493.1711411,121063,113976
1766327493.1820948,120921,113917
1766327493.1931157,120674,113779
1766327493.204075,120674,113779
1766327493.2150407,120973,113909
1766327493.2260041,120354,113642
1766327493.2369606,120354,113642
1766327493.247957,120354,113642
1766327493.2589173,121041,113961
1766327493.2698803,120275,113609
1766327493.2808368,120275,113609
1766327493.2917926,121085,113972
1766327493.3027647,120234,113596
1766327493.3137255,120234,113596
1766327493.3249145,120234,113596
1766327493.3360138,120898,113884
1766327493.3477125,120277,113627
1766327493.3586793,120277,113627
1766327493.3696845,120277,113627
1766327493.380641,120428,113686
1766327493.3915982,120401,113682
1766327493.4025528,120401,113682
1766327493.4135067,120268,113568
1766327493.4244785,120501,113734
1766327493.4354358,120501,113734
1766327493.446389,120501,113734
1766327493.4573486,120238,113589
1766327493.468448,120455,113724
1766327493.479487,120455,113724
1766327493.4904485,120279,113640
1766327493.5014262,120508,113704
1766327493.5123923,120508,113704
1766327493.5233755,120508,113704
1766327493.5343416,120378,113657
1766327493.5452995,120571,113761
1766327493.556251,120571,113761
1766327493.5672154,120571,113761
1766327493.5781705,120538,113730
1766327493.5891318,120668,113796
1766327493.6001778,120668,113796
1766327493.6111486,120560,113725
1766327493.6221159,120762,113845
1766327493.6330726,120762,113845
1766327493.6440272,120762,113845
1766327493.6549792,120597,113752
1766327493.665939,120836,113889
1766327493.6768942,120836,113889
1766327493.6878462,120836,113889
1766327493.6988158,120614,113774
1766327493.7097776,120925,113929
1766327493.7207358,120925,113929
1766327493.7316895,120707,113786
1766327493.742643,120945,113933
1766327493.753597,120945,113933
1766327493.7645566,120945,113933
1766327493.7755172,120789,113841
1766327493.7864714,120988,113953
1766327493.7975786,120988,113953
1766327493.808635,120909,113898
1766327493.8196232,121055,113970
1766327493.8306425,121055,113970
1766327493.8416193,121055,113970
1766327493.8525822,120961,113918
1766327493.8635383,120921,113910
1766327493.874509,120921,113910
1766327493.885464,120921,113910
1766327493.896419,121023,113940
1766327493.9073882,120462,113667
1766327493.9183512,120462,113667
1766327493.929305,121050,113928
1766327493.9402592,120236,113577
1766327493.9512115,120236,113577
1766327493.962166,120236,113577
1766327493.9731297,121131,113980
1766327493.9840832,120163,113552
1766327493.9950469,120163,113552
1766327494.0060015,120163,113552
1766327494.0169632,121130,113987
1766327494.0279207,120190,113597
1766327494.038874,120190,113597
1766327494.0498269,120747,113807
1766327494.0607805,120236,113592
1766327494.071742,120236,113592
1766327494.0826962,120236,113592
1766327494.0936556,120422,113653
1766327494.1046185,120352,113663
1766327494.115581,120352,113663
1766327494.1265378,120372,113664
1766327494.1374907,120472,113675
1766327494.1484437,120472,113675
1766327494.159414,120472,113675
1766327494.1703808,120386,113649
1766327494.1813352,120476,113709
1766327494.1922884,120476,113709
1766327494.2032404,120476,113709
1766327494.2141948,120471,113694
1766327494.225157,120505,113740
1766327494.2361107,120505,113740
1766327494.2470622,120579,113730
1766327494.2580144,120573,113762
1766327494.2689729,120573,113762
1766327494.279925,120573,113762
1766327494.2908785,120673,113784
1766327494.3018389,120675,113802
1766327494.3127916,120675,113802
1766327494.323752,120675,113802
1766327494.3347108,120650,113783
1766327494.345667,120742,113832
1766327494.3566203,120742,113832
1766327494.367578,120663,113760
1766327494.378532,120863,113872
1766327494.3894846,120863,113872
1766327494.4004366,120863,113872
1766327494.4113896,120715,113801
1766327494.4223464,120921,113917
1766327494.4333005,120921,113917
1766327494.4442556,120921,113854
1766327494.4552076,120973,113909
1766327494.4661636,120973,113909
1766327494.4771168,120973,113909
1766327494.4880688,120872,113875
1766327494.499026,121041,113961
1766327494.5099945,121041,113961
1766327494.5209546,121041,113961
1766327494.53191,120925,113896
1766327494.5428708,121085,113972
1766327494.5538242,121085,113972
1766327494.5647833,120990,113933
1766327494.5757358,120898,113884
1766327494.5866885,120898,113884
1766327494.5977182,120898,113884
1766327494.6086795,121037,113949
1766327494.619647,120428,113686
1766327494.6306007,120428,113686
1766327494.641557,120428,113686
1766327494.6525116,121048,113965
1766327494.663469,120268,113568
1766327494.6744347,120268,113568
1766327494.6853898,121037,113910
1766327494.6963441,120238,113589
1766327494.7073166,120238,113589
1766327494.718282,120238,113589
1766327494.7292361,120663,113764
1766327494.7401884,120279,113640
1766327494.7511406,120279,113640
1766327494.7620919,120279,113607
1766327494.7730517,120378,113657
1766327494.7840052,120378,113657
1766327494.7950358,120378,113657
1766327494.8061,120248,113577
1766327494.8170745,120538,113730
1766327494.8280313,120538,113730
1766327494.8389928,120538,113730
1766327494.849987,120259,113574
1766327494.860984,120560,113725
1766327494.8719554,120560,113725
1766327494.8829122,120288,113596
1766327494.893866,120597,113752
1766327494.904834,120597,113752
1766327494.9157948,120597,113752
1766327494.9267507,120442,113679
1766327494.937703,120614,113774
1766327494.9486587,120614,113774
1766327494.9596124,120614,113774
1766327494.9705727,120514,113718
1766327494.9815276,120707,113786
1766327494.9924803,120707,113786
1766327495.0034325,120551,113685
1766327495.0143926,120789,113841
1766327495.025354,120789,113841
1766327495.0363083,120789,113841
1766327495.0472596,120564,113727
1766327495.0582147,120909,113898
1766327495.069177,120909,113898
1766327495.080132,120909,113765
1766327495.0910852,120961,113918
1766327495.1020439,120961,113918
1766327495.1129978,120961,113918
1766327495.123957,120689,113787
1766327495.1349113,121023,113940
1766327495.145868,121023,113940
1766327495.1568217,121023,113940
1766327495.1677783,120770,113815
1766327495.1787326,121050,113928
1766327495.189685,121050,113928
1766327495.200674,120840,113860
1766327495.211647,121131,113980
1766327495.2226148,121131,113980
1766327495.2335687,121131,113980
1766327495.244523,120898,113874
1766327495.2554755,121130,113987
1766327495.2664373,121130,113987
1766327495.277393,121130,113987
1766327495.2883465,120922,113900
1766327495.2992985,120747,113807
1766327495.3102686,120747,113807
1766327495.3212318,121010,113900
1766327495.3321867,120422,113653
1766327495.3431451,120422,113653
1766327495.3541012,120422,113653
1766327495.3650637,120936,113886
1766327495.3760169,120372,113664
1766327495.3869693,120372,113664
1766327495.3979208,120372,113664
1766327495.4088743,120386,113649
1766327495.4200318,120386,113649
1766327495.4311655,120386,113649
1766327495.4422827,120203,113538
1766327495.453396,120471,113694
1766327495.4645061,120471,113694
1766327495.475634,120471,113694
1766327495.486757,120123,113501
1766327495.497904,120579,113730
1766327495.5090523,120579,113730
1766327495.5202785,120092,113529
1766327495.5313933,120673,113784
1766327495.5425017,120673,113784
1766327495.5535955,120673,113784
1766327495.5647032,120145,113522
1766327495.5758083,120650,113783
1766327495.5868874,120650,113783
1766327495.5979955,120255,113573
1766327495.6091385,120663,113760
1766327495.6202354,120663,113760
1766327495.6313396,120663,113760
1766327495.6424465,120387,113630
1766327495.6535165,120715,113801
1766327495.664615,120715,113801
1766327495.6759188,120715,113801
1766327495.6871614,120408,113623
1766327495.6983995,120808,113854
1766327495.7124808,120808,113854
1766327495.7237034,120404,113643
1766327495.7348046,120872,113875
1766327495.7459984,120872,113875
1766327495.7572224,120436,113659
1766327495.768376,120925,113896
1766327495.7795017,120925,113896
1766327495.7906005,120925,113896
1766327495.8052578,120566,113710
1766327495.8165724,120990,113933
1766327495.8276575,120990,113933
1766327495.8387752,120662,113741
1766327495.8498054,121037,113949
1766327495.8607805,121037,113949
1766327495.871805,121037,113949
1766327495.8827796,120749,113804
1766327495.893798,121048,113965
1766327495.9047892,121048,113965
1766327495.9157715,120810,113810
1766327495.9268365,121037,113910
1766327495.9378,121037,113910
1766327495.9488382,121037,113910
1766327495.959799,120892,113857
1766327495.9707987,120663,113764
1766327495.9817574,120663,113764
1766327495.9930754,120663,113764
1766327496.004034,120932,113887
1766327496.014993,120338,113607
1766327496.026015,120338,113607
1766327496.0369756,120948,113838
1766327496.0480027,120248,113577
1766327496.058962,120248,113577
1766327496.0699506,120248,113577
1766327496.0809083,120615,113725
1766327496.0918612,120259,113574
1766327496.1028903,120259,113574
1766327496.1138504,120255,113560
1766327496.1248486,120288,113596
1766327496.1358078,120288,113596
1766327496.1468089,120288,113596
1766327496.1577668,120111,113488
1766327496.1687274,120442,113679
1766327496.1797223,120442,113679
1766327496.1906786,120442,113679
1766327496.2016807,120073,113482
1766327496.2126377,120514,113718
1766327496.2236862,120514,113718
1766327496.234657,120061,113472
1766327496.2456205,120551,113685
1766327496.2565987,120551,113685
1766327496.2675614,120551,113685
1766327496.2785406,120249,113554
1766327496.2894967,120564,113727
1766327496.3004491,120564,113727
1766327496.311428,120564,113727
1766327496.3223848,120397,113641
1766327496.3333375,120644,113765
1766327496.3442903,120644,113765
1766327496.3552454,120398,113630
1766327496.3661976,120689,113787
1766327496.3771486,120689,113787
1766327496.3881004,120689,113787
1766327496.3990512,120410,113635
1766327496.410005,120770,113815
1766327496.4209573,120770,113815
1766327496.4319084,120470,113670
1766327496.44286,120840,113860
1766327496.4538107,120840,113860
1766327496.464762,120840,113860
1766327496.475712,120565,113715
1766327496.4866624,120898,113874
1766327496.497623,120898,113874
1766327496.5086045,120898,113874
1766327496.519562,120654,113755
1766327496.5305154,120922,113900
1766327496.5414672,120922,113900
1766327496.5524192,120718,113772
1766327496.5633705,121010,113900
1766327496.5743213,121010,113900
1766327496.5852752,121010,113900
1766327496.5963764,120806,113813
1766327496.6073415,120936,113886
1766327496.618303,120936,113886
1766327496.6292803,120936,113886
1766327496.640234,120862,113864
1766327496.651187,120520,113658
1766327496.662142,120520,113658
1766327496.6730967,120921,113848
1766327496.684052,120203,113538
1766327496.6950023,120203,113538
1766327496.705988,120203,113538
1766327496.716956,120942,113871
1766327496.7279084,120123,113501
1766327496.7388601,120123,113501
1766327496.7498136,120674,113760
1766327496.7607658,120092,113529
1766327496.7717175,120092,113529
1766327496.782669,120092,113529
1766327496.7936196,120285,113560
1766327496.8045776,120145,113522
1766327496.8156354,120145,113522
1766327496.8265977,120145,113522
1766327496.8376253,120158,113514
1766327496.8485882,120255,113573
1766327496.8595445,120255,113573
1766327496.8705053,120148,113498
1766327496.8814576,120387,113630
1766327496.8924096,120387,113630
1766327496.903528,120387,113630
1766327496.914496,120228,113560
1766327496.92545,120408,113623
1766327496.936403,120408,113623
1766327496.9473565,120408,113623
1766327496.9584653,120417,113646
1766327496.9695597,120404,113643
1766327496.9806144,120404,113643
1766327496.9915771,120503,113678
1766327497.0025322,120436,113659
1766327497.0135589,120436,113659
1766327497.0245855,120436,113659
1766327497.0356033,120488,113672
1766327497.0466237,120566,113710
1766327497.0576377,120566,113710
1766327497.0686579,120491,113675
1766327497.0796785,120662,113741
1766327497.090831,120662,113741
1766327497.1018586,120662,113741
1766327497.1130176,120536,113692
1766327497.1240802,120749,113804
1766327497.1351202,120749,113804
1766327497.1461563,120749,113804
1766327497.1571927,120621,113748
1766327497.1682343,120810,113810
1766327497.1792707,120810,113810
1766327497.190301,120670,113751
1766327497.2013419,120892,113857
1766327497.2124052,120892,113857
1766327497.2234557,120892,113857
1766327497.234491,120738,113789
1766327497.2455275,120932,113887
1766327497.2565627,120932,113887
1766327497.267597,120824,113840
1766327497.2786329,120948,113838
1766327497.289662,120948,113838
1766327497.3006978,120948,113838
1766327497.3117867,120863,113828
1766327497.3228636,120615,113725
1766327497.333902,120615,113725
1766327497.3449411,120615,113725
1766327497.3559823,120918,113862
1766327497.3670187,120255,113560
1766327497.3780515,120255,113560
1766327497.3891258,120828,113820
1766327497.400183,120111,113488
1766327497.411219,120111,113488
1766327497.4222543,120111,113488
1766327497.4332907,120465,113633
1766327497.4443262,120073,113482
1766327497.455362,120073,113482
1766327497.466396,120171,113526
1766327497.4774346,120061,113472
1766327497.488469,120061,113472
1766327497.4995034,120061,113472
1766327497.5105896,120070,113459
1766327497.5216465,120249,113554
1766327497.5326886,120249,113554
1766327497.543727,120249,113554
1766327497.5547607,120114,113494
1766327497.5658014,120397,113641
1766327497.5768366,120397,113641
1766327497.587873,120165,113519
1766327497.5990012,120398,113630
1766327497.6100535,120398,113630
1766327497.6211207,120398,113630
1766327497.6321673,120314,113582
1766327497.64319,120410,113635
1766327497.6542063,120410,113635
1766327497.6652234,120376,113617
1766327497.6762748,120470,113670
1766327497.6872969,120470,113670
1766327497.698313,120470,113670
1766327497.7093923,120329,113584
1766327497.7204802,120565,113715
1766327497.7315238,120565,113715
1766327497.7425573,120565,113715
1766327497.7535963,120387,113611
1766327497.7646315,120654,113755
1766327497.7756662,120654,113755
1766327497.7866986,120430,113639
1766327497.7977345,120718,113772
1766327497.8089383,120718,113772
1766327497.8202987,120718,113772
1766327497.8313982,120526,113674
1766327497.8424215,120806,113813
1766327497.8534572,120806,113813
1766327497.8644898,120570,113692
1766327497.8755162,120862,113864
1766327497.886528,120862,113864
1766327497.8976068,120862,113864
1766327497.9086413,120690,113745
1766327497.919674,120921,113848
1766327497.9307253,120921,113848
1766327497.9417677,120921,113848
1766327497.9528086,120942,113871
1766327497.9638531,120942,113871
1766327497.974919,120942,113871
1766327497.9859605,120799,113794
1766327497.9969974,120674,113760
1766327498.0080423,120674,113760
1766327498.0191083,120674,113760
1766327498.0301838,120834,113801
1766327498.0412238,120285,113560
1766327498.052261,120285,113560
1766327498.063312,120530,113653
1766327498.0743735,120158,113514
1766327498.085416,120158,113514
1766327498.0964544,120158,113514
1766327498.1075037,120152,113473
1766327498.1185668,120148,113498
1766327498.129643,120148,113498
1766327498.1406806,120148,113498
1766327498.1517205,120228,113560
1766327498.1627548,120228,113560
1766327498.173808,120228,113560
1766327498.1848583,119931,113379
1766327498.1959925,120417,113646
1766327498.207038,120417,113646
1766327498.218119,120417,113646
1766327498.2292204,119950,113386
1766327498.2402701,120503,113678
1766327498.2513113,120503,113678
1766327498.262347,120028,113450
1766327498.2734032,120488,113672
1766327498.2844453,120488,113672
1766327498.295488,120488,113672
1766327498.3065379,120149,113483
1766327498.3175998,120491,113675
1766327498.3286428,120491,113675
1766327498.3396828,120491,113512
1766327498.3507493,120536,113692
1766327498.3617907,120536,113692
1766327498.3728633,120536,113692
1766327498.3839507,120156,113484
1766327498.3949914,120621,113748
1766327498.4060285,120621,113748
1766327498.4171252,120621,113748
1766327498.4281857,120224,113506
1766327498.439256,120670,113751
1766327498.450292,120670,113751
1766327498.4613278,120289,113580
1766327498.4723828,120738,113789
1766327498.4834256,120738,113789
1766327498.4944632,120738,113789
1766327498.5054984,120391,113588
1766327498.5165641,120824,113840
1766327498.5276093,120824,113840
1766327498.5386887,120507,113641
1766327498.5497308,120863,113828
1766327498.5607727,120863,113828
1766327498.57184,120863,113828
1766327498.5828826,120559,113668
1766327498.5943966,120918,113862
1766327498.6055045,120918,113862
1766327498.6165462,120918,113862
1766327498.6275811,120589,113690
1766327498.6386383,120828,113820
1766327498.6496665,120828,113820
1766327498.6607292,120681,113700
1766327498.6717515,120465,113633
1766327498.6827743,120465,113633
1766327498.6937962,120465,113633
1766327498.7048168,120693,113725
1766327498.7158942,120171,113526
1766327498.7269146,120171,113526
1766327498.7379582,120387,113557
1766327498.7490444,120070,113459
1766327498.7600842,120070,113459
1766327498.771126,120070,113459
1766327498.7821603,119983,113367
1766327498.7931895,120114,113494
1766327498.8042254,120114,113494
1766327498.8154407,120114,113494
1766327498.8267412,119777,113298
1766327498.837802,120165,113519
1766327498.8488503,120165,113519
1766327498.8598833,119752,113289
1766327498.8709092,120314,113582
1766327498.8819292,120314,113582
1766327498.8929486,120314,113582
1766327498.9039686,119771,113279
1766327498.915049,120376,113617
1766327498.92607,120376,113617
1766327498.9371123,119877,113348
1766327498.9481313,120329,113584
1766327498.9592056,120329,113584
1766327498.9702475,120329,113584
1766327498.9812863,119989,113379
1766327498.992323,120387,113611
1766327499.0033615,120387,113611
1766327499.0143957,120387,113611
1766327499.0254335,120047,113416
1766327499.036468,120430,113639
1766327499.0474992,120430,113639
1766327499.0585525,120017,113396
1766327499.0695922,120526,113674
1766327499.080632,120526,113674
1766327499.0917125,120526,113674
1766327499.1027496,120075,113421
1766327499.1138353,120570,113692
1766327499.1248772,120570,113692
1766327499.1359146,120196,113484
1766327499.1469493,120690,113745
1766327499.1579843,120690,113745
1766327499.1690261,120690,113745
1766327499.180062,120295,113515
1766327499.1911063,120710,113733
1766327499.2022538,120710,113733
1766327499.2133064,120710,113733
1766327499.2243483,120397,113562
1766327499.2353914,120799,113794
1766327499.246435,120799,113794
1766327499.2574687,120485,113595
1766327499.2685142,120834,113801
1766327499.2795525,120834,113801
1766327499.2905867,120834,113801
1766327499.301626,120554,113634
1766327499.3127224,120530,113653
1766327499.3237662,120530,113653
1766327499.3348076,120612,113677
1766327499.3458421,120152,113473
1766327499.356884,120152,113473
1766327499.3679614,120152,113473
1766327499.3790014,120670,113683
1766327499.39004,119942,113365
1766327499.4011219,119942,113365
1766327499.412182,119942,113365
1766327499.423217,120616,113654
1766327499.4342897,119931,113379
1766327499.4455073,119931,113379
1766327499.4567573,120198,113444
1766327499.4680314,119950,113386
1766327499.4792182,119950,113386
1766327499.4903212,119950,113386
1766327499.5014296,119873,113278
1766327499.512567,120028,113450
1766327499.5237134,120028,113450
1766327499.5349078,119742,113267
1766327499.5463204,120149,113483
1766327499.5577636,120149,113483
1766327499.569055,120149,113483
1766327499.5802772,119736,113239
1766327499.591616,120182,113512
1766327499.6027818,120182,113512
1766327499.6139684,119754,113261
1766327499.625179,120156,113484
1766327499.6368356,120156,113484
1766327499.6479094,120156,113484
1766327499.658989,119939,113341
1766327499.6700592,120224,113506
1766327499.6810398,120224,113506
1766327499.6920052,120026,113406
1766327499.7029593,120289,113580
1766327499.7139633,120289,113580
1766327499.7249267,120289,113580
1766327499.7358797,120024,113378
1766327499.7468333,120391,113588
1766327499.7577896,120391,113588
1766327499.7687528,120391,113588
1766327499.7797077,120038,113383
1766327499.7906785,120507,113641
1766327499.8016384,120507,113641
1766327499.812762,120101,113434
1766327499.8238206,120559,113668
1766327499.8347814,120559,113668
1766327499.845809,120559,113668
1766327499.8567739,120215,113458
1766327499.8677409,120589,113690
1766327499.878699,120589,113690
1766327499.889736,120589,113532
1766327499.9007056,120681,113700
1766327499.9116921,120681,113700
1766327499.9226608,120681,113700
1766327499.9336169,120432,113565
1766327499.9445705,120693,113725
1766327499.9555237,120693,113725
1766327499.966675,120693,113725
1766327499.9777484,120507,113596
1766327499.988831,120387,113557
1766327499.9997957,120387,113557
1766327500.01078,120531,113590
1766327500.0217538,119983,113367
1766327500.032707,119983,113367
1766327500.0436609,119983,113367
1766327500.0546143,120626,113651
1766327500.0655751,119777,113298
1766327500.07653,119777,113298
1766327500.087481,119777,113298
1766327500.0984316,120698,113693
1766327500.1094158,119752,113289
1766327500.1203787,119752,113289
1766327500.1313322,120636,113649
1766327500.1422966,119771,113279
1766327500.153249,119771,113279
1766327500.1642115,119771,113279
1766327500.1751688,120254,113444
1766327500.1861217,119877,113348
1766327500.1971397,119877,113348
1766327500.2080984,119874,113281
1766327500.219069,119989,113379
1766327500.2300286,119989,113379
1766327500.240982,119989,113379
1766327500.251934,119817,113257
1766327500.2628882,120047,113416
1766327500.273856,120047,113416
1766327500.2848105,120047,113416
1766327500.295762,119837,113264
1766327500.3067267,120017,113396
1766327500.3177087,120017,113396
1766327500.328664,119869,113273
1766327500.339617,120075,113421
1766327500.3505716,120075,113421
1766327500.361523,120075,113421
1766327500.372482,120075,113376
1766327500.3834352,120196,113484
1766327500.394389,120196,113484
1766327500.4053414,120196,113484
1766327500.4163005,120137,113423
1766327500.4272532,120295,113515
1766327500.4382045,120295,113515
1766327500.4491563,120094,113375
1766327500.4601076,120397,113562
1766327500.4710655,120397,113562
1766327500.4820187,120397,113562
1766327500.4929867,120108,113401
1766327500.5039392,120485,113595
1766327500.5149333,120485,113595
1766327500.5258865,120210,113453
1766327500.5368395,120554,113634
1766327500.547792,120554,113634
1766327500.5587435,120554,113634
1766327500.569702,120286,113479
1766327500.5806565,120612,113677
1766327500.5916972,120612,113677
1766327500.6027021,120612,113677
1766327500.613667,120381,113521
1766327500.6246367,120670,113683
1766327500.635591,120670,113683
1766327500.6466143,120441,113538
1766327500.657579,120616,113654
1766327500.668536,120616,113654
1766327500.6794865,120616,113654
1766327500.690446,120532,113583
1766327500.7014008,120198,113444
1766327500.712419,120198,113444
1766327500.7233837,120198,113444
1766327500.7343402,120600,113633
1766327500.7452924,119873,113278
1766327500.756246,119873,113278
1766327500.7671988,120635,113626
1766327500.778153,119742,113267
1766327500.7891035,119742,113267
1766327500.800057,119742,113267
1766327500.811165,120686,113648
1766327500.8222265,119736,113239
1766327500.833184,119736,113239
1766327500.8442295,120663,113626
1766327500.8551948,119754,113261
1766327500.8661604,119754,113261
1766327500.8771179,119754,113261
1766327500.8880708,120363,113479
1766327500.8990226,119939,113341
1766327500.9100056,119939,113341
1766327500.9209683,119939,113341
1766327500.9319215,119948,113283
1766327500.942874,120026,113406
1766327500.9538252,120026,113406
1766327500.9647818,119795,113229
1766327500.9757364,120024,113378
1766327500.9866886,120024,113378
1766327500.9976394,120024,113378
1766327501.0085921,119804,113235
1766327501.0195487,120038,113383
1766327501.0305016,120038,113383
1766327501.0414526,120038,113383
1766327501.0524058,119873,113286
1766327501.0633616,120101,113434
1766327501.0743208,120101,113434
1766327501.0852745,119982,113324
1766327501.0962265,120215,113458
1766327501.1072009,120215,113458
1766327501.118183,120215,113458
1766327501.1291385,120071,113362
1766327501.140091,120343,113532
1766327501.1510437,120343,113532
1766327501.1619935,120036,113358
1766327501.1729531,120432,113565
1766327501.1839058,120432,113565
1766327501.1948764,120432,113565
1766327501.2058365,120055,113359
1766327501.2167974,120507,113596
1766327501.227756,120507,113596
1766327501.238709,120507,113596
1766327501.2496605,120106,113371
1766327501.260612,120531,113590
1766327501.271568,120531,113590
1766327501.2825212,120158,113396
1766327501.2934763,120626,113651
1766327501.304429,120626,113651
1766327501.3154137,120626,113651
1766327501.3263693,120303,113466
1766327501.3373215,120698,113693
1766327501.348274,120698,113693
1766327501.3592262,120698,113693
1766327501.3701873,120410,113511
1766327501.3811407,120636,113649
1766327501.3920927,120636,113649
1766327501.4030435,120476,113524
1766327501.414,120254,113444
1766327501.4249556,120254,113444
1766327501.4359074,120254,113444
1766327501.4468591,120532,113563
1766327501.4578094,119874,113281
1766327501.4687693,119874,113281
1766327501.479721,120625,113625
1766327501.4906716,119817,113257
1766327501.501622,119817,113257
1766327501.5126061,119817,113257
1766327501.523569,120643,113614
1766327501.5346663,119837,113264
1766327501.5457366,119837,113264
1766327501.5567987,119837,113264
1766327501.5677748,120696,113641
1766327501.578734,119869,113273
1766327501.5897205,119869,113273
1766327501.6007526,120519,113533
1766327501.6117167,120075,113376
1766327501.622689,120075,113376
1766327501.6336448,120075,113376
1766327501.6445975,120037,113310
1766327501.655548,120137,113423
1766327501.6665092,120137,113423
1766327501.6774623,120137,113423
1766327501.6884146,119807,113230
1766327501.6993685,120094,113375
1766327501.7103565,120094,113375
1766327501.7213342,119726,113182
1766327501.7322893,120108,113401
1766327501.743241,120108,113401
1766327501.7541919,120108,113401
1766327501.76515,119727,113173
1766327501.776102,120210,113453
1766327501.787054,120210,113453
1766327501.7980044,119762,113208
1766327501.8089588,120286,113479
1766327501.8200138,120286,113479
1766327501.8309786,120286,113479
1766327501.841935,119920,113273
1766327501.8529353,120381,113521
1766327501.8639216,120381,113521
1766327501.8748891,120381,113521
1766327501.8858445,119992,113298
1766327501.8968222,120441,113538
1766327501.9077983,120441,113538
1766327501.918784,119943,113286
1766327501.9297402,120532,113583
1766327501.9406931,120532,113583
1766327501.9516444,120532,113583
1766327501.962597,119993,113307
1766327501.9735575,120600,113633
1766327501.9845107,120600,113633
1766327501.9954622,120600,113633
1766327502.006415,120118,113376
1766327502.017373,120635,113626
1766327502.0283275,120635,113626
1766327502.03928,120195,113390
1766327502.0502322,120686,113648
1766327502.0611866,120686,113648
1766327502.0722392,120686,113648
1766327502.0831966,120299,113438
1766327502.094152,120663,113626
1766327502.1051042,120663,113626
1766327502.1160898,120376,113469
1766327502.1270478,120363,113479
1766327502.1379995,120363,113479
1766327502.1489506,120363,113479
1766327502.1599026,120481,113513
1766327502.170866,119948,113283
1766327502.181819,119948,113283
1766327502.19277,119948,113283
1766327502.2037213,120544,113546
1766327502.2146764,119795,113229
1766327502.2256422,119795,113229
1766327502.2365959,120563,113537
1766327502.2475643,119804,113235
1766327502.2585168,119804,113235
1766327502.269475,119804,113235
1766327502.28043,120664,113602
1766327502.2913818,119873,113286
1766327502.3023334,119873,113286
1766327502.3133173,119873,113286
1766327502.3242838,120727,113637
1766327502.3352385,119982,113324
1766327502.346191,119982,113324
1766327502.357146,120495,113501
1766327502.3681073,120071,113362
1766327502.379061,120071,113362
1766327502.3900125,120071,113362
1766327502.400964,120001,113260
1766327502.4119153,120036,113358
1766327502.422872,120036,113358
1766327502.4338243,119799,113193
1766327502.4447753,120055,113359
1766327502.4557261,120055,113359
1766327502.4666834,120055,113359
1766327502.4776359,119748,113167
1766327502.4885879,120106,113371
1766327502.4995382,120106,113371
1766327502.5105143,120106,113371
1766327502.5214777,119767,113183
1766327502.5324316,120158,113396
1766327502.543383,120158,113396
1766327502.5543342,119842,113208
1766327502.5652945,120303,113466
1766327502.5762477,120303,113466
1766327502.5872126,120303,113466
1766327502.5982652,120016,113292
1766327502.6092293,120410,113511
1766327502.6201987,120410,113511
1766327502.631152,120410,113511
1766327502.642109,120058,113317
1766327502.6530614,120476,113524
1766327502.6640174,120476,113524
1766327502.6749735,120065,113289
1766327502.6859272,120532,113563
1766327502.6968796,120532,113563
1766327502.7078593,120532,113563
1766327502.7188413,120098,113322
1766327502.7297997,120625,113625
1766327502.7407527,120625,113625
1766327502.751704,120198,113381
1766327502.7626555,120643,113614
1766327502.7736177,120643,113614
1766327502.7845714,120643,113614
1766327502.7955225,120292,113410
1766327502.8064735,120696,113641
1766327502.8175998,120696,113641
1766327502.8286443,120696,113641
1766327502.8396108,120392,113461
1766327502.8505712,120519,113533
1766327502.8615372,120519,113533
1766327502.8725097,120434,113476
1766327502.8834634,120037,113310
1766327502.8944178,120037,113310
1766327502.9053695,120037,113310
1766327502.916365,120565,113539
1766327502.927318,119807,113230
1766327502.938286,119807,113230
1766327502.9492388,119807,113230
1766327502.9601908,120635,113580
1766327502.971163,119726,113182
1766327502.982116,119726,113182
1766327502.9930716,120664,113572
1766327503.0040247,119727,113173
1766327503.0149863,119727,113173
1766327503.0259392,119727,113173
1766327503.0368912,120731,113606
1766327503.0479186,119762,113208
1766327503.058875,119762,113208
1766327503.069841,120760,113623
1766327503.0807977,119920,113273
1766327503.09175,119920,113273
1766327503.102702,119920,113273
1766327503.1136844,120531,113510
1766327503.124651,119992,113298
1766327503.1356056,119992,113298
1766327503.146557,119992,113298
1766327503.1575096,120062,113295
1766327503.1684682,119943,113286
1766327503.1794188,119943,113286
1766327503.190439,119859,113185
1766327503.2013962,119993,113307
1766327503.212351,119993,113307
1766327503.2233255,119993,113307
1766327503.234281,119885,113210
1766327503.2452352,120118,113376
1766327503.2561882,120118,113376
1766327503.2672734,120118,113376
1766327503.278431,119951,113261
1766327503.2932093,120195,113390
1766327503.3042924,120195,113390
1766327503.3153868,120074,113311
1766327503.3264897,120299,113438
1766327503.337572,120299,113438
1766327503.3487842,120190,113353
1766327503.3599105,120376,113469
1766327503.3710268,120376,113469
1766327503.3821883,120376,113469
1766327503.3972318,120245,113381
1766327503.4083292,120481,113513
1766327503.4195156,120481,113513
1766327503.4307935,120238,113361
1766327503.441767,120544,113546
1766327503.452728,120544,113546
1766327503.4636889,120544,113546
1766327503.4746451,120300,113407
1766327503.4855995,120563,113537
1766327503.4965549,120563,113537
1766327503.507507,120359,113423
1766327503.5184762,120664,113602
1766327503.5294292,120664,113602
1766327503.5403814,120664,113602
1766327503.551333,120498,113505
1766327503.5622878,120727,113637
1766327503.573241,120727,113637
1766327503.584193,120727,113637
1766327503.5953135,120609,113546
1766327503.6062844,120495,113501
1766327503.6172452,120495,113501
1766327503.6282017,120655,113605
1766327503.6391551,120001,113260
1766327503.6502287,120001,113260
1766327503.6611865,120001,113260
1766327503.67214,120718,113594
1766327503.6830952,119799,113193
1766327503.6940475,119799,113193
1766327503.7050025,119799,113193
1766327503.7159665,120737,113604
1766327503.7269204,119748,113167
1766327503.7378724,119748,113167
1766327503.748824,120830,113644
1766327503.7597802,119767,113183
1766327503.770734,119767,113183
1766327503.7816863,119767,113183
1766327503.792639,120875,113673
1766327503.80359,119842,113208
1766327503.8147173,119842,113208
1766327503.8257751,120786,113613
1766327503.8367364,120016,113292
1766327503.847692,120016,113292
1766327503.858656,120016,113292
1766327503.869627,120407,113436
1766327503.8805811,120058,113317
1766327503.8915343,120058,113317
1766327503.902486,120058,113317
1766327503.9135346,120049,113273
1766327503.924503,120065,113289
1766327503.9354575,120065,113289
1766327503.9464135,119985,113268
1766327503.957367,120098,113322
1766327503.9683285,120098,113322
1766327503.9792802,120098,113322
1766327503.990233,120025,113276
1766327504.0012069,120198,113381
1766327504.0121639,120198,113381
1766327504.023122,120198,113381
1766327504.0340757,120292,113410
1766327504.045043,120292,113410
1766327504.0559962,120292,113410
1766327504.0669534,120272,113393
1766327504.077906,120392,113461
1766327504.0888584,120392,113461
1766327504.0998132,120392,113461
1766327504.1107724,120341,113425
1766327504.1217484,120434,113476
1766327504.1327028,120434,113476
1766327504.143655,120346,113429
1766327504.154607,120565,113539
1766327504.165565,120565,113539
1766327504.176519,120565,113539
1766327504.1874712,120362,113430
1766327504.1984224,120635,113580
1766327504.2093735,120635,113580
1766327504.2203429,120635,113580
1766327504.231294,120432,113473
1766327504.2422476,120664,113572
1766327504.2531996,120664,113572
1766327504.2641613,120541,113541
1766327504.2751167,120731,113606
1766327504.2860694,120731,113606
1766327504.297034,120731,113606
1766327504.3079863,120617,113551
1766327504.3189561,120760,113623
1766327504.3299112,120760,113623
1766327504.3408637,120760,113623
1766327504.351831,120672,113571
1766327504.3627906,120531,113510
1766327504.3737507,120531,113510
1766327504.384704,120760,113619
1766327504.3956554,120062,113295
1766327504.4066072,120062,113295
1766327504.417564,120062,113295
1766327504.428518,120819,113635
1766327504.4394686,119859,113185
1766327504.4504213,119859,113185
1766327504.4613721,120842,113629
1766327504.4723287,119885,113210
1766327504.4832811,119885,113210
1766327504.4942322,119885,113210
1766327504.505183,120925,113683
1766327504.5161767,119951,113261
1766327504.5271335,119951,113261
1766327504.5380852,119951,113261
1766327504.5490456,120909,113658
1766327504.5599966,120074,113311
1766327504.5710032,120074,113311
1766327504.5820477,120484,113475
1766327504.593225,120190,113353
1766327504.604347,120190,113353
1766327504.6154099,120190,113353
1766327504.6264558,120098,113293
1766327504.6374917,120245,113381
1766327504.648532,120245,113381
1766327504.6597118,120009,113277
1766327504.670985,120238,113361
1766327504.6820261,120238,113361
1766327504.6931095,120238,113361
1766327504.7041912,119978,113265
1766327504.7152746,120300,113407
1766327504.7263026,120300,113407
1766327504.7373257,120300,113407
1766327504.7483497,120007,113285
1766327504.759372,120359,113423
1766327504.7703946,120359,113423
1766327504.7814505,120172,113333
1766327504.7924924,120498,113505
1766327504.8035352,120498,113505
1766327504.8147516,120498,113505
1766327504.8259912,120294,113397
1766327504.837104,120609,113546
1766327504.8481884,120609,113546
1766327504.85923,120283,113401
1766327504.8702736,120655,113605
1766327504.8812904,120655,113605
1766327504.892298,120655,113605
1766327504.903303,120303,113401
1766327504.9143598,120718,113594
1766327504.9253705,120718,113594
1766327504.9363785,120718,113594
1766327504.947388,120329,113435
1766327504.958394,120737,113604
1766327504.969402,120737,113604
1766327504.9804664,120458,113455
1766327504.9915092,120830,113644
1766327505.0025473,120830,113644
1766327505.013618,120830,113644
1766327505.02466,120552,113520
1766327505.035703,120875,113673
1766327505.0467763,120875,113673
1766327505.0578496,120586,113530
1766327505.0688937,120786,113613
1766327505.0799334,120786,113613
1766327505.0910041,120786,113613
1766327505.1020412,120693,113585
1766327505.1132426,120407,113436
1766327505.1243176,120407,113436
1766327505.1353695,120407,113436
1766327505.1464126,120753,113621
1766327505.1574523,120049,113273
1766327505.168512,120049,113273
1766327505.1795604,120798,113631
1766327505.190627,119985,113268
1766327505.2017179,119985,113268
1766327505.2127593,119985,113268
1766327505.2238317,120851,113658
1766327505.234886,120025,113276
1766327505.24597,120025,113276
1766327505.2570493,120848,113663
1766327505.2681267,120077,113290
1766327505.2791686,120077,113290
1766327505.2902114,120077,113290
1766327505.3012893,120439,113462
1766327505.3123333,120272,113393
1766327505.323411,120272,113393
1766327505.334455,120272,113393
1766327505.3454957,120044,113289
1766327505.3565764,120341,113425
1766327505.36765,120341,113425
1766327505.3786943,119912,113222
1766327505.3897424,120346,113429
1766327505.400845,120346,113429
1766327505.4119053,120346,113429
1766327505.422966,119908,113218
1766327505.4340067,120362,113430
1766327505.4450455,120362,113430
1766327505.456086,119918,113224
1766327505.4671369,120432,113473
1766327505.4781766,120432,113473
1766327505.4892132,120432,113473
1766327505.5002527,120098,113310
1766327505.5113063,120541,113541
1766327505.5224402,120541,113541
1766327505.5334895,120541,113541
1766327505.5445297,120541,113541
1766327505.5555701,120617,113551
1766327505.5666258,120617,113551
1766327505.5776696,120235,113375
1766327505.5887084,120672,113571
1766327505.5998912,120672,113571
1766327505.6109593,120672,113571
1766327505.6220186,120244,113388
1766327505.6330473,120760,113619
1766327505.6440773,120760,113619
1766327505.6551633,120275,113392
1766327505.6662085,120819,113635
1766327505.6772292,120819,113635
1766327505.6882532,120819,113635
1766327505.699268,120411,113458
1766327505.7102933,120842,113629
1766327505.72138,120842,113629
1766327505.7324295,120842,113629
1766327505.7434762,120925,113683
1766327505.7545457,120925,113683
1766327505.765604,120925,113683
1766327505.7766497,120595,113538
1766327505.7876916,120909,113658
1766327505.798724,120909,113658
1766327505.8097677,120909,113658
1766327505.8210776,120669,113568
1766327505.832261,120484,113475
1766327505.8433084,120484,113475
1766327505.854354,120738,113615
1766327505.8654108,120098,113293
1766327505.8764503,120098,113293
1766327505.8874898,120098,113293
1766327505.8985295,120790,113617
1766327505.9095712,120009,113277
1766327505.9206076,120009,113277
1766327505.931614,120875,113672
1766327505.9426193,119978,113265
1766327505.9536226,119978,113265
1766327505.9646323,119978,113265
1766327505.975672,120884,113660
1766327505.9866805,120007,113285
1766327505.9976845,120007,113285
1766327506.0086906,120007,113285
1766327506.0197313,120637,113528
1766327506.0307646,120172,113333
1766327506.0417976,120172,113333
1766327506.0528374,120178,113340
1766327506.06388,120294,113397
1766327506.0749154,120294,113397
1766327506.0859487,120294,113397
1766327506.096984,120017,113251
1766327506.1080556,120283,113401
1766327506.1191106,120283,113401
1766327506.1301463,120283,113269
1766327506.1411824,120303,113401
1766327506.1522186,120303,113401
1766327506.1632571,120303,113401
1766327506.1742947,120049,113295
1766327506.185329,120329,113435
1766327506.196368,120329,113435
1766327506.207407,120329,113435
1766327506.218466,120221,113348
1766327506.229507,120458,113455
1766327506.2405481,120458,113455
1766327506.2515898,120330,113444
1766327506.2626264,120552,113520
1766327506.273781,120552,113520
1766327506.2848353,120552,113520
1766327506.2958684,120361,113427
1766327506.3069098,120586,113530
1766327506.3180146,120586,113530
1766327506.3290653,120405,113462
1766327506.3401015,120693,113585
1766327506.3511438,120693,113585
1766327506.3621814,120693,113585
1766327506.3732207,120419,113458
1766327506.3842568,120753,113621
1766327506.395294,120753,113621
1766327506.4063234,120753,113621
1766327506.4174004,120538,113497
1766327506.4284408,120798,113631
1766327506.4394782,120798,113631
1766327506.4505131,120602,113562
1766327506.4615777,120851,113658
1766327506.472621,120851,113658
1766327506.483666,120851,113658
1766327506.4947011,120696,113573
1766327506.505736,120848,113663
1766327506.5167887,120848,113663
1766327506.5278254,120794,113644
1766327506.538861,120439,113462
1766327506.5498948,120439,113462
1766327506.560932,120439,113462
1766327506.5719695,120812,113632
1766327506.583004,120044,113289
1766327506.594209,120044,113289
1766327506.6053243,120044,113289
1766327506.6163685,120861,113644
1766327506.6273968,119912,113222
1766327506.638417,119912,113222
1766327506.6494346,120907,113674
1766327506.6604528,119908,113218
1766327506.6714764,119908,113218
1766327506.6824937,119908,113218
1766327506.693509,120906,113663
1766327506.7045314,119918,113224
1766327506.715567,119918,113224
1766327506.7266266,120619,113548
1766327506.7376685,120098,113310
1766327506.7487082,120098,113310
1766327506.7597454,120098,113310
1766327506.7707846,120225,113351
1766327506.7818232,120541,113541
1766327506.7928572,120541,113541
1766327506.8038952,120541,113541
1766327506.8150697,120139,113299
1766327506.8262548,120235,113375
1766327506.8373752,120235,113375
1766327506.848404,120144,113322
1766327506.8595302,120244,113388
1766327506.8705652,120244,113388
1766327506.8815875,120244,113388
1766327506.8926058,120238,113374
1766327506.903628,120275,113392
1766327506.9146621,120275,113392
1766327506.9257717,120373,113428
1766327506.9368117,120411,113458
1766327506.9478521,120411,113458
1766327506.9588854,120411,113458
1766327506.9699302,120469,113471
1766327506.981156,120473,113469
1766327506.992327,120473,113469
1766327507.0034509,120473,113469
1766327507.0145774,120435,113475
1766327507.027397,120595,113538
1766327507.0387194,120595,113538
1766327507.0505683,120465,113467
1766327507.061655,120669,113568
1766327507.0727544,120669,113568
1766327507.0838406,120669,113568
1766327507.094966,120738,113615
1766327507.1060967,120738,113615
1766327507.117204,120738,113615
1766327507.1283014,120614,113535
1766327507.1394033,120790,113617
1766327507.150489,120790,113617
1766327507.161572,120790,113617
1766327507.172674,120727,113576
1766327507.183912,120875,113672
1766327507.1972826,120875,113672
1766327507.208358,120765,113624
1766327507.219425,120884,113660
1766327507.230384,120884,113660
1766327507.2413483,120884,113660
1766327507.2523084,120819,113638
1766327507.2632656,120637,113528
1766327507.2742236,120637,113528
1766327507.2851791,120863,113657
1766327507.296132,120178,113340
1766327507.3070846,120178,113340
1766327507.3180556,120178,113340
1766327507.3290105,120899,113652
1766327507.3399627,120017,113251
1766327507.3509157,120017,113251
1766327507.3618703,120017,113251
1766327507.3728263,120017,113251
1766327507.383778,120018,113269
1766327507.3947294,120018,113269
1766327507.4056818,120823,113626
1766327507.4166336,120049,113295
1766327507.4275844,120049,113295
1766327507.4385395,120049,113295
1766327507.4494936,120401,113424
1766327507.4604461,120221,113348
1766327507.4714043,120221,113348
1766327507.4823565,120100,113267
1766327507.4933069,120330,113444
1766327507.5042584,120330,113444
1766327507.515219,120330,113444
1766327507.5261915,120042,113264
1766327507.5371456,120361,113427
1766327507.5480971,120361,113427
1766327507.5590484,120361,113427
1766327507.5700002,120090,113274
1766327507.5809522,120405,113462
1766327507.59198,120405,113462
1766327507.6029887,120151,113350
1766327507.6139512,120419,113458
1766327507.624911,120419,113458
1766327507.6358635,120419,113458
1766327507.646816,120287,113390
1766327507.6577816,120538,113497
1766327507.668737,120538,113497
1766327507.679691,120538,113497
1766327507.6906433,120318,113393
1766327507.701601,120602,113562
1766327507.7125542,120602,113562
1766327507.7235231,120327,113399
1766327507.7344775,120696,113573
1766327507.7454295,120696,113573
1766327507.7563846,120696,113573
1766327507.767336,120352,113406
1766327507.778288,120794,113644
1766327507.78924,120794,113644
1766327507.8001916,120379,113409
1766327507.8111424,120812,113632
1766327507.822202,120812,113632
1766327507.8332365,120812,113632
1766327507.8441932,120510,113474
1766327507.8552265,120861,113644
1766327507.8662062,120861,113644
1766327507.8771799,120861,113644
1766327507.888134,120603,113520
1766327507.8990853,120907,113674
1766327507.9100363,120907,113674
1766327507.9210155,120668,113566
1766327507.9319701,120906,113663
1766327507.9429207,120906,113663
1766327507.953877,120906,113663
1766327507.964836,120733,113579
1766327507.9757879,120619,113548
1766327507.9867387,120619,113548
1766327507.9976902,120619,113548
1766327508.0086439,120753,113604
1766327508.0196013,120225,113351
1766327508.0305543,120225,113351
1766327508.0415063,120842,113627
1766327508.0524583,120139,113299
1766327508.0634103,120139,113299
1766327508.0743651,120139,113299
1766327508.0853174,120890,113645
1766327508.0962687,120144,113322
1766327508.1072197,120144,113322
1766327508.118186,120792,113581
1766327508.1291387,120238,113374
1766327508.1400902,120238,113374
1766327508.1510417,120238,113374
1766327508.161993,120421,113418
1766327508.1729512,120373,113428
1766327508.1839042,120373,113428
1766327508.1949258,120373,113428
1766327508.2058845,120073,113256
1766327508.216868,120469,113471
1766327508.2278461,120469,113471
1766327508.2388015,119922,113213
1766327508.2497547,120435,113475
1766327508.260706,120435,113475
1766327508.271677,120435,113475
1766327508.2826326,119918,113204
1766327508.2935865,120465,113467
1766327508.304538,120465,113467
1766327508.3155136,120465,113467
1766327508.3264713,119966,113229
1766327508.3374357,120493,113471
1766327508.348389,120493,113471
1766327508.3593414,120089,113283
1766327508.3703046,120614,113535
1766327508.381264,120614,113535
1766327508.3922174,120614,113535
1766327508.4031708,120185,113335
1766327508.414128,120727,113576
1766327508.4250844,120727,113576
1766327508.4360366,120169,113317
1766327508.4469886,120765,113624
1766327508.4579475,120765,113624
1766327508.46891,120765,113624
1766327508.4798613,120203,113342
1766327508.4908135,120819,113638
1766327508.501764,120819,113638
1766327508.5127153,120819,113638
1766327508.5236924,120280,113367
1766327508.5346465,120863,113657
1766327508.5455985,120863,113657
1766327508.5565488,120342,113380
1766327508.5675218,120899,113652
1766327508.5784752,120899,113652
1766327508.5894523,120899,113652
1766327508.600485,120459,113453
1766327508.6114478,120017,113251
1766327508.622425,120017,113251
1766327508.6333802,120017,113251
1766327508.6443346,120566,113509
1766327508.6552877,120823,113626
1766327508.6662514,120823,113626
1766327508.6772056,120603,113517
1766327508.688158,120401,113424
1766327508.6991112,120401,113424
1766327508.7100642,120401,113424
1766327508.7210631,120673,113546
1766327508.732019,120100,113267
1766327508.742971,120100,113267
1766327508.753922,120698,113563
1766327508.7648807,120042,113264
1766327508.7758353,120042,113264
1766327508.7867877,120042,113264
1766327508.797739,120791,113598
1766327508.8086908,120090,113274
1766327508.81979,120090,113274
1766327508.8308418,120090,113274
1766327508.8418012,120843,113605
1766327508.8527548,120151,113350
1766327508.863719,120151,113350
1766327508.8747623,120612,113509
1766327508.885722,120287,113390
1766327508.8966758,120287,113390
1766327508.9076314,120287,113390
1766327508.918631,120161,113299
1766327508.9295886,120318,113393
1766327508.9405425,120318,113393
1766327508.951494,120318,113393
1766327508.9624457,119931,113195
1766327508.9734254,120327,113399
1766327508.9843874,120327,113399
1766327508.9953403,119878,113178
1766327509.0062938,120352,113406
1766327509.0172565,120352,113406
1766327509.028211,120352,113406
1766327509.0391657,119901,113183
1766327509.0501192,120379,113409
1766327509.0610714,120379,113409
1766327509.0720327,119971,113208
1766327509.0829856,120510,113474
1766327509.0939376,120510,113474
1766327509.1048899,120510,113474
1766327509.1158552,120145,113303
1766327509.1268206,120603,113520
1766327509.1377826,120603,113520
1766327509.1487358,120603,113520
1766327509.1596854,120208,113328
1766327509.1706452,120668,113566
1766327509.1815972,120668,113566
1766327509.1925495,120172,113304
1766327509.203501,120733,113579
1766327509.2144582,120733,113579
1766327509.2254195,120733,113579
1766327509.236374,120242,113341
1766327509.2473257,120753,113604
1766327509.258277,120753,113604
1766327509.2692494,120753,113604
1766327509.2802036,120335,113402
1766327509.291156,120842,113627
1766327509.302107,120842,113627
1766327509.3130581,120431,113416
1766327509.3240268,120890,113645
1766327509.3349812,120890,113645
1766327509.3459327,120890,113645
1766327509.3568852,120515,113466
1766327509.367845,120792,113581
1766327509.378798,120792,113581
1766327509.3897495,120612,113520
1766327509.4007018,120421,113418
1766327509.4116533,120421,113418
1766327509.4226103,120421,113418
1766327509.433564,120669,113534
1766327509.4445155,120073,113256
1766327509.4554677,120073,113256
1766327509.4664226,120073,113256
1766327509.4773738,120722,113558
1766327509.4883375,119922,113213
1766327509.4992895,119922,113213
1766327509.510241,120758,113569
1766327509.5212135,119918,113204
1766327509.5321686,119918,113204
1766327509.54312,119918,113204
1766327509.5540712,120818,113589
1766327509.5650446,119966,113229
1766327509.575997,119966,113229
1766327509.5869477,119966,113229
1766327509.597981,120539,113480
1766327509.608944,120089,113283
1766327509.619938,120089,113283
1766327509.630896,120140,113246
1766327509.6418498,120185,113335
1766327509.6528022,120185,113335
1766327509.6637585,120185,113335
1766327509.6747139,119958,113197
1766327509.6856658,120169,113317
1766327509.6966186,120169,113317
1766327509.7075713,120169,113204
1766327509.71855,120203,113342
1766327509.7295053,120203,113342
1766327509.7404575,120203,113342
1766327509.7514086,119966,113215
1766327509.7623608,120280,113367
1766327509.7733183,120280,113367
1766327509.7842715,120280,113367
1766327509.7952228,120092,113262
1766327509.806185,120342,113380
1766327509.817298,120342,113380
1766327509.8283546,120239,113344
1766327509.8393111,120459,113453
1766327509.850338,120459,113453
1766327509.861301,120459,113453
1766327509.8722713,120265,113353
1766327509.8832293,120566,113509
1766327509.8941798,120566,113509
1766327509.905137,120566,113509
1766327509.9160967,120250,113346
1766327509.9270632,120603,113517
1766327509.9380152,120603,113517
1766327509.948967,120309,113346
1766327509.9599192,120673,113546
1766327509.9708953,120673,113546
1766327509.98185,120673,113546
1766327509.992979,120376,113409
1766327510.004054,120698,113563
1766327510.0151293,120698,113563
1766327510.0261075,120476,113436
1766327510.0370617,120791,113598
1766327510.048013,120791,113598
1766327510.0589712,120791,113598
1766327510.069936,120558,113489
1766327510.0808918,120843,113605
1766327510.0918436,120843,113605
1766327510.1027951,120843,113605
1766327510.1137507,120634,113510
1766327510.1247232,120612,113509
1766327510.1356766,120612,113509
1766327510.1466286,120667,113509
1766327510.1575837,120161,113299
1766327510.1685479,120161,113299
1766327510.1795013,120161,113299
1766327510.1904526,120753,113562
1766327510.201447,119931,113195
1766327510.2124014,119931,113195
1766327510.2233684,119931,113195
1766327510.234322,120807,113601
1766327510.2452745,119878,113178
1766327510.256226,119878,113178
1766327510.2671833,120595,113484
1766327510.2781367,119901,113183
1766327510.2890885,119901,113183
1766327510.3000398,119901,113183
1766327510.3109903,120159,113275
1766327510.3219893,119971,113208
1766327510.3329456,119971,113208
1766327510.3438988,119952,113204
1766327510.354851,120145,113303
1766327510.3658144,120145,113303
1766327510.376769,120145,113303
1766327510.3877199,119950,113197
1766327510.398672,120208,113328
1766327510.4096255,120208,113328
1766327510.4205837,120208,113328
1766327510.4315362,119998,113214
1766327510.4424887,120172,113304
1766327510.4534414,120172,113304
1766327510.4643977,120101,113259
1766327510.4753525,120242,113341
1766327510.4863043,120242,113341
1766327510.4972565,120242,113341
1766327510.5082204,120276,113347
1766327510.5191948,120335,113402
1766327510.5301595,120335,113402
1766327510.541112,120335,113402
1766327510.5520635,120270,113354
1766327510.5630152,120431,113416
1766327510.5739746,120431,113416
1766327510.5849285,120294,113332
1766327510.5960257,120515,113466
1766327510.6069918,120515,113466
1766327510.6179583,120515,113466
1766327510.6289153,120335,113371
1766327510.639869,120612,113520
1766327510.650896,120612,113520
1766327510.6619537,120425,113422
1766327510.6729534,120669,113534
1766327510.683911,120669,113534
1766327510.6948686,120669,113534
1766327510.705824,120521,113459
1766327510.7167852,120722,113558
1766327510.7277489,120722,113558
1766327510.7387018,120722,113558
1766327510.7496538,120613,113487
1766327510.760605,120758,113569
1766327510.771564,120758,113569
1766327510.782517,120638,113501
1766327510.793468,120818,113589
1766327510.80442,120818,113589
1766327510.8155084,120818,113589
1766327510.8267431,120744,113546
1766327510.8380764,120539,113480
1766327510.8491507,120539,113480
1766327510.8601952,120539,113480
1766327510.871298,120140,113246
1766327510.8823998,120140,113246
1766327510.8934894,120140,113246
1766327510.9045868,120755,113544
1766327510.9156735,119958,113197
1766327510.92677,119958,113197
1766327510.937935,119958,113197
1766327510.9490476,120415,113379
1766327510.9601164,119946,113204
1766327510.9712007,119946,113204
1766327510.98216,120037,113227
1766327510.9931154,119966,113215
1766327511.0040743,119966,113215
1766327511.0150542,119966,113215
1766327511.0260222,119941,113191
1766327511.0369787,120092,113262
1766327511.0479279,120092,113262
1766327511.0588827,120092,113262
1766327511.069842,120239,113344
1766327511.0807986,120239,113344
1766327511.0917525,120239,113344
1766327511.102705,120060,113243
1766327511.1136572,120265,113353
1766327511.1246355,120265,113353
1766327511.1355896,120265,113353
1766327511.1465423,120212,113309
1766327511.1574948,120250,113346
1766327511.1684542,120250,113346
1766327511.1794074,120321,113359
1766327511.19036,120309,113346
1766327511.2013102,120309,113346
1766327511.212263,120309,113346
1766327511.2232287,120262,113340
1766327511.2341824,120376,113409
1766327511.2451332,120376,113409
1766327511.2560847,120376,113409
1766327511.2670405,120277,113344
1766327511.2779937,120476,113436
1766327511.2889464,120476,113436
1766327511.2998977,120339,113371
1766327511.3108487,120558,113489
1766327511.3218212,120558,113489
1766327511.3327756,120558,113489
1766327511.3437307,120440,113415
1766327511.3546827,120634,113510
1766327511.3656557,120634,113510
1766327511.37661,120634,113510
1766327511.3875613,120508,113434
1766327511.3985133,120667,113509
1766327511.4094658,120667,113509
1766327511.4204245,120607,113490
1766327511.4313776,120753,113562
1766327511.4423296,120753,113562
1766327511.4532824,120753,113562
1766327511.4642408,120681,113513
1766327511.4751987,120807,113601
1766327511.4861522,120807,113601
1766327511.4971037,120719,113513
1766327511.508055,120595,113484
1766327511.5190208,120595,113484
1766327511.5299947,120595,113484
1766327511.5409498,120722,113538
1766327511.5519023,120159,113275
1766327511.5629823,120159,113275
1766327511.5740569,120159,113275
1766327511.5851207,120398,113371
1766327511.5962265,119952,113204
1766327511.607195,119952,113204
1766327511.618161,120042,113227
1766327511.6291177,119950,113197
1766327511.6400695,119950,113197
1766327511.6511257,119950,113197
1766327511.6620867,119952,113182
1766327511.673062,119998,113214
1766327511.6840177,119998,113214
1766327511.6949694,119998,113214
1766327511.7059238,120101,113259
1766327511.716913,120101,113259
1766327511.7278824,120101,113259
1766327511.7388427,120101,113259
1766327511.7497962,120276,113347
1766327511.7607477,120276,113347
1766327511.7717068,120276,113347
1766327511.7826602,120257,113330
1766327511.7936122,120270,113354
1766327511.8045633,120270,113354
1766327511.815519,120321,113372
1766327511.8265789,120294,113332
1766327511.837538,120294,113332
1766327511.848495,120294,113332
1766327511.8594525,120279,113329
1766327511.870429,120335,113371
1766327511.8813841,120335,113371
1766327511.8923376,120335,113371
1766327511.90329,120236,113329
1766327511.9142478,120425,113422
1766327511.92522,120425,113422
1766327511.9361749,120335,113341
1766327511.9472203,120521,113459
1766327511.9581726,120521,113459
1766327511.9691377,120521,113459
1766327511.980108,120399,113397
1766327511.9910629,120613,113487
1766327512.002014,120613,113487
1766327512.0130675,120613,113413
1766327512.024036,120638,113501
1766327512.034993,120638,113501
1766327512.0459538,120638,113501
1766327512.056979,120559,113450
1766327512.0679653,120744,113546
1766327512.0789232,120744,113546
1766327512.089876,120744,113546
1766327512.1008286,120615,113479
1766327512.1117816,120755,113552
1766327512.1227794,120755,113552
1766327512.1338243,120647,113511
1766327512.1448789,120755,113544
1766327512.15592,120755,113544
1766327512.1669736,120755,113544
1766327512.1780171,120550,113450
1766327512.1890569,120415,113379
1766327512.2000926,120415,113379
1766327512.211127,120415,113379
1766327512.2221925,120111,113246
1766327512.2332692,120037,113227
1766327512.2443082,120037,113227
1766327512.2553465,119803,113107
1766327512.2664,119941,113191
1766327512.2774413,119941,113191
1766327512.2884753,119941,113191
1766327512.2995138,119748,113084
1766327512.3105466,119952,113172
1766327512.3217275,119952,113172
1766327512.3328438,119795,113103
1766327512.3438876,120060,113243
1766327512.354927,120060,113243
1766327512.3660011,120060,113243
1766327512.3770494,119866,113134
1766327512.3881018,120212,113309
1766327512.3991408,120212,113309
1766327512.4101822,120212,113309
1766327512.4212754,119963,113175
1766327512.4323206,120321,113359
1766327512.4433913,120321,113359
1766327512.4544237,120030,113218
1766327512.4655125,120262,113340
1766327512.4765594,120262,113340
1766327512.487598,120262,113340
1766327512.4986346,120023,113205
1766327512.509672,120277,113344
1766327512.520732,120277,113344
1766327512.5317895,120003,113185
1766327512.5428534,120339,113371
1766327512.5539029,120339,113371
1766327512.5649529,120339,113371
1766327512.5760052,120109,113242
1766327512.5870426,120440,113415
1766327512.5981786,120440,113415
1766327512.609219,120440,113415
1766327512.6202762,120508,113434
1766327512.6313074,120508,113434
1766327512.6423469,120508,113434
1766327512.6533837,120286,113342
1766327512.6644368,120607,113490
1766327512.6754842,120607,113490
1766327512.686521,120607,113490
1766327512.6975567,120352,113356
1766327512.7085974,120681,113513
1766327512.7196577,120681,113513
1766327512.730715,120391,113368
1766327512.7417552,120719,113513
1766327512.752819,120719,113513
1766327512.7638776,120719,113513
1766327512.7749515,120469,113410
1766327512.785988,120722,113538
1766327512.7970254,120722,113538
1766327512.8080645,120722,113538
1766327512.8192606,120398,113371
1766327512.8304667,120398,113371
1766327512.8416035,120398,113371
1766327512.852655,119918,113140
1766327512.863774,120042,113227
1766327512.8748004,120042,113227
1766327512.885807,120042,113227
1766327512.896815,119592,112995
1766327512.9078195,119952,113182
1766327512.9188397,119952,113182
1766327512.9298668,119491,112966
1766327512.940872,119976,113181
1766327512.9518747,119976,113181
1766327512.962943,119976,113181
1766327512.9740129,119463,112954
1766327512.9850585,120101,113259
1766327512.9961004,120101,113259
1766327513.0071356,119498,112979
1766327513.0181894,120257,113330
1766327513.0292277,120257,113330
1766327513.0402665,120257,113330
1766327513.051299,119539,112999
1766327513.0623283,120321,113372
1766327513.073403,120321,113372
1766327513.0844538,120321,113372
1766327513.0954955,119615,113007
1766327513.106531,120279,113329
1766327513.1175902,120279,113329
1766327513.1286817,119533,113005
1766327513.1397216,120236,113329
1766327513.1507561,120236,113329
1766327513.1617892,120236,113329
1766327513.1728568,119495,112979
1766327513.1838965,120335,113341
1766327513.195021,120335,113341
1766327513.2060654,119503,112986
1766327513.2171535,120399,113397
1766327513.2282248,120399,113397
1766327513.2392654,120399,113397
1766327513.2503018,119508,112975
1766327513.2613423,120469,113413
1766327513.2724028,120469,113413
1766327513.2834458,120469,113413
1766327513.2944822,119511,112992
1766327513.3055193,120559,113450
1766327513.3165915,120559,113450
1766327513.3276503,119562,112994
1766327513.3386877,120615,113479
1766327513.349727,120615,113479
1766327513.360773,120615,113479
1766327513.3718388,119583,113013
1766327513.3829572,120647,113511
1766327513.3941414,120647,113511
1766327513.4052563,119568,112987
1766327513.4163964,120550,113450
1766327513.4275177,120550,113450
1766327513.4386384,120550,113450
1766327513.449779,119593,113020
1766327513.4608288,120111,113246
1766327513.4719684,120111,113246
1766327513.4829416,120111,113246
1766327513.493897,119623,113058
1766327513.5048492,119803,113107
1766327513.5158048,119803,113107
1766327513.5267706,119617,113023
1766327513.5377233,119748,113084
1766327513.548675,119748,113084
1766327513.5596263,119748,113084
1766327513.5705848,119564,112997
1766327513.5815449,119795,113103
1766327513.5925913,119795,113103
1766327513.6035974,119190,112834
1766327513.614565,119866,113134
1766327513.6255236,119866,113134
1766327513.6364763,119866,113134
1766327513.6474278,118774,112635
1766327513.6583796,119963,113175
1766327513.669336,119963,113175
1766327513.6802905,119963,113175
1766327513.6912427,118532,112505
1766327513.7021976,120030,113218
1766327513.713149,120030,113218
1766327513.7241259,118342,112407
1766327513.735082,120023,113205
1766327513.7460337,120023,113205
1766327513.7569857,120023,113205
1766327513.7679408,118283,112373
1766327513.7788937,120003,113185
1766327513.7898462,120003,113185
1766327513.8007987,120003,113185
1766327513.81175,118286,112370
1766327513.8228643,120109,113242
1766327513.8339317,120109,113242
1766327513.8448908,118280,112317
1766327513.8558452,120152,113265
1766327513.866823,120152,113265
1766327513.877781,120152,113265
1766327513.8887353,118221,112292
1766327513.8996863,120286,113342
1766327513.9106379,120286,113342
1766327513.921599,118160,112250
1766327513.9325697,120352,113356
1766327513.9435217,120352,113356
1766327513.954474,120352,113356
1766327513.9654338,118171,112240
1766327513.9763875,120391,113368
1766327513.9873388,120391,113368
1766327513.998294,120391,113368
1766327514.0092463,118198,112240
1766327514.0202093,120469,113410
1766327514.031162,120469,113410
1766327514.0421126,118207,112211
1766327514.053066,120385,113360
1766327514.0640225,120385,113360
1766327514.0749776,120385,113360
1766327514.0859284,118264,112247
1766327514.096883,119918,113140
1766327514.1078343,119918,113140
1766327514.1187944,119918,113140
1766327514.1297584,118297,112247
1766327514.1407292,119592,112995
1766327514.1516788,119592,112995
1766327514.1626403,118326,112228
1766327514.173617,119491,112966
1766327514.1846473,119491,112966
1766327514.195607,119491,112966
1766327514.206562,118349,112244
1766327514.217528,119463,112954
1766327514.2284956,119463,112954
1766327514.2394488,118382,112255
1766327514.2504036,119498,112979
1766327514.2613564,119498,112979
1766327514.272314,119498,112979
1766327514.283267,118407,112248
1766327514.2942185,119539,112999
1766327514.3051698,119539,112999
1766327514.3161252,119539,112999
1766327514.3270926,118435,112247
1766327514.3380454,119615,113007
1766327514.3489974,119615,113007
1766327514.3599503,118423,112235
1766327514.3709145,119533,113005
1766327514.3818686,119533,113005
1766327514.3928196,119533,113005
1766327514.4037704,118376,112212
1766327514.414729,119495,112979
1766327514.425681,119495,112979
1766327514.4366329,119495,112979
1766327514.4475837,117927,112005
1766327514.4585361,119503,112986
1766327514.4694908,119503,112986
1766327514.4804468,117453,111747
1766327514.4913976,119508,112975
1766327514.5023491,119508,112975
1766327514.5133004,119508,112975
1766327514.5242822,117106,111597
1766327514.5352478,119511,112992
1766327514.5462008,119511,112992
1766327514.5571575,119511,111490
1766327514.5682454,119562,112994
1766327514.5794501,119562,112994
1766327514.591583,119562,112994
1766327514.6026828,116772,111400
1766327514.614375,119583,113013
1766327514.6254494,119583,113013
1766327514.6365159,119583,113013
1766327514.647574,119568,112987
1766327514.6586392,119568,112987
1766327514.6697156,119568,112987
1766327514.6807992,116779,111329
1766327514.691972,119593,113020
1766327514.703302,119593,113020
1766327514.7143872,119593,113020
1766327514.7254558,116707,111262
1766327514.7364202,119623,113058
1766327514.74738,119623,113058
1766327514.7584875,116608,111220
1766327514.7695644,119617,113023
1766327514.7806113,119617,113023
1766327514.791643,119617,113023
1766327514.802672,116590,111178
1766327514.813705,119564,112997
1766327514.8247452,119564,112997
1766327514.8357742,116643,111192
1766327514.8467975,119190,112834
1766327514.8578753,119190,112834
1766327514.868912,119190,112834
1766327514.8799458,116705,111196
1766327514.8909082,118774,112635
1766327514.901865,118774,112635
1766327514.9128368,118774,112635
1766327514.923814,116825,111215
1766327514.9347787,118532,112505
1766327514.9457364,118532,112505
1766327514.9566917,116902,111272
1766327514.9676497,118342,112407
1766327514.9786174,118342,112407
1766327514.9895794,118342,112407
1766327515.0005333,117012,111290
1766327515.011485,118283,112373
1766327515.0224578,118283,112373
1766327515.033412,118283,112373
1766327515.0443652,117127,111341
1766327515.0553172,118286,112370
1766327515.0662746,118286,112370
1766327515.0772262,117225,111371
1766327515.088182,118280,112317
1766327515.0991335,118280,112317
1766327515.1100838,118280,112317
1766327515.1210597,117341,111415
1766327515.1320202,118221,112292
1766327515.1429722,118221,112292
1766327515.1539245,117415,111436
1766327515.1648824,118160,112250
1766327515.1758323,118160,112250
1766327515.1867864,118160,112250
1766327515.197775,117338,111397
1766327515.208728,118171,112240
1766327515.2196934,118171,112240
1766327515.2306736,118171,112240
1766327515.2416263,116936,111224
1766327515.2525814,118198,112240
1766327515.2635329,118198,112240
1766327515.2744892,116625,111090
1766327515.2854426,118207,112211
1766327515.296395,118207,112211
1766327515.307346,118207,112211
1766327515.3183033,116538,111050
1766327515.3292673,118264,112247
1766327515.34022,118264,112247
1766327515.3511705,118264,112247
1766327515.3621218,116500,111048
1766327515.373097,118297,112247
1766327515.384053,118297,112247
1766327515.3950057,116514,111024
1766327515.4059591,118326,112228
1766327515.4169207,118326,112228
1766327515.4278731,118326,112228
1766327515.438828,116638,111076
1766327515.44978,118349,112244
1766327515.4607325,118349,112244
1766327515.4716935,116694,111097
1766327515.4826462,118382,112255
1766327515.4935973,118382,112255
1766327515.504548,118382,112255
1766327515.515503,116689,111075
1766327515.526461,118407,112248
1766327515.537419,118407,112248
1766327515.5483704,118407,112248
1766327515.5593214,116715,111096
1766327515.5702791,118435,112247
1766327515.5812442,118435,112247
1766327515.5923097,116769,111100
1766327515.6033268,118423,112235
1766327515.614294,118423,112235
1766327515.6252553,118423,112235
1766327515.6362095,116898,111164
1766327515.6471944,118376,112212
1766327515.658191,118376,112212
1766327515.669158,118376,112212
1766327515.6801112,117050,111227
1766327515.6910677,117927,112005
1766327515.7020226,117927,112005
1766327515.712975,117165,111248
1766327515.7239408,117453,111747
1766327515.7349095,117453,111747
1766327515.745864,117453,111747
1766327515.7568192,117278,111315
1766327515.7677798,117106,111597
1766327515.778734,117106,111597
1766327515.7896879,117383,111375
1766327515.80064,116905,111490
1766327515.8115904,116905,111490
1766327515.8225472,116905,111490
1766327515.8334994,117460,111386
1766327515.8444514,116772,111400
1766327515.8555572,116772,111400
1766327515.8666108,116772,111400
1766327515.8775704,117531,111418
1766327515.8885248,116768,111344
1766327515.8994787,116768,111344
1766327515.9104319,117559,111408
1766327515.921393,116779,111329
1766327515.932381,116779,111329
1766327515.943335,116779,111329
1766327515.9542892,117671,111474
1766327515.9652526,116707,111262
1766327515.9762063,116707,111262
1766327515.9871626,116707,111262
1766327515.9981875,117785,111523
1766327516.0091472,116608,111220
1766327516.020108,116608,111220
1766327516.0310652,117566,111398
1766327516.0420222,116590,111178
1766327516.0529747,116590,111178
1766327516.063926,116590,111178
1766327516.0748866,117070,111198
1766327516.0858407,116643,111192
1766327516.096791,116643,111192
1766327516.107743,116763,111066
1766327516.1186998,116705,111196
1766327516.1296644,116705,111196
1766327516.1406202,116705,111196
1766327516.151571,116657,111008
1766327516.1625223,116825,111215
1766327516.1734812,116825,111215
1766327516.1844344,116825,111215
1766327516.1953835,116570,110962
1766327516.2063372,116902,111272
1766327516.217294,116902,111272
1766327516.2282586,116483,110915
1766327516.239211,117012,111290
1766327516.2501614,117012,111290
1766327516.261113,117012,111290
1766327516.2720704,116558,110965
1766327516.28304,117127,111341
1766327516.2939916,117127,111341
1766327516.304944,117127,111341
1766327516.3159013,116553,110954
1766327516.3268535,117225,111371
1766327516.337814,117225,111371
1766327516.3487666,116518,110902
1766327516.3597174,117341,111415
1766327516.3706908,117341,111415
1766327516.3816452,117341,111415
1766327516.3925974,116522,110938
1766327516.40355,117415,111436
1766327516.4145122,117415,111436
1766327516.425465,117415,110970
1766327516.436417,117338,111397
1766327516.447367,117338,111397
1766327516.4583209,117338,111397
1766327516.469278,116676,110987
1766327516.4802303,116936,111224
1766327516.4911816,116936,111224
1766327516.5021324,116936,111224
1766327516.5130835,116773,111025
1766327516.5240405,116625,111090
1766327516.5350044,116625,111090
1766327516.5459566,116876,111076
1766327516.5569074,116538,111050
1766327516.5678642,116538,111050
1766327516.5788167,116538,111050
1766327516.5910282,116979,111102
1766327516.6020513,116500,111048
1766327516.6130135,116500,111048
1766327516.6240017,116500,111048
1766327516.6349647,116514,111024
1766327516.645918,116514,111024
1766327516.656893,116514,111024
1766327516.6679478,117176,111179
1766327516.6789088,116638,111076
1766327516.689864,116638,111076
1766327516.7008197,116638,111076
1766327516.7117705,117253,111223
1766327516.7227354,116694,111097
1766327516.733706,116694,111097
1766327516.744667,117331,111277
1766327516.7556188,116689,111075
1766327516.7665772,116689,111075
1766327516.7775311,116689,111075
1766327516.7884834,117409,111290
1766327516.7994347,116715,111096
1766327516.8103867,116715,111096
1766327516.821343,116715,111096
1766327516.8322966,117468,111320
1766327516.8432477,116769,111100
1766327516.8543816,116769,111100
1766327516.8654442,117427,111261
1766327516.8764029,116898,111164
1766327516.887365,116898,111164
1766327516.8983192,116898,111164
1766327516.9092712,117001,111109
1766327516.9202344,117050,111227
1766327516.9312015,117050,111227
1766327516.9421556,117050,110990
1766327516.9531066,117165,111248
1766327516.964064,117165,111248
1766327516.9750407,117165,111248
1766327516.9859946,116543,110927
1766327516.996947,117278,111315
1766327517.0078983,117278,111315
1766327517.0189297,117278,111315
1766327517.029888,116506,110897
1766327517.040965,117383,111375
1766327517.0520694,117383,111375
1766327517.0632205,116511,110907
1766327517.074288,117460,111386
1766327517.0852509,117460,111386
1766327517.0962136,117460,111386
1766327517.107168,116624,110948
1766327517.1181262,117531,111418
1766327517.1290932,117531,111418
1766327517.1400483,117531,111418
1766327517.1510005,116714,111005
1766327517.1619627,117559,111408
1766327517.1729212,117559,111408
1766327517.1838746,116681,110981
1766327517.1948276,117671,111474
1766327517.2057781,117671,111474
1766327517.2167323,117671,111474
1766327517.227693,116706,110978
1766327517.2387178,117785,111523
1766327517.2496734,117785,111523
1766327517.260629,116719,110993
1766327517.271586,117566,111398
1766327517.282537,117566,111398
1766327517.2934897,117566,111398
1766327517.3044415,116822,111030
1766327517.3153918,117070,111198
1766327517.326366,117070,111198
1766327517.337331,117070,111198
1766327517.348283,116915,111074
1766327517.359235,116763,111066
1766327517.3702128,116763,111066
1766327517.3811686,116971,111071
1766327517.3921273,116657,111008
1766327517.4030795,116657,111008
1766327517.414031,116657,111008
1766327517.4249828,117087,111148
1766327517.435934,116570,110962
1766327517.4468858,116570,110962
1766327517.4578373,116570,110962
1766327517.4687905,117197,111210
1766327517.4797397,116483,110915
1766327517.4906957,116483,110915
1766327517.501648,117275,111214
1766327517.5125988,116558,110965
1766327517.5235507,116558,110965
1766327517.534513,116558,110965
1766327517.545464,117368,111271
1766327517.5564156,116553,110954
1766327517.567368,116553,110954
1766327517.5783186,117490,111333
1766327517.5900922,116518,110902
1766327517.601133,116518,110902
1766327517.6120994,116518,110902
1766327517.6230578,117553,111340
1766327517.6340115,116522,110938
1766327517.6449633,116522,110938
1766327517.6559153,116522,110938
1766327517.6668675,117661,111389
1766327517.677843,116608,110970
1766327517.6887972,116608,110970
1766327517.6997511,117750,111435
1766327517.7107112,116676,110987
1766327517.721668,116676,110987
1766327517.7326326,116676,110987
1766327517.7435904,117677,111384
1766327517.7545433,116773,111025
1766327517.7654955,116773,111025
1766327517.7764475,116773,111025
1766327517.7873971,117196,111171
1766327517.7983484,116876,111076
1766327517.8092992,116876,111076
1766327517.820251,116923,111068
1766327517.8312018,116979,111102
1766327517.8421526,116979,111102
1766327517.85322,116979,111102
1766327517.8643055,116820,111030
1766327517.8753436,117065,111123
1766327517.8863757,117065,111123
1766327517.8974016,116825,111045
1766327517.9084256,117176,111179
1766327517.9194517,117176,111179
1766327517.9304867,117176,111179
1766327517.941513,116833,111042
1766327517.9525852,117253,111223
1766327517.963614,117253,111223
1766327517.9746292,117253,111223
1766327517.9856098,116950,111097
1766327517.9965658,117331,111277
1766327518.0075197,117331,111277
1766327518.0184832,117020,111103
1766327518.0294623,117409,111290
1766327518.0404153,117409,111290
1766327518.0513666,117409,111290
1766327518.062318,117041,111114
1766327518.0732806,117468,111320
1766327518.084234,117468,111320
1766327518.0951896,117080,111140
1766327518.1061423,117427,111261
1766327518.1171,117427,111261
1766327518.1280522,117427,111261
1766327518.139019,117152,111158
1766327518.1499708,117001,111109
1766327518.1609223,117001,111109
1766327518.1718824,117001,111109
1766327518.182836,117256,111182
1766327518.1938496,116691,110990
1766327518.204808,116691,110990
1766327518.2157714,117343,111228
1766327518.2267368,116543,110927
1766327518.2376893,116543,110927
1766327518.2486436,116543,110927
1766327518.2596028,117506,111296
1766327518.2705605,116506,110897
1766327518.2815151,116506,110897
1766327518.292468,116506,110897
1766327518.3034174,117605,111340
1766327518.3143744,116511,110907
1766327518.325461,116511,110907
1766327518.3366454,117722,111360
1766327518.3478212,116624,110948
1766327518.3589215,116624,110948
1766327518.3700342,116624,110948
1766327518.3811822,117789,111406
1766327518.3922613,116714,111005
1766327518.4033241,116714,111005
1766327518.414394,117904,111466
1766327518.4254484,116681,110981
1766327518.4369853,116681,110981
1766327518.449286,116681,110981
1766327518.4603686,117973,111472
1766327518.471608,116706,110978
1766327518.4827802,116706,110978
1766327518.49381,118040,111531
1766327518.504828,116719,110993
1766327518.515882,116719,110993
1766327518.526913,116719,110993
1766327518.5379918,118022,111490
1766327518.5490232,116822,111030
1766327518.5600479,116822,111030
1766327518.571091,116822,111030
1766327518.5821574,117637,111341
1766327518.5933125,116915,111074
1766327518.604413,116915,111074
1766327518.6155388,117314,111200
1766327518.626587,116971,111071
1766327518.6376245,116971,111071
1766327518.6486726,116971,111071
1766327518.6597137,117282,111188
1766327518.6707704,117087,111148
1766327518.681852,117087,111148
1766327518.6928945,117310,111198
1766327518.7039473,117197,111210
1766327518.7149992,117197,111210
1766327518.7260408,117197,111210
1766327518.737217,117416,111242
1766327518.7482636,117275,111214
1766327518.7593052,117275,111214
1766327518.7703679,117275,111214
1766327518.7814438,117275,111214
1766327518.792484,117368,111271
1766327518.8035264,117368,111271
1766327518.8145523,117639,111331
1766327518.8256068,117490,111333
1766327518.8366454,117490,111333
1766327518.8476884,117490,111333
1766327518.8587275,117642,111322
1766327518.8697972,117553,111340
1766327518.8808413,117553,111340
1766327518.891915,117630,111303
1766327518.902953,117661,111389
1766327518.9139972,117661,111389
1766327518.9250598,117661,111389
1766327518.9361842,117730,111364
1766327518.9473743,117750,111435
1766327518.9585986,117750,111435
1766327518.9697409,117812,111413
1766327518.9807925,117677,111384
1766327518.9918346,117677,111384
1766327519.0028546,117677,111384
1766327519.0138617,117920,111439
1766327519.0248914,117196,111171
1766327519.0359018,117196,111171
1766327519.046908,117196,111171
1766327519.0579147,118071,111482
1766327519.0689352,116923,111068
1766327519.0799432,116923,111068
1766327519.0909727,118150,111551
1766327519.1020238,116820,111030
1766327519.113129,116820,111030
1766327519.1241927,116820,111030
1766327519.135287,118240,111558
1766327519.1463335,116825,111045
1766327519.1573725,116825,111045
1766327519.1684358,118333,111616
1766327519.1794803,116833,111042
1766327519.1905196,116833,111042
1766327519.2015574,116833,111042
1766327519.2126012,118373,111612
1766327519.223671,116950,111097
1766327519.2347167,116950,111097
1766327519.24577,116950,111097
1766327519.2568088,118469,111637
1766327519.2678711,117020,111103
1766327519.2789168,117020,111103
1766327519.2899566,118409,111645
1766327519.3009944,117041,111114
1766327519.3120627,117041,111114
1766327519.3231173,117041,111114
1766327519.3342054,117966,111425
1766327519.3452475,117080,111140
1766327519.3563855,117080,111140
1766327519.3674674,117679,111296
1766327519.3785138,117152,111158
1766327519.3895574,117152,111158
1766327519.4005964,117152,111158
1766327519.411697,117568,111272
1766327519.4227552,117256,111182
1766327519.4338205,117256,111182
1766327519.4448779,117256,111182
1766327519.4559226,117579,111270
1766327519.4669926,117343,111228
1766327519.4780362,117343,111228
1766327519.4891388,117668,111284
1766327519.5001998,117506,111296
1766327519.5112395,117506,111296
1766327519.5223017,117506,111296
1766327519.5334308,117771,111353
1766327519.5444777,117605,111340
1766327519.5555236,117605,111340
1766327519.566587,117806,111337
1766327519.5776286,117722,111360
1766327519.5886676,117722,111360
1766327519.599821,117722,111360
1766327519.6108668,117854,111369
1766327519.6219318,117789,111406
1766327519.6329732,117789,111406
1766327519.644011,117789,111406
1766327519.655086,117819,111376
1766327519.6661513,117904,111466
1766327519.6771955,117904,111466
1766327519.6882384,117910,111374
1766327519.6992762,117973,111472
1766327519.7103186,117973,111472
1766327519.7213886,117973,111472
1766327519.7325013,118000,111414
1766327519.7435656,118040,111531
1766327519.7546058,118040,111531
1766327519.7656686,118081,111462
1766327519.776711,118022,111490
1766327519.7877786,118022,111490
1766327519.7988164,118022,111490
1766327519.8098538,118197,111499
1766327519.820911,117637,111341
1766327519.8319566,117637,111341
1766327519.8429885,117637,111341
1766327519.8540237,118274,111541
1766327519.8651671,117314,111200
1766327519.8762097,117314,111200
1766327519.887265,118336,111550
1766327519.8983047,117282,111188
1766327519.9093404,117282,111188
1766327519.9203994,117282,111188
1766327519.9314806,118400,111579
1766327519.9425673,117310,111198
1766327519.9546723,117310,111198
1766327519.9658384,118491,111624
1766327519.9769573,117416,111242
1766327519.9879997,117416,111242
1766327519.9990451,117416,111242
1766327520.0100887,118538,111629
1766327520.0212939,117275,111214
1766327520.0324364,117275,111214
1766327520.0435534,118400,111543
1766327520.054659,117639,111331
1766327520.0658271,117639,111331
1766327520.076874,117639,111331
1766327520.0878782,117921,111346
1766327520.0988848,117642,111322
1766327520.1098838,117642,111322
1766327520.1208806,117642,111322
1766327520.131904,117597,111232
1766327520.1429465,117630,111303
1766327520.1539254,117630,111303
1766327520.1649177,117559,111187
1766327520.1758943,117730,111364
1766327520.186868,117730,111364
1766327520.197906,117730,111364
1766327520.2088864,117562,111214
1766327520.219954,117812,111413
1766327520.230998,117812,111413
1766327520.2420456,117607,111235
1766327520.2531216,117920,111439
1766327520.2641897,117920,111439
1766327520.2752514,117920,111439
1766327520.286294,117702,111267
1766327520.2973294,118071,111482
1766327520.3083673,118071,111482
1766327520.3194191,118071,111482
1766327520.3304582,117756,111284
1766327520.3415518,118150,111551
1766327520.352595,118150,111551
1766327520.363663,117770,111272
1766327520.3747292,118240,111558
1766327520.3857687,118240,111558
1766327520.3968081,118240,111558
1766327520.4078622,117784,111288
1766327520.4189167,118333,111616
1766327520.4299605,118333,111616
1766327520.4409983,117802,111283
1766327520.4520397,118373,111612
1766327520.4630907,118373,111612
1766327520.4741442,118373,111612
1766327520.4851842,117917,111340
1766327520.4962482,118469,111637
1766327520.5072904,118469,111637
1766327520.5183747,118469,111637
1766327520.5294156,117974,111376
1766327520.540526,118409,111645
1766327520.5515711,118409,111645
1766327520.562617,118113,111391
1766327520.573689,117966,111425
1766327520.5847325,117966,111425
1766327520.5959632,117966,111425
1766327520.6070192,118196,111443
1766327520.618114,117679,111296
1766327520.6291602,117679,111296
1766327520.6402009,118251,111485
1766327520.651478,117568,111272
1766327520.6625211,117568,111272
1766327520.6735852,117568,111272
1766327520.6846282,118322,111490
1766327520.695679,117579,111270
1766327520.7067258,117579,111270
1766327520.7177904,117579,111270
1766327520.728839,118417,111543
1766327520.7399416,117668,111284
1766327520.7509947,117668,111284
1766327520.762034,118387,111505
1766327520.773137,117771,111353
1766327520.7842023,117771,111353
1766327520.79524,117771,111353
1766327520.8062766,118013,111344
1766327520.8173301,117806,111337
1766327520.8283732,117806,111337
1766327520.8394132,117626,111188
1766327520.8504856,117854,111369
1766327520.8615212,117854,111369
1766327520.8726022,117854,111369
1766327520.883649,117480,111118
1766327520.894689,117819,111376
1766327520.9057431,117819,111376
1766327520.9168158,117819,111376
1766327520.9278953,117428,111089
1766327520.9389846,117910,111374
1766327520.9501405,117910,111374
1766327520.9613516,117466,111110
1766327520.9724944,118000,111414
1766327520.9835505,118000,111414
1766327520.994592,118000,111414
1766327521.0056353,117562,111141
1766327521.0166974,118081,111462
1766327521.0278118,118081,111462
1766327521.0388293,117636,111183
1766327521.0498345,118197,111499
1766327521.0608456,118197,111499
1766327521.0718765,118197,111499
1766327521.0828846,117679,111186
1766327521.0938919,118274,111541
1766327521.1048982,118274,111541
1766327521.1159186,118274,111541
1766327521.1269228,118336,111550
1766327521.13803,118336,111550
1766327521.149111,118336,111550
1766327521.1601837,117752,111211
1766327521.1712594,118400,111579
1766327521.182295,118400,111579
1766327521.1933396,118400,111579
1766327521.2044058,117853,111244
1766327521.215463,118491,111624
1766327521.226519,118491,111624
1766327521.2375662,117956,111301
1766327521.2486053,118538,111629
1766327521.2596457,118538,111629
1766327521.2707,118538,111629
1766327521.281741,118129,111359
1766327521.2927787,118400,111543
1766327521.3038213,118400,111543
1766327521.3148775,118400,111403
1766327521.3259263,117921,111346
1766327521.3370175,117921,111346
1766327521.3480647,117921,111346
1766327521.3591015,118367,111447
1766327521.3701909,117597,111232
1766327521.3812354,117597,111232
1766327521.3922744,117597,111232
1766327521.4033139,118474,111472
1766327521.4143887,117559,111187
1766327521.4254436,117559,111187
1766327521.4365158,118507,111515
1766327521.4475574,117562,111214
1766327521.4585946,117562,111214
1766327521.4696615,117562,111214
1766327521.4807053,118573,111531
1766327521.4917479,117607,111235
1766327521.5027833,117607,111235
1766327521.5138195,118663,111566
1766327521.524882,117702,111267
1766327521.536008,117702,111267
1766327521.5470717,117702,111267
1766327521.5581467,118457,111456
1766327521.5692096,117756,111284
1766327521.5802622,117756,111284
1766327521.5915935,117756,111284
1766327521.6027927,117917,111232
1766327521.6139545,117770,111272
1766327521.6251493,117770,111272
1766327521.6362865,117686,111111
1766327521.6473544,117784,111288
1766327521.6583104,117784,111288
1766327521.669278,117784,111288
1766327521.6802351,117643,111123
1766327521.6911871,117802,111283
1766327521.7021432,117802,111283
1766327521.7130976,117614,111083
1766327521.7240598,117917,111340
1766327521.7350423,117917,111340
1766327521.7460177,117917,111340
1766327521.7569966,117713,111152
1766327521.7679613,117974,111376
1766327521.7789226,117974,111376
1766327521.7898765,117974,111376
1766327521.800829,117853,111210
1766327521.8117821,118113,111391
1766327521.822746,118113,111391
1766327521.8337004,117873,111234
1766327521.8446538,118196,111443
1766327521.8556056,118196,111443
1766327521.8665693,118196,111443
1766327521.877539,117851,111208
1766327521.8884945,118251,111485
1766327521.8994472,118251,111485
1766327521.9104164,118251,111485
1766327521.9213824,117888,111231
1766327521.9323566,118322,111490
1766327521.9433293,118322,111490
1766327521.954407,117969,111258
1766327521.9654648,118417,111543
1766327521.9765077,118417,111543
1766327521.9875476,118417,111543
1766327521.9985898,118087,111302
1766327522.0096226,118387,111505
1766327522.0207045,118387,111505
1766327522.0317452,118247,111368
1766327522.0428357,118013,111344
1766327522.0538962,118013,111344
1766327522.064912,118013,111344
1766327522.0759842,118304,111384
1766327522.0871859,117626,111188
1766327522.098274,117626,111188
1766327522.1093695,117626,111188
1766327522.1210454,118352,111389
1766327522.132143,117480,111118
1766327522.1433244,117480,111118
1766327522.154486,118444,111440
1766327522.165596,117428,111089
1766327522.1767323,117428,111089
1766327522.187971,117428,111089
1766327522.1992092,118471,111464
1766327522.2104247,117466,111110
1766327522.2215023,117466,111110
1766327522.2326021,118561,111446
1766327522.2436807,117562,111141
1766327522.2546556,117562,111141
1766327522.2656436,117562,111141
1766327522.2766008,118419,111412
1766327522.287558,117636,111183
1766327522.2985127,117636,111183
1766327522.3094656,117969,111213
1766327522.3204322,117679,111186
1766327522.3313878,117679,111186
1766327522.342393,117679,111186
1766327522.3533552,117731,111132
1766327522.3643193,117666,111163
1766327522.3752913,117666,111163
1766327522.3862493,117666,111163
1766327522.397203,117703,111109
1766327522.4082344,117752,111211
1766327522.4192035,117752,111211
1766327522.4301586,117722,111157
1766327522.4411151,117853,111244
1766327522.452074,117853,111244
1766327522.4630363,117853,111244
1766327522.4739957,117830,111166
1766327522.484951,117956,111301
1766327522.4959042,117956,111301
1766327522.5068564,117956,111301
1766327522.5178146,117892,111185
1766327522.528768,118129,111359
1766327522.5397506,118129,111359
1766327522.5507073,117956,111221
1766327522.5616615,118260,111403
1766327522.5726247,118260,111403
1766327522.5835788,118260,111403
1766327522.5947363,117945,111210
1766327522.6057396,118367,111447
1766327522.616712,118367,111447
1766327522.6276693,117983,111220
1766327522.638624,118474,111472
1766327522.649579,118474,111472
1766327522.660564,118474,111472
1766327522.6715274,118025,111246
1766327522.6824856,118507,111515
1766327522.6934385,118507,111515
1766327522.704394,118507,111515
1766327522.7153542,118113,111277
1766327522.7263076,118573,111531
1766327522.7372887,118573,111531
1766327522.74826,118198,111323
1766327522.7592154,118663,111566
1766327522.7701786,118663,111566
1766327522.7811348,118663,111566
1766327522.7920866,118278,111346
1766327522.8030443,118457,111456
1766327522.814002,118457,111456
1766327522.8249753,118457,111456
1766327522.8359299,118457,111456
1766327522.8468833,117917,111232
1766327522.8578348,117917,111232
1766327522.8688512,118390,111397
1766327522.8798213,117686,111111
1766327522.890775,117686,111111
1766327522.9017298,117686,111111
1766327522.9126837,118441,111403
1766327522.9236465,117643,111123
1766327522.934624,117643,111123
1766327522.9455972,118427,111388
1766327522.9565969,117614,111083
1766327522.9675643,117614,111083
1766327522.9785204,117614,111083
1766327522.989474,118072,111232
1766327523.0004268,117713,111152
1766327523.0113795,117713,111152
1766327523.0223405,117713,111152
1766327523.0333977,117682,111075
1766327523.0449965,117853,111210
1766327523.0560637,117853,111210
1766327523.0670366,117546,111042
1766327523.0779924,117873,111234
1766327523.0889516,117873,111234
1766327523.0999053,117873,111234
1766327523.1108708,117509,111011
1766327523.1218395,117851,111208
1766327523.1327958,117851,111208
1766327523.143768,117525,111041
1766327523.154955,117888,111231
1766327523.1660066,117888,111231
1766327523.1769693,117888,111231
1766327523.187994,117651,111061
1766327523.199024,117969,111258
1766327523.2099855,117969,111258
1766327523.2209666,117969,111258
1766327523.2319326,117767,111105
1766327523.2428894,118087,111302
1766327523.2538445,118087,111302
1766327523.2648106,117758,111129
1766327523.275774,118247,111368
1766327523.286728,118247,111368
1766327523.2976797,118247,111368
1766327523.3086553,117755,111093
1766327523.3196151,118304,111384
1766327523.3305702,118304,111384
1766327523.3415363,118304,111384
1766327523.352491,117805,111120
1766327523.363449,118352,111389
1766327523.374423,118352,111389
1766327523.3853824,117910,111156
1766327523.3963404,118444,111440
1766327523.4072945,118444,111440
1766327523.4182956,118444,111440
1766327523.42925,118015,111197
1766327523.4402027,118471,111464
1766327523.4513242,118471,111464
1766327523.4624,118105,111223
1766327523.4735522,118561,111446
1766327523.4845593,118561,111446
1766327523.495517,118561,111446
1766327523.506474,118254,111283
1766327523.5174408,118419,111412
1766327523.5283968,118419,111412
1766327523.5393636,118419,111412
1766327523.550317,118316,111321
1766327523.5612683,117969,111213
1766327523.5722315,117969,111213
1766327523.5831833,118449,111341
1766327523.594308,117731,111132
1766327523.6052804,117731,111132
1766327523.6162462,117731,111132
1766327523.627203,118546,111401
1766327523.638155,117703,111109
1766327523.6492062,117703,111109
1766327523.6602335,117703,111440
1766327523.6711977,117722,111157
1766327523.6821525,117722,111157
1766327523.6931033,117722,111157
1766327523.7040577,118465,111341
1766327523.7150211,117830,111166
1766327523.7259817,117830,111166
1766327523.7369492,117830,111166
1766327523.7480423,117954,111124
1766327523.758996,117892,111185
1766327523.7699623,117892,111185
1766327523.78092,117630,111005
1766327523.7918718,117956,111221
1766327523.8028233,117956,111221
1766327523.8137822,117956,111221
1766327523.8247437,117609,110994
1766327523.8356972,117945,111210
1766327523.846649,117945,111210
1766327523.8575997,117945,111210
1766327523.868562,117544,110994
1766327523.8795164,117983,111220
1766327523.890468,117983,111220
1766327523.901419,117650,110978
1766327523.9123697,118025,111246
1766327523.9233282,118025,111246
1766327523.9342856,118025,111246
1766327523.945245,117769,111062
1766327523.956196,118113,111277
1766327523.9671602,118113,111277
1766327523.9781177,118113,111277
1766327523.9890876,118198,111323
1766327524.0000412,118198,111323
1766327524.011009,118198,111323
1766327524.0219717,117822,111075
1766327524.0329278,118278,111346
1766327524.043962,118278,111346
1766327524.0550256,118278,111346
1766327524.0660653,117847,111093
1766327524.077042,118457,111456
1766327524.0879946,118457,111456
1766327524.09895,117893,111102
1766327524.109909,118390,111397
1766327524.1208723,118390,111397
1766327524.131823,118390,111397
1766327524.1427975,118016,111160
1766327524.153751,118441,111403
1766327524.164714,118441,111403
1766327524.1756666,118441,111403
1766327524.1866179,118086,111208
1766327524.1975698,118427,111388
1766327524.2085207,118427,111388
1766327524.2194767,118215,111206
1766327524.2304459,118072,111232
1766327524.2414098,118072,111232
1766327524.2523632,118072,111232
1766327524.263316,118298,111273
1766327524.2742803,117682,111075
1766327524.2852337,117682,111075
1766327524.2961879,117682,111303
1766327524.3071392,117546,111042
1766327524.3180969,117546,111042
1766327524.3290536,117546,111042
1766327524.3400273,118431,111323
1766327524.3509817,117509,111011
1766327524.3620355,117509,111011
1766327524.3730178,117509,111011
1766327524.3839707,118510,111344
1766327524.394928,117525,111041
1766327524.4058826,117525,111041
1766327524.4168534,118533,111373
1766327524.4278054,117651,111061
1766327524.438757,117651,111061
1766327524.4497073,117651,111061
1766327524.4606595,118257,111231
1766327524.4716184,117767,111105
1766327524.4825706,117767,111105
1766327524.4935224,117767,111105
1766327524.5044744,117737,111037
1766327524.5154305,117758,111129
1766327524.526383,117758,111129
1766327524.5373473,117581,110933
1766327524.5483012,117755,111093
1766327524.5592525,117755,111093
1766327524.5702167,117755,111093
1766327524.5811698,117541,110934
1766327524.5922039,117805,111120
1766327524.6032097,117805,111120
1766327524.6141784,117805,111120
1766327524.6251452,117910,111156
1766327524.6360989,117910,111156
1766327524.6470504,117910,111156
1766327524.658009,117610,110967
1766327524.6689687,118015,111197
1766327524.6799212,118015,111197
1766327524.6908734,118015,111197
1766327524.7018273,117726,111010
1766327524.7127988,118105,111223
1766327524.723759,118105,111223
1766327524.7347116,117770,111062
1766327524.7456784,118254,111283
1766327524.7566314,118254,111283
1766327524.7675889,118254,111283
1766327524.7785423,117766,111025
1766327524.7894945,118316,111321
1766327524.8004465,118316,111321
1766327524.8113968,118316,111321
1766327524.8223538,117788,111045
1766327524.833307,118449,111341
1766327524.8442607,118449,111341
1766327524.8552115,117910,111075
1766327524.866169,118546,111401
1766327524.8771257,118546,111401
1766327524.888077,118546,111401
1766327524.899028,118009,111120
1766327524.9099789,118642,111440
1766327524.9209383,118642,111440
1766327524.9318912,118642,111440
1766327524.9428523,118642,111440
1766327524.9538043,118465,111341
1766327524.9647613,118465,111341
1766327524.9757168,118203,111200
1766327524.9866683,117954,111124
1766327524.9976184,117954,111124
1766327525.0085745,117954,111124
1766327525.0195415,118276,111223
1766327525.0304964,117630,111005
1766327525.0414476,117630,111005
1766327525.0526338,118337,111232
1766327525.0637794,117609,110994
1766327525.074812,117609,110994
1766327525.085773,117609,110994
1766327525.0967357,118415,111277
1766327525.107766,117544,110994
1766327525.1187444,117544,110994
1766327525.1297019,117544,110994
1766327525.1406958,118451,111315
1766327525.1516526,117650,110978
1766327525.1626108,117650,110978
1766327525.173579,118536,111287
1766327525.1845355,117769,111062
1766327525.1955492,117769,111062
1766327525.2065089,117769,111062
1766327525.2174754,118258,111193
1766327525.2284424,117820,111080
1766327525.2393966,117820,111080
1766327525.25035,117820,111025
1766327525.2613108,117822,111075
1766327525.2722747,117822,111075
1766327525.2832282,117822,111075
1766327525.2941816,117637,110935
1766327525.305133,117847,111093
1766327525.316091,117847,111093
1766327525.3270454,117847,111093
1766327525.3380256,117606,110929
1766327525.3489983,117893,111102
1766327525.3599565,117893,111102
1766327525.3709242,117623,110958
1766327525.3818934,118016,111160
1766327525.3928506,118016,111160
1766327525.4038198,118016,111160
1766327525.4239032,117724,110971
1766327525.4348617,118086,111208
1766327525.4458172,118086,111208
1766327525.4567716,117846,111027
1766327525.4677382,118215,111206
1766327525.478693,118215,111206
1766327525.4896472,117863,111017
1766327525.5006006,118298,111273
1766327525.511554,118298,111273
1766327525.522517,118298,111273
1766327525.5334709,117886,111047
1766327525.5444734,118380,111303
1766327525.555431,118380,111303
1766327525.566394,118380,111303
1766327525.5773497,117965,111048
1766327525.588303,118431,111323
1766327525.599362,118431,111323
1766327525.6103325,118031,111126
1766327525.621306,118510,111344
1766327525.632261,118510,111344
1766327525.6432176,118510,111344
1766327525.654226,118141,111141
1766327525.6652017,118533,111373
1766327525.6761615,118533,111373
1766327525.6871176,118533,111373
1766327525.6980686,118533,111373
1766327525.709044,118257,111231
1766327525.7200108,118257,111231
1766327525.7309666,118359,111215
1766327525.7419553,117737,111037
1766327525.7529123,117737,111037
1766327525.7638865,117737,111037
1766327525.7748504,118437,111250
1766327525.785805,117581,110933
1766327525.796758,117581,110933
1766327525.8077106,118492,111260
1766327525.8186727,117541,110934
1766327525.8296268,117541,110934
1766327525.8407543,117541,110934
1766327525.85188,118558,111310
1766327525.8630347,117546,110944
1766327525.8741198,117546,110944
1766327525.88526,117546,110944
1766327525.8963258,118624,111349
1766327525.907382,117610,110967
1766327525.9184418,117610,110967
1766327525.933332,118696,111350
1766327525.9445646,117726,111010
1766327525.9558046,117726,111010
1766327525.9670584,118542,111259
1766327525.9782925,117770,111062
1766327525.9894907,117770,111062
1766327526.0007126,117770,111062
1766327526.0123122,118098,111080
1766327526.0322747,117766,111025
1766327526.043491,117766,111025
1766327526.054674,117881,110984
1766327526.065831,117788,111045
1766327526.0773525,117788,111045
1766327526.0888653,117806,110978
1766327526.1002684,117910,111075
1766327526.1113648,117910,111075
1766327526.1226168,117910,111075
1766327526.1337419,117839,110992
1766327526.144842,118009,111120
1766327526.1562889,118009,111120
1766327526.167339,117924,111048
1766327526.1783023,118642,111440
1766327526.189263,118642,111440
1766327526.2002184,118642,111440
1766327526.2111738,118064,111079
1766327526.2221482,118203,111200
1766327526.2331111,118203,111200
1766327526.2440662,118203,111104
1766327526.2550201,118276,111223
1766327526.265985,118276,111223
1766327526.2769415,118276,111223
1766327526.2879007,118060,111083
1766327526.298856,118337,111232
1766327526.3098085,118337,111232
1766327526.320773,118337,111232
1766327526.3317268,118111,111094
1766327526.3427138,118415,111277
1766327526.3536704,118415,111277
1766327526.364651,118190,111132
1766327526.3756218,118451,111315
1766327526.386581,118451,111315
1766327526.3975363,118451,111315
1766327526.4084947,118273,111168
1766327526.4194615,118536,111287
1766327526.4304159,118536,111287
1766327526.441371,118536,111287
1766327526.4523249,118342,111210
1766327526.4632812,118258,111193
1766327526.4742494,118258,111193
1766327526.4852262,118472,111211
1766327526.4961822,117844,111025
1766327526.5071347,117844,111025
1766327526.5180967,117844,111025
1766327526.529051,118537,111263
1766327526.5400326,117637,110935
1766327526.5509949,117637,110935
1766327526.5619488,117637,110935
1766327526.572914,117606,110929
1766327526.5838685,117606,110929
1766327526.595025,117606,110929
1766327526.606004,118664,111322
1766327526.6169758,117623,110958
1766327526.6279333,117623,110958
1766327526.6388955,117623,110958
1766327526.6499205,118743,111360
1766327526.6609397,117724,110971
1766327526.6719766,117724,110971
1766327526.6830006,118714,111331
1766327526.6940172,117846,111027
1766327526.7050402,117846,111027
1766327526.716072,117846,111027
1766327526.7270942,118360,111176
1766327526.7383559,117863,111017
1766327526.7494326,117863,111017
1766327526.7604966,117863,111017
1766327526.7715669,117863,111017
1766327526.7826142,117886,111047
1766327526.7936542,117886,111047
1766327526.8046942,117832,110964
1766327526.8157609,117965,111048
1766327526.8268003,117965,111048
1766327526.8378637,117965,111048
1766327526.8489206,117808,110952
1766327526.8599632,118031,111126
1766327526.8710191,118031,111126
1766327526.8820934,117788,110938
1766327526.8931432,118141,111141
1766327526.9041827,118141,111141
1766327526.9152472,118141,111141
1766327526.9262896,117933,111006
1766327526.9373546,118533,111373
1766327526.9484382,118533,111373
1766327526.9595222,118533,111373
1766327526.9705887,118359,111215
1766327526.9816303,118359,111215
1766327526.992678,118359,111215
1766327527.0037177,118040,111049
1766327527.0147786,118437,111250
1766327527.0258331,118437,111250
1766327527.0368721,118437,111250
1766327527.049402,118055,111068
1766327527.0606751,118492,111260
1766327527.0718782,118492,111260
1766327527.0830135,118109,111088
1766327527.0941253,118558,111310
1766327527.1052463,118558,111310
1766327527.1164343,118558,111310
1766327527.1274776,118217,111124
1766327527.1385133,118624,111349
1766327527.1495547,118624,111349
1766327527.160634,118305,111174
1766327527.1716363,118696,111350
1766327527.1826181,118696,111350
1766327527.1936193,118696,111350
1766327527.204598,118416,111217
1766327527.2155848,118542,111259
1766327527.2265759,118542,111259
1766327527.2375565,118542,111259
1766327527.2485337,118542,111259
1766327527.2595088,118098,111080
1766327527.270578,118098,111080
1766327527.281622,118583,111281
1766327527.2926662,117881,110984
1766327527.3037047,117881,110984
1766327527.3147638,117881,110984
1766327527.325827,118641,111302
1766327527.3368797,117806,110978
1766327527.3479276,117806,110978
1766327527.3589668,118693,111306
1766327527.370047,117839,110992
1766327527.3811414,117839,110992
1766327527.3921914,117839,110992
1766327527.4032347,118799,111368
1766327527.4143078,117924,111048
1766327527.425369,117924,111048
1766327527.4364119,117924,111048
1766327527.447456,118064,111079
1766327527.4584947,118064,111079
1766327527.4695663,118064,111079
1766327527.4806244,118304,111141
1766327527.4916728,118112,111104
1766327527.50271,118112,111104
1766327527.5137541,118112,111104
1766327527.5248117,117896,110971
1766327527.5358577,118060,111083
1766327527.546932,118060,111083
1766327527.5579727,117731,110902
1766327527.5691047,118111,111094
1766327527.580183,118111,111094
1766327527.5913312,118111,111094
1766327527.602457,117748,110917
1766327527.6135507,118190,111132
1766327527.624611,118190,111132
1766327527.6356573,117789,110952
1766327527.6466975,118273,111168
1766327527.6577392,118273,111168
1766327527.6688795,118273,111168
1766327527.6799204,117865,110968
1766327527.6909502,118342,111210
1766327527.701974,118342,111210
1766327527.7129974,118342,111210
1766327527.7240453,117999,111008
1766327527.7350752,118472,111211
1766327527.746113,118472,111211
1766327527.7571301,117987,111031
1766327527.7682037,118537,111263
1766327527.7792614,118537,111263
1766327527.790302,118537,111263
1766327527.8013408,118000,111015
1766327527.812377,118583,111275
1766327527.8234587,118583,111275
1766327527.8345103,118072,111060
1766327527.8455513,118664,111322
1766327527.8565872,118664,111322
1766327527.8676426,118664,111322
1766327527.8787134,118149,111082
1766327527.889782,118743,111360
1766327527.900838,118743,111360
1766327527.9118795,118743,111360
1766327527.92295,118254,111134
1766327527.9340024,118714,111331
1766327527.9450552,118714,111331
1766327527.9560943,118380,111181
1766327527.9671483,118360,111176
1766327527.9782326,118360,111176
1766327527.9892719,118360,111176
1766327528.0003116,118480,111217
1766327528.011352,117863,111017
1766327528.0224018,117863,111017
1766327528.0334516,118554,111239
1766327528.0444922,117832,110964
1766327528.0563612,117832,110964
1766327528.0675278,117832,110964
1766327528.078665,118618,111273
1766327528.089681,117808,110952
1766327528.1006927,117808,110952
1766327528.111702,117808,110952
1766327528.1227214,118672,111304
1766327528.1337316,117788,110938
1766327528.14476,117788,110938
1766327528.1557672,118747,111319
1766327528.1667852,117933,111006
1766327528.177849,117933,111006
1766327528.1889727,117933,111006
1766327528.200107,118804,111346
1766327528.2111583,117998,111024
1766327528.2222257,117998,111024
1766327528.2332778,118653,111275
1766327528.2443523,118040,111049
1766327528.2553978,118040,111049
1766327528.2664475,118040,111049
1766327528.2774825,118105,111040
1766327528.2885284,118055,111068
1766327528.2995691,118055,111068
1766327528.3106046,118055,111068
1766327528.3216562,117831,110931
1766327528.3327086,118109,111088
1766327528.3437586,118109,111088
1766327528.3548017,117774,110916
1766327528.3658597,118217,111124
1766327528.3769176,118217,111124
1766327528.388025,118217,111124
1766327528.399083,117788,110933
1766327528.410122,118305,111174
1766327528.4211862,118305,111174
1766327528.4322352,117803,110916
1766327528.443278,118416,111217
1766327528.4543114,118416,111217
1766327528.465367,118416,111217
1766327528.4764106,117981,111007
1766327528.4874468,118542,111259
1766327528.4984872,118542,111259
1766327528.5095246,118542,111259
1766327528.520577,118542,111259
1766327528.53162,118583,111281
1766327528.5426662,118583,111281
1766327528.553702,118038,111025
1766327528.5647542,118641,111302
1766327528.5757911,118641,111302
1766327528.5868266,118641,111302
1766327528.5980506,118068,111044
1766327528.6091428,118693,111306
1766327528.6202087,118693,111306
1766327528.6312497,118104,111054
1766327528.642287,118799,111368
1766327528.6536164,118799,111368
1766327528.664723,118799,111368
1766327528.6757798,118268,111121
1766327528.686819,118735,111303
1766327528.6979346,118735,111303
1766327528.7089608,118414,111188
1766327528.720003,118304,111141
1766327528.731025,118304,111141
1766327528.7420578,118304,111141
1766327528.7531152,118504,111227
1766327528.7641664,117896,110971
1766327528.775196,117896,110971
1766327528.786215,117896,110971
1766327528.7972903,118617,111247
1766327528.8083334,117731,110902
1766327528.8194008,117731,110902
1766327528.8304412,118666,111307
1766327528.8414783,117748,110917
1766327528.852515,117748,110917
1766327528.8635545,117748,110917
1766327528.8746212,118728,111307
1766327528.8856666,117789,110952
1766327528.896704,117789,110952
1766327528.907774,118818,111348
1766327528.9188383,117865,110968
1766327528.9298813,117865,110968
1766327528.940936,117865,110968
1766327528.9520006,118861,111356
1766327528.963051,117999,111008
1766327528.9741158,117999,111008
1766327528.9851565,117999,111008
1766327528.9961932,118771,111306
1766327529.0072594,117987,111031
1766327529.018311,117987,111031
1766327529.029349,118288,111093
1766327529.0403852,118000,111015
1766327529.0515943,118000,111015
1766327529.0631914,118000,111015
1766327529.0743468,117971,110979
1766327529.085398,118072,111060
1766327529.0964496,118072,111060
1766327529.1075764,117952,110985
1766327529.118624,118149,111082
1766327529.129649,118149,111082
1766327529.1406856,118149,111082
1766327529.1518264,117952,110980
1766327529.162869,118254,111134
1766327529.1739166,118254,111134
1766327529.1849446,118254,111134
1766327529.195969,118047,111018
1766327529.2069929,118380,111181
1766327529.218073,118380,111181
1766327529.2291458,118194,111081
1766327529.2401912,118480,111217
1766327529.2512293,118480,111217
1766327529.2622693,118480,111217
1766327529.2733274,118249,111102
1766327529.2843668,118554,111239
1766327529.295407,118554,111239
1766327529.3064861,118254,111096
1766327529.3175406,118618,111273
1766327529.3285835,118618,111273
1766327529.3396306,118618,111273
1766327529.3506737,118250,111096
1766327529.3617208,118672,111304
1766327529.3728368,118672,111304
1766327529.383889,118672,111304
1766327529.394929,118297,111104
1766327529.405965,118747,111319
1766327529.417041,118747,111319
1766327529.428093,118429,111180
1766327529.4391358,118804,111346
1766327529.4501786,118804,111346
1766327529.4612162,118804,111346
1766327529.4722767,118544,111221
1766327529.4833229,118653,111275
1766327529.49436,118653,111275
1766327529.5053973,118600,111247
1766327529.5164661,118105,111040
1766327529.5275095,118105,111040
1766327529.5385456,118105,111040
1766327529.5495913,118730,111303
1766327529.5606277,117831,110931
1766327529.5716832,117831,110931
1766327529.5827222,117831,110931
1766327529.5938642,117831,110931
1766327529.604969,117774,110916
1766327529.616094,117774,110916
1766327529.6271234,118856,111352
1766327529.6381423,117788,110933
1766327529.6491606,117788,110933
1766327529.6602094,117788,110933
1766327529.671245,118931,111378
1766327529.682269,117803,110916
1766327529.6932938,117803,110916
1766327529.7043178,118935,111363
1766327529.71535,117981,111007
1766327529.7263925,117981,111007
1766327529.7374291,117981,111007
1766327529.7484832,118721,111272
1766327529.7597706,118542,111259
1766327529.771042,118542,111259
1766327529.7823155,118218,111090
1766327529.7953777,118038,111025
1766327529.8065443,118038,111025
1766327529.8177004,118038,111025
1766327529.8288035,118005,110990
1766327529.8398802,118068,111044
1766327529.850986,118068,111044
1766327529.8621743,117957,110970
1766327529.8733356,118104,111054
1766327529.8845031,118104,111054
1766327529.8956618,118104,111054
1766327529.906802,118033,110997
1766327529.917962,118268,111121
1766327529.929059,118268,111121
1766327529.9401803,118268,111121
1766327529.9514532,118139,111041
1766327529.9625905,118414,111188
1766327529.9736626,118414,111188
1766327529.9848921,118275,111103
1766327529.995964,118504,111227
1766327530.006926,118504,111227
1766327530.0179486,118504,111227
1766327530.0289147,118327,111117
1766327530.0398715,118617,111247
1766327530.0510724,118617,111247
1766327530.0621347,118279,111096
1766327530.073258,118666,111307
1766327530.0843298,118666,111307
1766327530.0953991,118666,111307
1766327530.1063695,118351,111142
1766327530.1173544,118728,111307
1766327530.1283104,118728,111307
1766327530.139268,118728,111307
1766327530.1502535,118818,111348
1766327530.1612122,118818,111348
1766327530.1721826,118818,111348
1766327530.1831388,118546,111219
1766327530.1941574,118861,111356
1766327530.2051184,118861,111356
1766327530.2160869,118861,111356
1766327530.2270534,118651,111263
1766327530.23801,118771,111306
1766327530.2489643,118771,111306
1766327530.2599173,118771,111331
1766327530.2708778,118288,111093
1766327530.2818327,118288,111093
1766327530.292786,118288,111093
1766327530.3037386,118830,111344
1766327530.314699,117971,110979
1766327530.3256571,117971,110979
1766327530.3366106,117971,110979
1766327530.3476546,118864,111359
1766327530.3586118,117952,110985
1766327530.3696606,117952,110985
1766327530.3806677,118956,111376
1766327530.391624,117952,110980
1766327530.40258,117952,110980
1766327530.413544,117952,110980
1766327530.4245112,119022,111416
1766327530.4354672,118047,111018
1766327530.44642,118047,111018
1766327530.4573727,118047,111018
1766327530.4683352,118194,111081
1766327530.4793036,118194,111081
1766327530.4902592,118194,111081
1766327530.5012128,118701,111267
1766327530.5121655,118249,111102
1766327530.523127,118249,111102
1766327530.534084,118249,111102
1766327530.5450861,118181,111044
1766327530.5560596,118254,111096
1766327530.5670238,118254,111096
1766327530.5779812,117962,110991
1766327530.5900927,118250,111096
1766327530.601143,118250,111096
1766327530.6121101,118250,111096
1766327530.6230812,117938,110957
1766327530.634042,118297,111104
1766327530.6449993,118297,111104
1766327530.656023,118297,111104
1766327530.6669965,118429,111180
1766327530.677955,118429,111180
1766327530.6889114,118429,111180
1766327530.6998644,118024,111002
1766327530.7108393,118544,111221
1766327530.7218122,118544,111221
1766327530.7327726,118544,111221
1766327530.7437644,118166,111060
1766327530.7547336,118600,111247
1766327530.7657018,118600,111247
1766327530.7766643,118246,111112
1766327530.7876182,118730,111303
1766327530.798573,118730,111303
1766327530.8095257,118730,111303
1766327530.8204892,118219,111073
1766327530.831448,117831,110931
1766327530.8424025,117831,110931
1766327530.8533561,117831,110931
1766327530.864315,118238,111101
1766327530.8752759,118856,111352
1766327530.8862426,118856,111352
1766327530.8971972,118366,111143
1766327530.9081686,118931,111378
1766327530.9191458,118931,111378
1766327530.930103,118931,111378
1766327530.9410565,118485,111204
1766327530.9520314,118935,111363
1766327530.9629877,118935,111363
1766327530.9739518,118935,111363
1766327530.9849133,118721,111272
1766327530.9958682,118721,111272
1766327531.0068212,118721,111272
1766327531.0177808,118735,111295
1766327531.0287392,118218,111090
1766327531.0396926,118218,111090
1766327531.0507426,118218,111090
1766327531.061883,118835,111326
1766327531.072861,118005,110990
1766327531.083815,118005,110990
1766327531.0947692,118924,111374
1766327531.1057224,117957,110970
1766327531.1166863,117957,110970
1766327531.1276398,117957,110970
1766327531.1385932,118977,111397
1766327531.1495888,118033,110997
1766327531.160546,118033,110997
1766327531.171512,118033,110997
1766327531.1824667,119002,111424
1766327531.1934216,118139,111041
1766327531.2043753,118139,111041
1766327531.215337,118956,111343
1766327531.2262976,118275,111103
1766327531.237258,118275,111103
1766327531.2482114,118275,111103
1766327531.259164,118422,111142
1766327531.2701225,118327,111117
1766327531.2810762,118327,111117
1766327531.292029,118327,111117
1766327531.30298,118279,111096
1766327531.3139362,118279,111096
1766327531.3248959,118279,111096
1766327531.3358488,118013,110988
1766327531.3468392,118351,111142
1766327531.357796,118351,111142
1766327531.3688247,118351,111142
1766327531.3798048,118025,111003
1766327531.3907611,118402,111139
1766327531.4017227,118402,111139
1766327531.4127238,118109,111057
1766327531.4236913,118546,111219
1766327531.434647,118546,111219
1766327531.4455996,118546,111219
1766327531.4565527,118236,111090
1766327531.467511,118651,111263
1766327531.4784722,118651,111263
1766327531.489427,118651,111263
1766327531.5003846,118323,111132
1766327531.5113366,118771,111331
1766327531.522297,118771,111331
1766327531.5332515,118332,111101
1766327531.5444198,118830,111344
1766327531.555394,118830,111344
1766327531.5663593,118830,111344
1766327531.5773158,118348,111141
1766327531.5882702,118864,111359
1766327531.5993285,118864,111359
1766327531.6103034,118437,111190
1766327531.6212728,118956,111376
1766327531.6322396,118956,111376
1766327531.6431959,118956,111376
1766327531.6542752,118526,111211
1766327531.6653368,119022,111416
1766327531.6764054,119022,111416
1766327531.6873727,119022,111416
1766327531.6983275,118653,111266
1766327531.709286,119047,111424
1766327531.7202551,119047,111424
1766327531.7312164,118738,111267
1766327531.7421708,118701,111267
1766327531.7531536,118701,111267
1766327531.7641385,118701,111267
1766327531.7751033,118858,111341
1766327531.786059,118181,111044
1766327531.7970128,118181,111044
1766327531.8079665,118181,111044
1766327531.8189292,118969,111402
1766327531.8298872,117962,110991
1766327531.840842,117962,110991
1766327531.8517952,119012,111403
1766327531.8627486,117938,110957
1766327531.8737075,117938,110957
1766327531.8846774,117938,110957
1766327531.8956332,119078,111432
1766327531.906587,117900,110927
1766327531.9175494,117900,110927
1766327531.9285076,119100,111455
1766327531.9394615,118024,111002
1766327531.9504411,118024,111002
1766327531.9613965,118024,111002
1766327531.9725184,118816,111303
1766327531.9836135,118166,111060
1766327531.9946852,118166,111060
1766327532.005743,118166,111060
1766327532.0168087,118371,111104
1766327532.0278592,118246,111112
1766327532.0389118,118246,111112
1766327532.0502753,118171,111077
1766327532.0613458,118219,111073
1766327532.0726156,118219,111073
1766327532.0836682,118219,111073
1766327532.0946312,118184,111058
1766327532.1055844,118238,111101
1766327532.116585,118238,111101
1766327532.1275485,118224,111064
1766327532.1385643,118366,111143
1766327532.149558,118366,111143
1766327532.1605144,118366,111143
1766327532.171483,118409,111147
1766327532.182454,118485,111204
1766327532.1934102,118485,111204
1766327532.2043633,118485,111204
1766327532.2153244,118553,111202
1766327532.2262833,118582,111207
1766327532.2372437,118582,111207
1766327532.2481987,118535,111222
1766327532.2591524,118735,111295
1766327532.270112,118735,111295
1766327532.28107,118735,111295
1766327532.292024,118519,111193
1766327532.3029766,118835,111326
1766327532.3139327,118835,111326
1766327532.3248916,118835,111326
1766327532.335844,118580,111236
1766327532.3468244,118924,111374
1766327532.3577797,118924,111374
1766327532.3687468,118666,111257
1766327532.3797388,118977,111397
1766327532.390693,118977,111397
1766327532.4016478,118977,111397
1766327532.412611,118773,111300
1766327532.4235764,119002,111424
1766327532.434536,119002,111424
1766327532.4454896,118844,111308
1766327532.4564428,118956,111343
1766327532.467423,118956,111343
1766327532.4783876,118956,111343
1766327532.4893427,118976,111379
1766327532.5002956,118422,111142
1766327532.5112479,118422,111142
1766327532.522214,118422,111142
1766327532.533171,119057,111406
1766327532.5441258,118083,110988
1766327532.555107,118083,110988
1766327532.5660725,119099,111430
1766327532.5770512,118013,110988
1766327532.5880082,118013,110988
1766327532.5990663,118013,110988
1766327532.6100438,119180,111455
1766327532.62101,118025,111003
1766327532.6319685,118025,111003
1766327532.6429243,118025,111003
1766327532.6538873,119151,111462
1766327532.664847,118109,111057
1766327532.6758063,118109,111057
1766327532.68676,118764,111271
1766327532.6977143,118236,111090
1766327532.7086685,118236,111090
1766327532.7196252,118236,111090
1766327532.7305815,118367,111121
1766327532.7415347,118323,111132
1766327532.7525177,118323,111132
1766327532.7634783,118235,111048
1766327532.7744417,118332,111101
1766327532.7853954,118332,111101
1766327532.796348,118332,111101
1766327532.8073013,118305,111099
1766327532.8182833,118348,111141
1766327532.8292406,118348,111141
1766327532.840194,118348,111141
1766327532.8511484,118414,111143
1766327532.8621,118437,111190
1766327532.873062,118437,111190
1766327532.8840325,118544,111185
1766327532.8949864,118526,111211
1766327532.905939,118526,111211
1766327532.9169004,118526,111211
1766327532.927856,118630,111232
1766327532.9388094,118653,111266
1766327532.9497864,118653,111266
1766327532.9607413,118653,111266
1766327532.9717042,118631,111248
1766327532.9826622,118738,111267
1766327532.9936154,118738,111267
1766327533.0045757,118620,111237
1766327533.015534,118858,111341
1766327533.0264893,118858,111341
1766327533.0374467,118858,111341
1766327533.0483997,118681,111261
1766327533.059351,118969,111402
1766327533.0704255,118969,111402
1766327533.0814807,118744,111274
1766327533.0924408,119012,111403
1766327533.1033952,119012,111403
1766327533.1144233,119012,111403
1766327533.1253917,118877,111333
1766327533.1363466,119078,111432
1766327533.147335,119078,111432
1766327533.1582909,119078,111432
1766327533.1692712,118992,111372
1766327533.1802301,119100,111455
1766327533.1912243,119100,111455
1766327533.2022114,119038,111407
1766327533.2131681,118816,111303
1766327533.2241354,118816,111303
1766327533.2351038,118816,111303
1766327533.2460575,119107,111429
1766327533.2570114,118371,111104
1766327533.2679749,118371,111104
1766327533.2789316,118371,111104
1766327533.289894,119143,111435
1766327533.300849,118171,111077
1766327533.3118026,118171,111077
1766327533.3227649,119199,111462
1766327533.3337226,118184,111058
1766327533.344724,118184,111058
1766327533.355701,118184,111058
1766327533.3666654,118892,111313
1766327533.3776236,118224,111064
1766327533.3885918,118224,111064
1766327533.3995543,118379,111081
1766327533.4105163,118409,111147
1766327533.4214768,118409,111147
1766327533.4324355,118409,111147
1766327533.4433892,118220,111047
1766327533.4543521,118553,111202
1766327533.4653144,118553,111202
1766327533.4764407,118553,111202
1766327533.4875069,118238,111046
1766327533.4992719,118535,111222
1766327533.5103235,118535,111222
1766327533.5213158,118256,111085
1766327533.5322745,118519,111193
1766327533.54323,118519,111193
1766327533.5542228,118519,111193
1766327533.5651891,118367,111123
1766327533.5761642,118580,111236
1766327533.587198,118580,111236
1766327533.5984561,118460,111150
1766327533.611213,118666,111257
1766327533.6223078,118666,111257
1766327533.6343505,118666,111257
1766327533.6454544,118533,111178
1766327533.656556,118773,111300
1766327533.667649,118773,111300
1766327533.6787415,118526,111191
1766327533.6898217,118844,111308
1766327533.7010036,118844,111308
1766327533.7122881,118844,111308
1766327533.7233872,118557,111195
1766327533.7344704,118976,111379
1766327533.7455556,118976,111379
1766327533.7565303,118976,111239
1766327533.7675016,119057,111406
1766327533.778457,119057,111406
1766327533.7894337,119057,111406
1766327533.8003914,118767,111280
1766327533.8113458,119099,111430
1766327533.822313,119099,111430
1766327533.8332694,119099,111430
1766327533.8442233,118861,111332
1766327533.855176,119180,111455
1766327533.8661532,119180,111455
1766327533.877109,118970,111386
1766327533.8880794,119151,111462
1766327533.8990324,119151,111462
1766327533.9099865,119151,111462
1766327533.9209504,119028,111389
1766327533.931904,118764,111271
1766327533.942857,118764,111271
1766327533.9538238,118764,111271
1766327533.9647844,119082,111419
1766327533.9757454,118367,111121
1766327533.9866989,118367,111121
1766327533.9976509,119161,111405
1766327534.008605,118235,111048
1766327534.0195658,118235,111048
1766327534.030519,118235,111048
1766327534.0414722,119078,111391
1766327534.0524244,118305,111099
1766327534.0633845,118305,111099
1766327534.074487,118305,111099
1766327534.085536,118414,111143
1766327534.0965025,118414,111143
1766327534.1074584,118414,111143
1766327534.118429,118222,111038
1766327534.1293888,118544,111185
1766327534.1403458,118544,111185
1766327534.1513114,118544,111185
1766327534.162264,118139,111016
1766327534.1732266,118630,111232
1766327534.1841817,118630,111232
1766327534.195138,118145,111022
1766327534.2060907,118631,111248
1766327534.2171507,118631,111248
1766327534.22812,118631,111248
1766327534.2390974,118194,111041
1766327534.2500558,118620,111237
1766327534.2610087,118620,111237
1766327534.2719724,118620,111237
1766327534.2829268,118300,111105
1766327534.2938797,118681,111261
1766327534.3048327,118681,111261
1766327534.3157887,118432,111102
1766327534.3267417,118744,111274
1766327534.3376942,118744,111274
1766327534.3486562,118744,111274
1766327534.3596075,118441,111140
1766327534.3705673,118877,111333
1766327534.3815281,118877,111333
1766327534.392485,118877,111152
1766327534.403437,118992,111372
1766327534.4143991,118992,111372
1766327534.4253516,118992,111372
1766327534.4363048,118534,111180
1766327534.4472568,119038,111407
1766327534.4582078,119038,111407
1766327534.4691653,119038,111407
1766327534.4801273,118646,111226
1766327534.4910793,119107,111429
1766327534.5020316,119107,111429
1766327534.5129828,118782,111305
1766327534.5239396,119143,111435
1766327534.534892,119143,111435
1766327534.545849,119143,111435
1766327534.5568132,118875,111324
1766327534.567783,119199,111462
1766327534.5787401,119199,111462
1766327534.5897317,119199,111462
1766327534.6007736,118937,111359
1766327534.6117399,118892,111313
1766327534.6227062,118892,111313
1766327534.633661,119037,111356
1766327534.6446166,118379,111081
1766327534.6555781,118379,111081
1766327534.6665723,118379,111081
1766327534.6775298,119094,111403
1766327534.688485,118220,111047
1766327534.6994386,118220,111047
1766327534.7103915,118220,111047
1766327534.7213545,118238,111046
1766327534.7323098,118238,111046
1766327534.7432606,118238,111046
1766327534.7542272,118927,111324
1766327534.765198,118256,111085
1766327534.7761655,118256,111085
1766327534.7871187,118256,111085
1766327534.7980707,118427,111108
1766327534.8090537,118367,111123
1766327534.820013,118367,111123
1766327534.8309681,118168,111036
1766327534.8419218,118460,111150
1766327534.8528736,118460,111150
1766327534.8638587,118460,111150
1766327534.874826,118124,110996
1766327534.8857915,118533,111178
1766327534.8967507,118533,111178
1766327534.9077146,118533,111178
1766327534.918765,118094,111015
1766327534.9298282,118526,111191
1766327534.940878,118526,111191
1766327534.951945,118239,111029
1766327534.9629855,118557,111195
1766327534.9740536,118557,111195
1766327534.9852479,118557,111195
1766327534.9962924,118385,111114
1766327535.0073347,118661,111239
1766327535.0184271,118661,111239
1766327535.029482,118403,111114
1766327535.0405257,118767,111280
1766327535.0515678,118767,111280
1766327535.0626204,118767,111280
1766327535.0738516,118446,111127
1766327535.085075,118861,111332
1766327535.0961413,118861,111332
1766327535.107211,118861,111332
1766327535.1183562,118498,111171
1766327535.129379,118970,111386
1766327535.1403902,118970,111386
1766327535.1514158,118559,111186
1766327535.1624234,119028,111389
1766327535.173446,119028,111389
1766327535.1844566,119028,111389
1766327535.1955037,118678,111233
1766327535.2065136,119082,111419
1766327535.2175508,119082,111419
1766327535.2286441,118826,111314
1766327535.239688,119161,111405
1766327535.2507367,119161,111405
1766327535.2617762,119161,111405
1766327535.272868,118896,111323
1766327535.2839165,119078,111391
1766327535.2949507,119078,111391
1766327535.3059921,119078,111391
1766327535.3170416,119001,111376
1766327535.3281126,118556,111169
1766327535.339153,118556,111169
1766327535.3502154,119043,111383
1766327535.3612514,118222,111038
1766327535.3723142,118222,111038
1766327535.383374,118222,111038
1766327535.3944137,119116,111409
1766327535.4054546,118139,111016
1766327535.4165425,118139,111016
1766327535.4275868,119167,111412
1766327535.4386246,118145,111022
1766327535.449661,118145,111022
1766327535.4607005,118145,111022
1766327535.4717703,118979,111335
1766327535.4828153,118194,111041
1766327535.4938502,118194,111041
1766327535.5049021,118194,111041
1766327535.515961,118489,111123
1766327535.527001,118300,111105
1766327535.5380635,118300,111105
1766327535.5491498,118249,111043
1766327535.5602314,118432,111102
1766327535.5712965,118432,111102
1766327535.5823402,118432,111102
1766327535.5934753,118229,111036
1766327535.6045692,118441,111140
1766327535.6156306,118441,111140
1766327535.6267145,118257,111030
1766327535.6377876,118474,111152
1766327535.648859,118474,111152
1766327535.6599545,118474,111152
1766327535.6710246,118416,111113
1766327535.6820686,118534,111180
1766327535.6932168,118534,111180
1766327535.70426,118534,111200
1766327535.7153175,118646,111226
1766327535.7263591,118646,111226
1766327535.737393,118646,111226
1766327535.7484565,118585,111177
1766327535.7595336,118782,111305
1766327535.7705925,118782,111305
1766327535.781634,118782,111305
1766327535.7926736,118586,111173
1766327535.8037128,118875,111324
1766327535.8147554,118875,111324
1766327535.8258047,118612,111217
1766327535.836886,118937,111359
1766327535.847962,118937,111359
1766327535.8590045,118937,111359
1766327535.870064,118693,111221
1766327535.8811536,119037,111356
1766327535.8921995,119037,111356
1766327535.9032373,118823,111292
1766327535.914287,119094,111403
1766327535.9253373,119094,111403
1766327535.9364011,119094,111403
1766327535.9474995,118897,111317
1766327535.958559,119152,111408
1766327535.969625,119152,111408
1766327535.980701,119152,111408
1766327535.9917457,119002,111352
1766327536.0027862,118927,111324
1766327536.0139554,118927,111324
1766327536.025035,119058,111379
1766327536.036076,118427,111108
1766327536.0471168,118427,111108
1766327536.058153,118427,111108
1766327536.0692189,119128,111380
1766327536.08047,118168,111036
1766327536.0916405,118168,111036
1766327536.1026814,119132,111393
1766327536.113756,118124,110996
1766327536.12482,118124,110996
1766327536.1358624,118124,110996
1766327536.1469088,119189,111416
1766327536.1579359,118094,111015
1766327536.168963,118094,111015
1766327536.1799722,118094,111015
1766327536.1909785,118881,111289
1766327536.201984,118239,111029
1766327536.212992,118239,111029
1766327536.2240174,118440,111070
1766327536.2350352,118385,111114
1766327536.2460403,118385,111114
1766327536.2571774,118385,111114
1766327536.2682426,118255,111024
1766327536.2792902,118403,111114
1766327536.2905474,118403,111114
1766327536.3016436,118203,111006
1766327536.312694,118446,111127
1766327536.3237915,118446,111127
1766327536.3348646,118446,111127
1766327536.3459048,118275,111048
1766327536.3569643,118498,111171
1766327536.3680267,118498,111171
1766327536.379065,118498,111171
1766327536.3901255,118421,111137
1766327536.401167,118559,111186
1766327536.412205,118559,111186
1766327536.4232607,118504,111142
1766327536.4343016,118678,111233
1766327536.4453726,118678,111233
1766327536.4564173,118678,111233
1766327536.4674814,118484,111141
1766327536.478522,118826,111314
1766327536.4895604,118826,111314
1766327536.500604,118486,111152
1766327536.5116515,118896,111323
1766327536.5227137,118896,111323
1766327536.533753,118896,111323
1766327536.5447912,118508,111147
1766327536.555872,119001,111376
1766327536.566926,119001,111376
1766327536.5779684,119001,111376
1766327536.5890114,118602,111201
1766327536.6001787,119043,111383
1766327536.61123,119043,111383
1766327536.622293,118706,111224
1766327536.6333334,119116,111409
1766327536.6443732,119116,111409
1766327536.6554143,119116,111409
1766327536.6664667,118806,111267
1766327536.6775322,119167,111412
1766327536.688575,119167,111412
1766327536.6996121,118867,111296
1766327536.710654,118979,111335
1766327536.7217047,118979,111335
1766327536.7327447,118979,111335
1766327536.7437847,118954,111332
1766327536.7548368,118489,111123
1766327536.7658885,118489,111123
1766327536.7769368,118489,111123
1766327536.7879746,118991,111335
1766327536.7990122,118249,111043
1766327536.8100455,118249,111043
1766327536.821138,119099,111385
1766327536.832199,118229,111036
1766327536.8432367,118229,111036
1766327536.8542717,118229,111036
1766327536.8653498,119129,111404
1766327536.876391,118257,111030
1766327536.8874497,118257,111030
1766327536.8984885,118825,111245
1766327536.9095225,118416,111113
1766327536.920579,118416,111113
1766327536.9316204,118416,111113
1766327536.94266,118367,111065
1766327536.9537113,118559,111200
1766327536.9647608,118559,111200
1766327536.975812,118559,111200
1766327536.9868493,118559,111200
1766327536.9978836,118585,111177
1766327537.008921,118585,111177
1766327537.0199847,118118,110984
1766327537.0311959,118586,111173
1766327537.0423138,118586,111173
1766327537.0533614,118586,111173
1766327537.0644212,118123,110976
1766327537.0756638,118612,111217
1766327537.0868392,118612,111217
1766327537.097887,118187,111024
1766327537.1089256,118693,111221
1766327537.1201417,118693,111221
1766327537.1313758,118693,111221
1766327537.142499,118327,111057
1766327537.1536267,118823,111292
1766327537.1647935,118823,111292
1766327537.1759408,118310,111042
1766327537.1870103,118897,111317
1766327537.1979713,118897,111317
1766327537.2089236,118897,111317
1766327537.2198913,118336,111064
1766327537.2308497,119002,111352
1766327537.2418084,119002,111352
1766327537.2527635,119002,111352
1766327537.2637286,118342,111085
1766327537.2746966,119058,111379
1766327537.2856517,119058,111379
1766327537.2966044,118451,111109
1766327537.3075573,119128,111380
1766327537.3185177,119128,111380
1766327537.329473,119128,111380
1766327537.3404393,118555,111156
1766327537.351609,119132,111393
1766327537.3627553,119132,111393
1766327537.3738341,118663,111227
1766327537.38492,119189,111416
1766327537.3960207,119189,111416
1766327537.4071097,119189,111416
1766327537.4182005,118741,111241
1766327537.4292836,118881,111289
1766327537.4406261,118881,111289
1766327537.4517076,118881,111289
1766327537.4629056,118780,111273
1766327537.4745653,118440,111070
1766327537.4856665,118440,111070
1766327537.4967723,118895,111271
1766327537.5078492,118255,111024
1766327537.5188248,118255,111024
1766327537.5297894,118255,111024
1766327537.5407424,118957,111325
1766327537.5517206,118203,111006
1766327537.5626802,118203,111006
1766327537.5736468,119051,111368
1766327537.5846038,118275,111048
1766327537.595704,118275,111048
1766327537.6066713,118275,111048
1766327537.6176426,119065,111358
1766327537.628602,118421,111137
1766327537.6395547,118421,111137
1766327537.6505127,118421,111137
1766327537.6614666,118673,111205
1766327537.6724253,118504,111142
1766327537.683379,118504,111142
1766327537.694331,118234,110979
1766327537.7052848,118484,111141
1766327537.7162435,118484,111141
1766327537.7271972,118484,111141
1766327537.7381747,118065,110943
1766327537.7491293,118486,111152
1766327537.760095,118486,111152
1766327537.7710567,118486,110939
1766327537.7820115,118508,111147
1766327537.7929647,118508,111147
1766327537.803916,118508,111147
1766327537.8148723,118026,110937
1766327537.8258307,118602,111201
1766327537.8367834,118602,111201
1766327537.8477356,118602,111201
1766327537.8586876,118118,110980
1766327537.8696473,118706,111224
1766327537.8806012,118706,111224
1766327537.8915641,118230,111047
1766327537.9025176,118806,111267
1766327537.9134777,118806,111267
1766327537.9244351,118806,111267
1766327537.935389,118258,111034
1766327537.9463422,118867,111296
1766327537.9573035,118867,111296
1766327537.968272,118867,111296
1766327537.9792273,118220,111039
1766327537.9901803,118954,111332
1766327538.0011315,118954,111332
1766327538.0120876,118294,111034
1766327538.0230465,118991,111335
1766327538.034,118991,111335
1766327538.0449522,118991,111335
1766327538.055904,118383,111083
1766327538.06686,119099,111385
1766327538.0779645,119099,111385
1766327538.0890012,119099,111385
1766327538.100017,119129,111404
1766327538.110977,119129,111404
1766327538.1219494,119129,111404
1766327538.132906,118617,111174
1766327538.1438575,118825,111245
1766327538.154833,118825,111245
1766327538.1657999,118825,111245
1766327538.1767554,118725,111215
1766327538.1877081,118367,111065
1766327538.1987154,118367,111065
1766327538.2097776,118828,111268
1766327538.2207615,118559,111200
1766327538.2317262,118559,111200
1766327538.2426808,118559,111200
1766327538.253634,118892,111278
1766327538.2645957,118118,110984
1766327538.2755485,118118,110984
1766327538.2865007,118118,110984
1766327538.2974586,118923,111306
1766327538.3085022,118123,110976
1766327538.319478,118123,110976
1766327538.3304336,119035,111301
1766327538.3413887,118187,111024
1766327538.3523552,118187,111024
1766327538.3633192,118187,111024
1766327538.3742952,119088,111362
1766327538.3852684,118327,111057
1766327538.3963192,118327,111057
1766327538.4072893,118948,111304
1766327538.4182582,118310,111042
1766327538.4292147,118310,111042
1766327538.4401872,118310,111042
1766327538.4511409,118418,111072
1766327538.4620936,118336,111064
1766327538.473058,118336,111064
1766327538.4840198,118336,111064
1766327538.4949744,118138,110957
1766327538.5059273,118342,111085
1766327538.5168872,118342,111085
1766327538.5278406,118071,110930
1766327538.5387928,118451,111109
1766327538.5497448,118451,111109
1766327538.5607069,118451,111109
1766327538.5716715,118115,110949
1766327538.5826259,118555,111156
1766327538.5937605,118555,111156
1766327538.6047406,118555,111156
1766327538.6157086,118208,111015
1766327538.626665,118663,111227
1766327538.637619,118663,111227
1766327538.648573,118338,111036
1766327538.6595252,118741,111241
1766327538.670491,118741,111241
1766327538.6814454,118741,111241
1766327538.6923993,118413,111070
1766327538.7033536,118780,111273
1766327538.7143104,118780,111273
1766327538.7252665,118397,111103
1766327538.736222,118895,111271
1766327538.7471752,118895,111271
1766327538.758141,118895,111271
1766327538.7691078,118431,111084
1766327538.7800632,118957,111325
1766327538.791031,118957,111325
1766327538.801985,118957,111325
1766327538.812938,118510,111126
1766327538.8238947,119051,111368
1766327538.834856,119051,111368
1766327538.8458083,118590,111144
1766327538.8567603,119065,111358
1766327538.8677192,119065,111358
1766327538.8786716,119065,111358
1766327538.8896327,118739,111210
1766327538.9005876,118673,111205
1766327538.91154,118673,111205
1766327538.9224992,118673,111205
1766327538.9334528,118808,111250
1766327538.9444053,118234,110979
1766327538.9553628,118234,110979
1766327538.9663227,118928,111238
1766327538.9772773,118065,110943
1766327538.988232,118065,110943
1766327538.999184,118065,110943
1766327539.0101433,118987,111305
1766327539.0211024,118042,110939
1766327539.0320566,118042,110939
1766327539.0430086,118042,111335
1766327539.05396,118026,110937
1766327539.064877,118026,110937
1766327539.0760763,118026,110937
1766327539.087137,119130,111359
1766327539.0982032,118118,110980
1766327539.1091769,118118,110980
1766327539.1201391,118118,110980
1766327539.1311193,119142,111361
1766327539.1420858,118230,111047
1766327539.1530545,118230,111047
1766327539.1640177,118786,111198
1766327539.1749773,118258,111034
1766327539.1859326,118258,111034
1766327539.1968858,118258,111034
1766327539.2078388,118410,111044
1766327539.2187939,118220,111039
1766327539.2297473,118220,111039
1766327539.2407014,118220,111039
1766327539.2516541,118269,111014
1766327539.2626064,118294,111034
1766327539.2735603,118294,111034
1766327539.2845147,118286,111001
1766327539.2954645,118383,111083
1766327539.306417,118383,111083
1766327539.3173687,118383,111083
1766327539.3283207,118371,111054
1766327539.3392763,118485,111111
1766327539.3502288,118485,111111
1766327539.3611891,118557,111147
1766327539.3721595,118617,111174
1766327539.3831127,118617,111174
1766327539.394083,118617,111174
1766327539.4050498,118641,111156
1766327539.4160044,118725,111215
1766327539.4269571,118725,111215
1766327539.437909,118725,111215
1766327539.4488604,118634,111147
1766327539.4598107,118828,111268
1766327539.4707634,118828,111268
1766327539.4817307,118597,111138
1766327539.492684,118892,111278
1766327539.5036383,118892,111278
1766327539.5145924,118892,111278
1766327539.5256345,118668,111173
1766327539.5366626,118923,111306
1766327539.5476184,118923,111306
1766327539.5585892,118923,111306
1766327539.5695505,118746,111211
1766327539.5805044,119035,111301
1766327539.591537,119035,111301
1766327539.6025631,118869,111227
1766327539.613526,119088,111362
1766327539.6244845,119088,111362
1766327539.6354377,119088,111362
1766327539.6463907,118967,111287
1766327539.657357,118948,111304
1766327539.6683133,118948,111304
1766327539.6792674,119055,111337
1766327539.6902208,118418,111072
1766327539.701175,118418,111072
1766327539.7121267,118418,111072
1766327539.7230868,119117,111354
1766327539.7340398,118138,110957
1766327539.7449908,118138,110957
1766327539.7559636,118138,110957
1766327539.7669196,119177,111370
1766327539.777872,118071,110930
1766327539.7888248,118071,110930
1766327539.7997763,119207,111382
1766327539.810732,118115,110949
1766327539.8216856,118115,110949
1766327539.8326592,118115,110949
1766327539.8436122,119185,111383
1766327539.8545632,118208,111015
1766327539.8655148,118208,111015
1766327539.8764653,118208,111015
1766327539.8874342,118732,111182
1766327539.8983893,118338,111036
1766327539.9093418,118338,111036
1766327539.9202957,118377,111002
1766327539.931248,118413,111070
1766327539.942199,118413,111070
1766327539.953149,118413,111070
1766327539.9641128,118284,111002
1766327539.975064,118397,111103
1766327539.9860156,118397,111103
1766327539.9969664,118397,111026
1766327540.0079172,118431,111084
1766327540.018878,118431,111084
1766327540.0298314,118431,111084
1766327540.0407827,118373,111056
1766327540.051733,118510,111126
1766327540.0626838,118510,111126
1766327540.0737665,118510,111126
1766327540.0848289,118526,111110
1766327540.0959651,118590,111144
1766327540.1070206,118590,111144
1766327540.1190073,118565,111122
1766327540.130023,118739,111210
1766327540.14098,118739,111210
1766327540.1519291,118739,111210
1766327540.1629064,118575,111132
1766327540.1738665,118808,111250
1766327540.184833,118808,111250
1766327540.1958282,118808,111158
1766327540.2067902,118928,111238
1766327540.2177489,118928,111238
1766327540.2287822,118928,111238
1766327540.2397537,118648,111162
1766327540.2507093,118987,111305
1766327540.261662,118987,111305
1766327540.2726266,118987,111305
1766327540.2835798,118744,111201
1766327540.2945323,119069,111335
1766327540.305486,119069,111335
1766327540.316451,118819,111241
1766327540.3274033,119130,111359
1766327540.3383555,119130,111359
1766327540.3493087,119130,111359
1766327540.3603733,118957,111283
1766327540.3713531,119142,111361
1766327540.3823066,119142,111361
1766327540.3932796,119142,111361
1766327540.4042373,119029,111322
1766327540.4152553,118786,111198
1766327540.4262235,118786,111198
1766327540.4371796,119089,111317
1766327540.448132,118410,111044
1766327540.4590874,118410,111044
1766327540.4700432,118410,111044
1766327540.4809973,119159,111361
1766327540.4920204,118269,111014
1766327540.5029888,118269,111014
1766327540.5139484,119191,111394
1766327540.5249074,118286,111001
1766327540.5359473,118286,111001
1766327540.546901,118286,111001
1766327540.5578704,118987,111282
1766327540.5688574,118371,111054
1766327540.5798104,118371,111054
1766327540.5910378,118371,111054
1766327540.6020627,118487,111055
1766327540.6130514,118557,111147
1766327540.6240182,118557,111147
1766327540.634975,118208,110974
1766327540.6459286,118641,111156
1766327540.6570165,118641,111156
1766327540.6680648,118641,111156
1766327540.679024,118165,110962
1766327540.6899798,118634,111147
1766327540.7009342,118634,111147
1766327540.7118864,118634,111147
1766327540.722845,118137,110947
1766327540.733798,118597,111138
1766327540.74476,118597,111138
1766327540.7557237,118249,110989
1766327540.766699,118668,111173
1766327540.7776577,118668,111173
1766327540.7886105,118668,111173
1766327540.7995617,118374,111050
1766327540.8105137,118746,111211
1766327540.821467,118746,111211
1766327540.8324184,118398,111030
1766327540.8433697,118869,111227
1766327540.854321,118869,111227
1766327540.865271,118869,111227
1766327540.8762221,118411,111065
1766327540.8872056,118967,111287
1766327540.8981614,118967,111287
1766327540.9091136,118967,111287
1766327540.9200675,118475,111068
1766327540.9310195,119055,111337
1766327540.9419732,119055,111337
1766327540.952926,118527,111102
1766327540.9638863,119117,111354
1766327540.974838,119117,111354
1766327540.9857888,119117,111354
1766327540.9967403,118647,111139
1766327541.007693,119177,111370
1766327541.018645,119177,111370
1766327541.029595,119177,111370
1766327541.0405478,118763,111222
1766327541.0514996,119207,111382
1766327541.0624506,119207,111382
1766327541.07345,118867,111238
1766327541.0845125,119185,111383
1766327541.0954757,119185,111383
1766327541.1067066,119185,111383
1766327541.119782,118942,111273
1766327541.1308784,118732,111182
1766327541.1419516,118732,111182
1766327541.1531825,119020,111259
1766327541.1644132,118377,111002
1766327541.1757624,118377,111002
1766327541.1869347,118377,111002
1766327541.1980655,119086,111322
1766327541.2091775,118284,111002
1766327541.2203624,118284,111002
1766327541.2315507,119098,111321
1766327541.2426634,118310,111026
1766327541.2537344,118310,111026
1766327541.2647984,118310,111026
1766327541.275757,119033,111294
1766327541.2867098,118373,111056
1766327541.297673,118373,111056
1766327541.308626,118373,111078
1766327541.3195925,118526,111110
1766327541.3305511,118526,111110
1766327541.341506,118526,111110
1766327541.3524652,118175,110936
1766327541.3634455,118565,111122
1766327541.374412,118565,111122
1766327541.3853745,118565,111122
1766327541.3963342,118118,110920
1766327541.407361,118575,111132
1766327541.4183357,118575,111132
1766327541.429291,118122,110924
1766327541.4402475,118615,111158
1766327541.4512005,118615,111158
1766327541.4621534,118615,111158
1766327541.4731133,118179,110950
1766327541.4840682,118648,111162
1766327541.4950213,118648,111162
1766327541.5059738,118648,111162
1766327541.5169344,118287,111001
1766327541.5278873,118744,111201
1766327541.5388412,118744,111201
1766327541.5497973,118407,111008
1766327541.560761,118819,111241
1766327541.5717218,118819,111241
1766327541.582676,118819,111241
1766327541.5938654,118395,111032
1766327541.6048477,118957,111283
1766327541.615821,118957,111283
1766327541.6267781,118436,111057
1766327541.6377304,119029,111322
1766327541.6486905,119029,111322
1766327541.6596458,119029,111322
1766327541.6706645,118478,111078
1766327541.6817255,119089,111317
1766327541.6927958,119089,111317
1766327541.703868,119089,111317
1766327541.7148068,118587,111115
1766327541.7257686,119159,111361
1766327541.7367225,119159,111361
1766327541.747677,118675,111124
1766327541.7586436,119191,111394
1766327541.769606,119191,111394
1766327541.780582,119191,111394
1766327541.7915375,118806,111206
1766327541.8024914,118987,111282
1766327541.8134456,118987,111282
1766327541.8244078,118987,111282
1766327541.835363,118930,111256
1766327541.8463173,118487,111055
1766327541.85727,118487,111055
1766327541.868228,118973,111256
1766327541.8791816,118208,110974
1766327541.8901384,118208,110974
1766327541.9010901,118208,110974
1766327541.9120421,119029,111291
1766327541.9230037,118165,110962
1766327541.9339738,118165,110962
1766327541.9449363,119095,111320
1766327541.9558976,118137,110947
1766327541.966862,118137,110947
1766327541.977817,118137,110947
1766327541.9887705,119105,111313
1766327541.9997218,118249,110989
1766327542.0106785,118249,110989
1766327542.0216389,118249,110989
1766327542.0326738,118745,111158
1766327542.0436318,118374,111050
1766327542.0546372,118374,111050
1766327542.06562,118242,110932
1766327542.0768383,118398,111030
1766327542.0878978,118398,111030
1766327542.0988586,118398,111030
1766327542.109816,118135,110909
1766327542.1207857,118411,111065
1766327542.1317403,118411,111065
1766327542.1426942,118411,111065
1766327542.153648,118117,110921
1766327542.164591,118475,111068
1766327542.1756012,118475,111068
1766327542.1866643,118186,110940
1766327542.1977024,118527,111102
1766327542.2087455,118527,111102
1766327542.2198362,118527,111102
1766327542.230882,118318,110996
1766327542.2419312,118647,111139
1766327542.2529762,118647,111139
1766327542.26402,118480,111056
1766327542.2751122,118763,111222
1766327542.2861755,118763,111222
1766327542.2972095,118763,111222
1766327542.3082502,118461,111044
1766327542.3193045,118867,111238
1766327542.3303447,118867,111238
1766327542.3413913,118867,111238
1766327542.352444,118468,111051
1766327542.3635225,118942,111273
1766327542.3745918,118942,111273
1766327542.385641,118511,111062
1766327542.3967278,119020,111259
1766327542.4077837,119020,111259
1766327542.4188373,119020,111259
1766327542.4298818,118622,111108
1766327542.4409254,119086,111322
1766327542.4519641,119086,111322
1766327542.4629984,118728,111153
1766327542.4740524,119098,111321
1766327542.48516,119098,111321
1766327542.4962046,119098,111321
1766327542.5072498,118881,111205
1766327542.518313,119033,111294
1766327542.5294771,119033,111294
1766327542.5405295,119033,111294
1766327542.5515761,119033,111294
1766327542.562631,118535,111078
1766327542.5737097,118535,111078
1766327542.584801,119063,111288
1766327542.5963457,118175,110936
1766327542.6074247,118175,110936
1766327542.6184828,118175,110936
1766327542.6295276,119151,111303
1766327542.6406126,118118,110920
1766327542.6516562,118118,110920
1766327542.6626883,119200,111359
1766327542.6737509,118122,110924
1766327542.6848774,118122,110924
1766327542.695918,118122,110924
1766327542.7069488,119256,111358
1766327542.717984,118179,110950
1766327542.729022,118179,110950
1766327542.740038,119188,111320
1766327542.751059,118287,111001
1766327542.7620885,118287,111001
1766327542.7731285,118287,111001
1766327542.784196,118727,111117
1766327542.7952423,118407,111008
1766327542.806285,118407,111008
1766327542.817333,118407,111008
1766327542.8283927,118373,110987
1766327542.8394344,118395,111032
1766327542.8504696,118395,111032
1766327542.8615024,118329,110980
1766327542.8725507,118436,111057
1766327542.8835971,118436,111057
1766327542.8946822,118436,111057
1766327542.9057248,118377,110994
1766327542.9167836,118478,111078
1766327542.9278426,118478,111078
1766327542.9388878,118490,111040
1766327542.9499233,118587,111115
1766327542.9609728,118587,111115
1766327542.9720342,118587,111115
1766327542.983081,118662,111112
1766327542.9941874,118675,111124
1766327543.005229,118675,111124
1766327543.0162816,118675,111124
1766327543.027324,118675,111137
1766327543.03836,118806,111206
1766327543.049399,118806,111206
1766327543.0604408,118678,111091
1766327543.0714905,118930,111256
1766327543.0827296,118930,111256
1766327543.0939846,118930,111256
1766327543.1050043,118694,111125
1766327543.116031,118973,111256
1766327543.127039,118973,111256
1766327543.1380434,118752,111147
1766327543.1490793,119029,111291
1766327543.1600986,119029,111291
1766327543.171114,119029,111291
1766327543.1821187,118870,111203
1766327543.1932187,119095,111320
1766327543.2043068,119095,111320
1766327543.215366,119095,111320
1766327543.2264156,118961,111244
1766327543.2374604,119105,111313
1766327543.2485006,119105,111313
1766327543.2595384,119083,111265
1766327543.270578,118745,111158
1766327543.2816305,118745,111158
1766327543.2926676,118745,111158
1766327543.3037302,119149,111314
1766327543.3147829,118242,110932
1766327543.3258421,118242,110932
1766327543.3368814,119193,111332
1766327543.34796,118135,110909
1766327543.3590076,118135,110909
1766327543.370065,118135,110909
1766327543.3811414,119264,111361
1766327543.3922133,118117,110921
1766327543.4032636,118117,110921
1766327543.4143224,118117,110921
1766327543.4253826,119342,111407
1766327543.4364207,118186,110940
1766327543.4474578,118186,110940
1766327543.4584901,119268,111362
1766327543.4695473,118318,110996
1766327543.4805934,118318,110996
1766327543.4916341,118318,110996
1766327543.5027432,118852,111175
1766327543.5139441,118480,111056
1766327543.5251415,118480,111056
1766327543.5362618,118483,111018
1766327543.5473723,118461,111044
1766327543.5585442,118461,111044
1766327543.5696545,118461,111044
1766327543.5806937,118364,110986
1766327543.5919354,118468,111051
1766327543.6030986,118468,111051
1766327543.6141543,118468,111012
1766327543.625157,118511,111062
1766327543.6361382,118511,111062
1766327543.6471198,118511,111062
1766327543.6581123,118487,111041
1766327543.6690888,118622,111108
1766327543.680076,118622,111108
1766327543.6910574,118622,111108
1766327543.7020564,118635,111108
1766327543.7130594,118728,111153
1766327543.7241178,118728,111153
1766327543.7351677,118667,111111
1766327543.746205,118881,111205
1766327543.7572422,118881,111205
1766327543.768318,118881,111205
1766327543.7793698,118660,111110
1766327543.7904184,119033,111294
1766327543.8014524,119033,111294
1766327543.8125148,119033,111294
1766327543.8235745,119063,111288
1766327543.8346252,119063,111288
1766327543.8456597,119063,111288
1766327543.856697,118732,111140
1766327543.8677526,119151,111303
1766327543.8787968,119151,111303
1766327543.8898704,119151,111303
1766327543.9009113,118815,111181
1766327543.911951,119200,111359
1766327543.9230173,119200,111359
1766327543.9340649,118894,111196
1766327543.945228,119256,111358
1766327543.9562728,119256,111358
1766327543.9674358,119256,111358
1766327543.978506,119026,111265
1766327543.9895458,119188,111320
1766327544.0005887,119188,111320
1766327544.0116336,119119,111311
1766327544.0226936,118727,111117
1766327544.0337389,118727,111117
1766327544.044779,118727,111117
1766327544.0558527,119157,111315
1766327544.0669003,118373,110987
1766327544.0781443,118373,110987
1766327544.0895212,118373,110987
1766327544.100627,119199,111335
1766327544.1116705,118329,110980
1766327544.1226907,118329,110980
1766327544.133705,119269,111327
1766327544.144716,118377,110994
1766327544.1557236,118377,110994
1766327544.1667554,118377,110994
1766327544.1777673,119131,111295
1766327544.1887736,118490,111040
1766327544.1997764,118490,111040
1766327544.210787,118571,111037
1766327544.221841,118662,111112
1766327544.2328837,118662,111112
1766327544.2439725,118662,111112
1766327544.2550228,118279,110950
1766327544.266076,118675,111137
1766327544.2771187,118675,111137
1766327544.2881882,118675,111137
1766327544.299229,118201,110941
1766327544.3102713,118678,111091
1766327544.321311,118678,111091
1766327544.3323467,118250,110920
1766327544.3433862,118694,111125
1766327544.354421,118694,111125
1766327544.3654733,118694,111125
1766327544.3765104,118317,110977
1766327544.3875499,118752,111147
1766327544.3986247,118752,111147
1766327544.409696,118422,111015
1766327544.420744,118870,111203
1766327544.4317837,118870,111203
1766327544.4428217,118870,111203
1766327544.4538538,118525,111058
1766327544.4649053,118961,111244
1766327544.47595,118961,111244
1766327544.4869995,118961,111244
1766327544.4980376,118475,111046
1766327544.5091124,119083,111265
1766327544.520197,119083,111265
1766327544.5312734,118513,111045
1766327544.5423172,119149,111314
1766327544.553357,119149,111314
1766327544.5644119,119149,111314
1766327544.5754542,118594,111092
1766327544.586491,119193,111332
1766327544.5976763,119193,111332
1766327544.6087282,118666,111110
1766327544.6197696,119264,111361
1766327544.6307874,119264,111361
1766327544.6418107,119264,111361
1766327544.652833,118822,111176
1766327544.6638548,119342,111407
1766327544.674872,119342,111407
1766327544.68589,119342,111407
1766327544.696908,118884,111228
1766327544.7079325,119268,111362
1766327544.7189615,119268,111362
1766327544.7300043,119021,111218
1766327544.7410426,118852,111175
1766327544.7521088,118852,111175
1766327544.7631824,118852,111175
1766327544.7742274,119089,111290
1766327544.785264,118483,111018
1766327544.7963014,118483,111018
1766327544.8073375,119102,111266
1766327544.8183794,118364,110986
1766327544.8294153,118364,110986
1766327544.840453,118364,110986
1766327544.851491,119205,111336
1766327544.8628561,118395,111012
1766327544.8747263,118395,111012
1766327544.8860114,118395,111312
1766327544.8973372,118487,111041
1766327544.9086294,118487,111041
1766327544.9198105,118487,111041
1766327544.9309042,118776,111136
1766327544.9420052,118635,111108
1766327544.9531553,118635,111108
1766327544.9643817,118635,111108
1766327544.9755268,118256,110948
1766327544.9866586,118667,111111
1766327544.9977808,118667,111111
1766327545.0089111,118114,110887
1766327545.0200298,118660,111110
1766327545.0311298,118660,111110
1766327545.0423384,118660,111110
1766327545.054617,118090,110875
1766327545.065686,118623,111078
1766327545.0768569,118623,111078
1766327545.0879307,118115,110859
1766327545.0988922,118732,111140
1766327545.109866,118732,111140
1766327545.1208336,118732,111140
1766327545.1317914,118227,110944
1766327545.1427448,118815,111181
1766327545.1536977,118815,111181
1766327545.1646838,118336,110970
1766327545.1756377,118894,111196
1766327545.1865902,118894,111196
1766327545.1975818,118894,111196
1766327545.2085352,118390,111002
1766327545.2195,119026,111265
1766327545.2304587,119026,111265
1766327545.2414143,119026,111265
1766327545.2523673,118388,110995
1766327545.2633235,119119,111311
1766327545.2742848,119119,111311
1766327545.2852397,118411,110987
1766327545.2961931,119157,111315
1766327545.3071442,119157,111315
1766327545.3181024,119157,111315
1766327545.3290644,118538,111064
1766327545.3400176,119199,111335
1766327545.3509688,119199,111335
1766327545.361933,119199,111335
1766327545.372908,118680,111122
1766327545.3838623,119269,111327
1766327545.3948298,119269,111327
1766327545.405784,118788,111158
1766327545.4167497,119131,111295
1766327545.4277046,119131,111295
1766327545.4386575,119131,111295
1766327545.4496088,118906,111206
1766327545.4605772,118571,111037
1766327545.4715366,118571,111037
1766327545.4824898,119009,111273
1766327545.493443,118279,110950
1766327545.504396,118279,110950
1766327545.5153534,118279,110950
1766327545.526309,119098,111286
1766327545.5372627,118201,110941
1766327545.548214,118201,110941
1766327545.5595007,118201,110941
1766327545.5704892,119171,111304
1766327545.5814767,118250,110920
1766327545.5925548,118250,110920
1766327545.6035686,119181,111323
1766327545.6145475,118317,110977
1766327545.6255112,118317,110977
1766327545.636467,118317,110977
1766327545.6474268,118984,111216
1766327545.6584458,118422,111015
1766327545.669419,118422,111015
1766327545.6803794,118422,111015
1766327545.691332,118421,110983
1766327545.7022874,118525,111058
1766327545.713239,118525,111058
1766327545.724202,118207,110899
1766327545.7351565,118475,111046
1766327545.746113,118475,111046
1766327545.7570655,118475,111046
1766327545.7680447,118180,110899
1766327545.779002,118513,111045
1766327545.789955,118513,111045
1766327545.8009076,118194,110884
1766327545.8118753,118594,111092
1766327545.8228338,118594,111092
1766327545.8337922,118594,111092
1766327545.8447475,118327,110960
1766327545.8557012,118666,111110
1766327545.8666604,118666,111110
1766327545.8776162,118666,111110
1766327545.888569,118493,111021
1766327545.8995378,118822,111176
1766327545.9104912,118822,111176
1766327545.9214523,118505,111046
1766327545.9324086,118884,111228
1766327545.943361,118884,111228
1766327545.9543126,118884,111228
1766327545.9652882,118486,111028
1766327545.9762454,119021,111218
1766327545.9871967,119021,111218
1766327545.998149,119021,111218
1766327546.009101,118515,111042
1766327546.0200574,119089,111290
1766327546.031013,119089,111290
1766327546.041965,118597,111079
1766327546.052917,119102,111266
1766327546.0638714,119102,111266
1766327546.0748737,119102,111266
1766327546.085933,118707,111110
1766327546.0968962,119205,111336
1766327546.1078546,119205,111336
1766327546.1188211,118798,111144
1766327546.1297767,119160,111312
1766327546.14073,119160,111312
1766327546.1516795,119160,111312
1766327546.1626678,118938,111213
1766327546.173633,118776,111136
1766327546.1845875,118776,111136
1766327546.1955404,118776,111136
1766327546.2064927,119032,111236
1766327546.217451,118256,110948
1766327546.228411,118256,110948
1766327546.2393658,119066,111279
1766327546.2503185,118114,110887
1766327546.2612703,118114,110887
1766327546.2722304,118114,110887
1766327546.2831826,119151,111291
1766327546.2941349,118090,110875
1766327546.3050866,118090,110875
1766327546.3160415,118090,110875
1766327546.3269944,119215,111341
1766327546.337946,118115,110859
1766327546.3489006,118115,110859
1766327546.359859,119010,111229
1766327546.3708255,118227,110944
1766327546.3817778,118227,110944
1766327546.3927515,118227,110944
1766327546.4037035,118503,111006
1766327546.414664,118336,110970
1766327546.425617,118336,110970
1766327546.4365695,118232,110918
1766327546.4475207,118390,111002
1766327546.458473,118390,111002
1766327546.4694247,118390,111002
1766327546.4803765,118258,110918
1766327546.4913292,118388,110995
1766327546.5022795,118388,110995
1766327546.5132654,118388,110995
1766327546.5242233,118316,110944
1766327546.5352662,118411,110987
1766327546.5462246,118411,110987
1766327546.5571775,118401,110953
1766327546.5681784,118538,111064
1766327546.5791407,118538,111064
1766327546.5910342,118538,111064
1766327546.6020613,118591,111053
1766327546.6130545,118680,111122
1766327546.6240144,118680,111122
1766327546.6349673,118680,111078
1766327546.6459196,118788,111158
1766327546.6569796,118788,111158
1766327546.667975,118788,111158
1766327546.6789315,118576,111048
1766327546.6898875,118906,111206
1766327546.7008438,118906,111206
1766327546.711795,118906,111206
1766327546.7227492,118608,111062
1766327546.7337017,119009,111273
1766327546.7446532,119009,111273
1766327546.7556045,118662,111087
1766327546.766588,119098,111286
1766327546.7775414,119098,111286
1766327546.7885005,119098,111286
1766327546.799452,118816,111155
1766327546.810403,119171,111304
1766327546.8213577,119171,111304
1766327546.8323221,119171,111304
1766327546.843275,118880,111187
1766327546.8542244,119181,111323
1766327546.8652198,119181,111323
1766327546.876175,119013,111201
1766327546.8871248,118984,111216
1766327546.8980966,118984,111216
1766327546.9090502,118984,111216
1766327546.9200015,119081,111261
1766327546.9309561,118421,110983
1766327546.9419074,118421,110983
1766327546.95286,118421,111293
1766327546.9638247,118207,110899
1766327546.9747798,118207,110899
1766327546.9857316,118207,110899
1766327546.9966831,119203,111304
1766327547.0076346,118180,110899
1766327547.0185883,118180,110899
1766327547.0295393,118180,110899
1766327547.0404937,119191,111290
1766327547.051545,118194,110884
1766327547.062504,118194,110884
1766327547.0734603,118813,111128
1766327547.0847738,118327,110960
1766327547.095774,118327,110960
1766327547.1067297,118327,110960
1766327547.117689,118352,110927
1766327547.1286426,118493,111021
1766327547.139594,118493,111021
1766327547.150546,118493,111021
1766327547.1615114,118256,110917
1766327547.1724758,118505,111046
1766327547.183515,118505,111046
1766327547.1945817,118272,110895
1766327547.2056885,118486,111028
1766327547.2167382,118486,111028
1766327547.2277002,118486,111028
1766327547.2386644,118322,110941
1766327547.24962,118515,111042
1766327547.2605724,118515,111042
1766327547.271529,118423,110973
1766327547.2824826,118597,111079
1766327547.2934322,118597,111079
1766327547.304386,118597,111079
1766327547.3153381,118552,111038
1766327547.3262897,118707,111110
1766327547.3372436,118707,111110
1766327547.3481967,118707,111110
1766327547.3591516,118557,111023
1766327547.3701286,118798,111144
1766327547.3810818,118798,111144
1766327547.392134,118500,110985
1766327547.4030886,118938,111213
1766327547.4140425,118938,111213
1766327547.424996,118938,111213
1766327547.4359486,118574,111041
1766327547.446901,119032,111236
1766327547.4578528,119032,111236
1766327547.4690664,119032,111236
1766327547.4800339,118703,111070
1766327547.4909885,119066,111279
1766327547.501941,119066,111279
1766327547.5128975,118801,111130
1766327547.5238607,119151,111291
1766327547.5348196,119151,111291
1766327547.5457718,119151,111291
1766327547.556745,118897,111174
1766327547.5677288,119215,111341
1766327547.5786839,119215,111341
1766327547.5909166,118954,111173
1766327547.6019425,119010,111229
1766327547.6129172,119010,111229
1766327547.6238747,119010,111229
1766327547.6348293,119062,111231
1766327547.6457832,118503,111006
1766327547.6567488,118503,111006
1766327547.667704,118503,111006
1766327547.6786575,119131,111267
1766327547.6896098,118232,110918
1766327547.7005637,118232,110918
1766327547.7115223,119159,111263
1766327547.7224746,118258,110918
1766327547.7334266,118258,110918
1766327547.7443845,118258,110918
1766327547.7553365,118843,111131
1766327547.7663105,118316,110944
1766327547.7772639,118316,110944
1766327547.78822,118309,110888
1766327547.7991707,118401,110953
1766327547.8101223,118401,110953
1766327547.821076,118401,110953
1766327547.8320274,118175,110848
1766327547.842979,118591,111053
1766327547.8539302,118591,111053
1766327547.8648827,118591,111053
1766327547.8758333,118165,110852
1766327547.8867874,118633,111078
1766327547.897758,118633,111078
1766327547.9087312,118159,110827
1766327547.919689,118576,111048
1766327547.9306407,118576,111048
1766327547.9415913,118576,111048
1766327547.952544,118288,110903
1766327547.9635046,118608,111062
1766327547.9744637,118608,111062
1766327547.985415,118608,111062
1766327547.9963672,118426,110967
1766327548.0073347,118662,111087
1766327548.0182986,118662,111087
1766327548.029252,118422,110951
1766327548.0402048,118816,111155
1766327548.0511556,118816,111155
1766327548.0621066,118816,111155
1766327548.0730588,118397,110953
1766327548.0842822,118880,111187
1766327548.0953104,118880,111187
1766327548.1062696,118396,110933
1766327548.1172328,119013,111201
1766327548.1281857,119013,111201
1766327548.139137,119013,111201
1766327548.1500897,118518,110997
1766327548.1610563,119081,111261
1766327548.1720204,119081,111261
1766327548.182973,119081,111261
1766327548.193996,118645,111053
1766327548.2049537,119159,111293
1766327548.2159095,119159,111293
1766327548.2268624,118722,111083
1766327548.2378154,119203,111304
1766327548.2487714,119203,111304
1766327548.259743,119203,111304
1766327548.2706985,118834,111126
1766327548.2816494,119191,111290
1766327548.2926013,119191,111290
1766327548.303555,119191,111290
1766327548.3145068,118920,111177
1766327548.3254585,118813,111128
1766327548.3364096,118813,111128
1766327548.3473608,118978,111190
1766327548.3583112,118352,110927
1766327548.3692794,118352,110927
1766327548.3802333,118352,110927
1766327548.3911827,119026,111201
1766327548.4021575,118256,110917
1766327548.4131196,118256,110917
1766327548.4240746,118756,111087
1766327548.4350264,118272,110895
1766327548.4459774,118272,110895
1766327548.4569287,118272,110895
1766327548.4678807,118273,110877
1766327548.4788308,118322,110941
1766327548.4897828,118322,110941
1766327548.500735,118322,110941
1766327548.5116882,118056,110791
1766327548.522641,118423,110973
1766327548.5335915,118423,110973
1766327548.5446513,117971,110757
1766327548.5556166,118552,111038
1766327548.5666006,118552,111038
1766327548.5775564,118552,111038
1766327548.588509,118011,110774
1766327548.599564,118557,111023
1766327548.6105611,118557,111023
1766327548.6215212,118557,111023
1766327548.6324754,118104,110836
1766327548.6434286,118500,110985
1766327548.6543822,118500,110985
1766327548.6653357,118198,110859
1766327548.6762862,118574,111041
1766327548.6874497,118574,111041
1766327548.698583,118574,111041
1766327548.709658,118228,110863
1766327548.7207186,118703,111070
1766327548.731807,118703,111070
1766327548.74289,118199,110867
1766327548.7539706,118801,111130
1766327548.7650595,118801,111130
1766327548.7773492,118801,111130
1766327548.7884417,118222,110866
1766327548.799523,118897,111174
1766327548.8106925,118897,111174
1766327548.825264,118289,110892
1766327548.8363433,118954,111173
1766327548.8485305,118954,111173
1766327548.8594944,118954,111173
1766327548.8704646,118366,110933
1766327548.881423,119062,111231
1766327548.8923848,119062,111231
1766327548.903342,118524,110958
1766327548.9143012,119131,111267
1766327548.9252563,119131,111267
1766327548.9362094,119131,111267
1766327548.9471607,118623,111037
1766327548.9581144,119159,111263
1766327548.9691002,119159,111263
1766327548.9800565,119159,111263
1766327548.9910092,118843,111131
1766327549.001962,118843,111131
1766327549.0129156,118843,111131
1766327549.0238712,118798,111094
1766327549.034824,118309,110888
1766327549.0457764,118309,110888
1766327549.0567286,118309,110888
1766327549.0676806,118880,111128
1766327549.0795777,118175,110848
1766327549.0906441,118175,110848
1766327549.1016054,118896,111100
1766327549.1125622,118165,110852
1766327549.1235297,118165,110852
1766327549.1344855,118165,110852
1766327549.1454394,118416,110913
1766327549.156394,118159,110827
1766327549.167371,118159,110827
1766327549.1783268,118159,110827
1766327549.1892803,117997,110751
1766327549.200233,118288,110903
1766327549.211185,118288,110903
1766327549.2221425,117918,110720
1766327549.2330992,118426,110967
1766327549.2440572,118426,110967
1766327549.25501,118426,110967
1766327549.2659655,117907,110720
1766327549.2769206,118422,110951
1766327549.2878733,118422,110951
1766327549.298827,117916,110703
1766327549.3097792,118397,110953
1766327549.3207536,118397,110953
1766327549.3317087,118397,110953
1766327549.3426616,118072,110789
1766327549.3536153,118396,110933
1766327549.364584,118396,110933
1766327549.375549,118396,110933
1766327549.3865018,118186,110820
1766327549.397468,118518,110997
1766327549.4084225,118518,110997
1766327549.419388,118152,110831
1766327549.4303432,118645,111053
1766327549.4412963,118645,111053
1766327549.4522505,118645,111053
1766327549.4632027,118149,110828
1766327549.4741602,118722,111083
1766327549.4851127,118722,111083
1766327549.496073,118722,111083
1766327549.5070257,118215,110880
1766327549.5179837,118834,111126
1766327549.528937,118834,111126
1766327549.539889,118284,110881
1766327549.5508416,118920,111177
1766327549.5617998,118920,111177
1766327549.572768,118920,111177
1766327549.5837214,118398,110927
1766327549.594839,118978,111190
1766327549.6058109,118978,111190
1766327549.6167762,118458,110936
1766327549.6277351,119026,111201
1766327549.6386886,119026,111201
1766327549.6496422,119026,111201
1766327549.6605954,118582,111005
1766327549.6715777,118756,111087
1766327549.6825364,118756,111087
1766327549.693489,118756,111087
1766327549.7044468,118678,111039
1766327549.7154047,118273,110877
1766327549.7263596,118273,110877
1766327549.7373126,118756,111067
1766327549.7482662,118056,110791
1766327549.759218,118056,110791
1766327549.7701967,118056,110791
1766327549.7811537,118735,111049
1766327549.792107,117971,110757
1766327549.8030589,117971,110757
1766327549.8140144,117971,110757
1766327549.8249743,118293,110883
1766327549.8359315,118011,110774
1766327549.846884,118011,110774
1766327549.8578358,117941,110719
1766327549.868796,118104,110836
1766327549.8797517,118104,110836
1766327549.8907044,118104,110836
1766327549.9016705,117864,110690
1766327549.9126248,118198,110859
1766327549.923586,118198,110859
1766327549.934546,117842,110684
1766327549.9454992,118228,110863
1766327549.9564517,118228,110863
1766327549.9674287,118228,110863
1766327549.9783869,117936,110724
1766327549.9893389,118199,110867
1766327550.0002944,118199,110867
1766327550.0112474,118199,110867
1766327550.0222251,118066,110787
1766327550.0332277,118222,110866
1766327550.0442698,118222,110866
1766327550.0553112,118107,110781
1766327550.0663598,118289,110892
1766327550.0774596,118289,110892
1766327550.0886838,118289,110892
1766327550.0998404,118119,110797
1766327550.1108918,118366,110933
1766327550.1220684,118366,110933
1766327550.1333675,118146,110820
1766327550.1444862,118524,110958
1766327550.1555946,118524,110958
1766327550.1667082,118524,110958
1766327550.1778786,118187,110822
1766327550.1888967,118623,111037
1766327550.199948,118623,111037
1766327550.2109532,118623,111037
1766327550.2219872,118263,110871
1766327550.232999,118728,111058
1766327550.2439842,118728,111058
1766327550.2549667,118412,110892
1766327550.2659526,118798,111094
1766327550.276935,118798,111094
1766327550.287914,118798,111094
1766327550.298893,118527,110971
1766327550.309872,118880,111128
1766327550.3208578,118880,111128
1766327550.3318384,118629,111028
1766327550.3428547,118896,111100
1766327550.3539033,118896,111100
1766327550.3649983,118896,111100
1766327550.376068,118702,111041
1766327550.3871071,118416,110913
1766327550.3981764,118416,110913
1766327550.409217,118416,110913
1766327550.4202669,118772,111057
1766327550.431311,117997,110751
1766327550.4423835,117997,110751
1766327550.4534228,118499,110945
1766327550.464467,117918,110720
1766327550.4755118,117918,110720
1766327550.486548,117918,110720
1766327550.4976017,118052,110753
1766327550.5086417,117907,110720
1766327550.5196972,117907,110720
1766327550.5307417,117897,110703
1766327550.541781,117916,110703
1766327550.5528228,117916,110703
1766327550.563881,117916,110703
1766327550.5749428,117915,110715
1766327550.5859933,118072,110789
1766327550.5972815,118072,110789
1766327550.6083558,118072,110789
1766327550.6194248,117937,110730
1766327550.6304789,118186,110820
1766327550.6415188,118186,110820
1766327550.6525996,118132,110768
1766327550.6636312,118152,110831
1766327550.6746693,118152,110831
1766327550.6856909,118152,110831
1766327550.6967108,118236,110836
1766327550.7077367,118149,110828
1766327550.7187998,118149,110828
1766327550.7298293,118182,110800
1766327550.740853,118215,110880
1766327550.7519286,118215,110880
1766327550.762988,118215,110880
1766327550.7740567,118202,110830
1766327550.7851415,118284,110881
1766327550.7962027,118284,110881
1766327550.8072383,118284,110881
1766327550.8182957,118208,110849
1766327550.8293445,118398,110927
1766327550.840385,118398,110927
1766327550.8514242,118352,110867
1766327550.8624742,118458,110936
1766327550.8735402,118458,110936
1766327550.884589,118458,110936
1766327550.895658,118466,110950
1766327550.9067006,118582,111005
1766327550.9177525,118582,111005
1766327550.928804,118534,110959
1766327550.9398468,118678,111039
1766327550.9508789,118678,111039
1766327550.961938,118678,111039
1766327550.973005,118654,111020
1766327550.984059,118756,111067
1766327550.9950974,118756,111067
1766327551.0061347,118756,111067
1766327551.0171943,118704,111043
1766327551.0282397,118735,111049
1766327551.0392797,118735,111049
1766327551.0503154,118782,111045
1766327551.0613747,118293,110883
1766327551.072456,118293,110883
1766327551.0838752,118293,110883
1766327551.095066,118725,111042
1766327551.106125,117941,110719
1766327551.1172118,117941,110719
1766327551.1282697,118238,110826
1766327551.1393218,117864,110690
1766327551.1503656,117864,110690
1766327551.16168,117864,110690
1766327551.1727495,117919,110692
1766327551.183763,117842,110684
1766327551.1947722,117842,110684
1766327551.2057798,117842,110684
1766327551.216807,117936,110724
1766327551.2278328,117936,110724
1766327551.238866,117936,110724
1766327551.2498775,117861,110678
1766327551.2608864,118066,110787
1766327551.2719486,118066,110787
1766327551.2830002,118066,110787
1766327551.2940428,117946,110716
1766327551.305111,118107,110781
1766327551.3161914,118107,110781
1766327551.3272343,118029,110744
1766327551.338272,118119,110797
1766327551.3493068,118119,110797
1766327551.360342,118119,110797
1766327551.3714433,118114,110786
1766327551.3824906,118146,110820
1766327551.3935297,118146,110820
1766327551.404574,118146,110820
1766327551.4156432,118187,110822
1766327551.426724,118187,110822
1766327551.4377673,118187,110822
1766327551.4488068,118106,110786
1766327551.4598477,118263,110871
1766327551.4709191,118263,110871
1766327551.4819617,118263,110871
1766327551.493001,118187,110823
1766327551.5040414,118412,110892
1766327551.5151486,118412,110892
1766327551.5262053,118278,110849
1766327551.5372486,118527,110971
1766327551.5482862,118527,110971
1766327551.5593264,118527,110971
1766327551.5704217,118433,110926
1766327551.5814812,118629,111028
1766327551.5926523,118629,111028
1766327551.6038265,118556,110987
1766327551.6149092,118702,111041
1766327551.625977,118702,111041
1766327551.6370242,118702,111041
1766327551.648065,118618,111008
1766327551.6591249,118772,111057
1766327551.6702683,118772,111057
1766327551.6813095,118772,111057
1766327551.692334,118679,111023
1766327551.70354,118499,110945
1766327551.7147517,118499,110945
1766327551.7258742,118746,111058
1766327551.7369926,118052,110753
1766327551.748107,118052,110753
1766327551.7592638,118052,110753
1766327551.7704375,118797,111067
1766327551.7814214,117897,110703
1766327551.792398,117897,110703
1766327551.8033547,118678,111021
1766327551.8143206,117915,110715
1766327551.8252902,117915,110715
1766327551.8362482,117915,110715
1766327551.8472013,118090,110763
1766327551.8581545,117937,110730
1766327551.8691185,117937,110730
1766327551.8800755,117937,110730
1766327551.8910322,117775,110642
1766327551.902002,118132,110768
1766327551.9129581,118132,110768
1766327551.9239244,117715,110619
1766327551.9348824,118236,110836
1766327551.945842,118236,110836
1766327551.9567971,118236,110836
1766327551.9677908,117713,110619
1766327551.9787555,118182,110800
1766327551.9897103,118182,110800
1766327552.0006633,118182,110800
1766327552.0116348,118202,110830
1766327552.0226767,118202,110830
1766327552.0336425,118202,110830
1766327552.044599,117876,110689
1766327552.055552,118208,110849
1766327552.0665197,118208,110849
1766327552.0774992,118208,110849
1766327552.088662,117931,110713
1766327552.0997152,118352,110867
1766327552.1106813,118352,110867
1766327552.1217282,117917,110710
1766327552.1327271,118466,110950
1766327552.1436894,118466,110950
1766327552.1546457,118466,110950
1766327552.16565,117940,110715
1766327552.1766279,118534,110959
1766327552.1875832,118534,110959
1766327552.1985378,118534,110959
1766327552.2094917,118002,110736
1766327552.2204657,118654,111020
1766327552.2314222,118654,111020
1766327552.2423942,118121,110760
1766327552.253354,118704,111043
1766327552.2643096,118704,111043
1766327552.2752628,118704,111043
1766327552.2862158,118228,110838
1766327552.29717,118782,111045
1766327552.3081229,118782,111045
1766327552.3190784,118357,110904
1766327552.3300307,118725,111042
1766327552.3409839,118725,111042
1766327552.3519363,118725,111042
1766327552.3628888,118444,110926
1766327552.3738756,118238,110826
1766327552.3848336,118238,110826
1766327552.395795,118238,110826
1766327552.406757,118506,110948
1766327552.4177215,117919,110692
1766327552.428678,117919,110692
1766327552.439632,118557,110977
1766327552.4508088,117797,110637
1766327552.4621196,117797,110637
1766327552.473196,117797,110637
1766327552.4842658,118670,111017
1766327552.495357,117861,110678
1766327552.506449,117861,110678
1766327552.517537,117861,110678
1766327552.528636,117946,110716
1766327552.539726,117946,110716
1766327552.5508003,117946,110716
1766327552.5620117,118576,110957
1766327552.5732052,118029,110744
1766327552.5842829,118029,110744
1766327552.5957637,118029,110744
1766327552.6068454,118028,110720
1766327552.6178207,118114,110786
1766327552.6288106,118114,110786
1766327552.6397705,117778,110587
1766327552.6508152,118046,110741
1766327552.6618636,118046,110741
1766327552.6728327,118046,110741
1766327552.68379,117723,110617
1766327552.694744,118106,110786
1766327552.7057018,118106,110786
1766327552.7166572,117731,110631
1766327552.7276134,118187,110823
1766327552.7385676,118187,110823
1766327552.7495198,118187,110823
1766327552.7604735,117791,110649
1766327552.7714646,118278,110849
1766327552.782424,118278,110849
1766327552.7933786,118278,110849
1766327552.8043332,117928,110701
1766327552.8152924,118433,110926
1766327552.826244,118433,110926
1766327552.83723,117953,110701
1766327552.8481872,118556,110987
1766327552.8591425,118556,110987
1766327552.8700976,118556,110987
1766327552.8810506,117987,110726
1766327552.8920038,118618,111008
1766327552.902975,118618,111008
1766327552.9139354,118618,111008
1766327552.9248893,118019,110736
1766327552.9358413,118679,111023
1766327552.9467933,118679,111023
1766327552.957746,118098,110749
1766327552.968732,118746,111058
1766327552.9796877,118746,111058
1766327552.9906409,118746,111058
1766327553.001596,118215,110817
1766327553.01255,118797,111067
1766327553.0235033,118797,111067
1766327553.0344555,118797,110889
1766327553.0454075,118678,111021
1766327553.0563602,118678,111021
1766327553.0673137,118678,111021
1766327553.078298,118474,110928
1766327553.0893629,118090,110763
1766327553.1003218,118090,110763
1766327553.1112804,118090,110763
1766327553.1222491,118581,110965
1766327553.1332068,117775,110642
1766327553.1441605,117775,110642
1766327553.1551137,118633,110980
1766327553.166112,117715,110619
1766327553.1771069,117715,110619
1766327553.1880722,117715,110619
1766327553.1991296,118723,111028
1766327553.2100914,117713,110619
1766327553.2210593,117713,110619
1766327553.2320192,117713,110619
1766327553.2429886,118798,111089
1766327553.2539446,117721,110612
1766327553.2649076,117721,110612
1766327553.275863,118878,111068
1766327553.2868168,117876,110689
1766327553.2977753,117876,110689
1766327553.3088307,117876,110689
1766327553.3197992,118766,111028
1766327553.3307595,117931,110713
1766327553.3417206,117931,110713
1766327553.3526754,118230,110807
1766327553.363647,117917,110710
1766327553.3746436,117917,110710
1766327553.3856006,117917,110710
1766327553.3965595,117949,110685
1766327553.407627,117940,110715
1766327553.4186184,117940,110715
1766327553.4295776,117940,110715
1766327553.4405375,117908,110685
1766327553.451491,118002,110736
1766327553.462445,118002,110736
1766327553.4734263,117911,110682
1766327553.484382,118121,110760
1766327553.4953341,118121,110760
1766327553.5062873,118121,110760
1766327553.5172613,118034,110739
1766327553.5282273,118228,110838
1766327553.5391803,118228,110838
1766327553.5501323,118228,110838
1766327553.5611491,118216,110833
1766327553.5722458,118357,110904
1766327553.5833137,118357,110904
1766327553.5944839,118243,110825
1766327553.6054776,118444,110926
1766327553.6164608,118444,110926
1766327553.6274228,118444,110926
1766327553.6383789,118237,110818
1766327553.6493318,118506,110948
1766327553.6602852,118506,110948
1766327553.6712453,118279,110836
1766327553.6821997,118557,110977
1766327553.693152,118557,110977
1766327553.7041066,118557,110977
1766327553.7150764,118367,110876
1766327553.7260334,118670,111017
1766327553.7369876,118670,111017
1766327553.7479424,118670,111017
1766327553.7588983,118495,110926
1766327553.7698917,118690,111017
1766327553.7808495,118690,111017
1766327553.791803,118631,111001
1766327553.8027577,118576,110957
1766327553.8137114,118576,110957
1766327553.8246753,118576,110957
1766327553.8356307,118728,111026
1766327553.846584,118028,110720
1766327553.8575397,118028,110720
1766327553.8684995,118028,110720
1766327553.879475,118780,111033
1766327553.8904297,117778,110587
1766327553.9013991,117778,110587
1766327553.9123554,118877,111080
1766327553.923319,117723,110617
1766327553.9342837,117723,110617
1766327553.9452372,117723,110617
1766327553.9561903,118935,111114
1766327553.967183,117731,110631
1766327553.9781485,117731,110631
1766327553.9890997,118988,111113
1766327554.0000567,117791,110649
1766327554.01101,117791,110649
1766327554.021984,117791,110649
1766327554.032942,119049,111151
1766327554.0438955,117928,110701
1766327554.0548475,117928,110701
1766327554.0658052,117928,110701
1766327554.0767589,118885,111054
1766327554.087844,117953,110701
1766327554.0988853,117953,110701
1766327554.109851,118367,110881
1766327554.1208243,117987,110726
1766327554.131783,117987,110726
1766327554.1427367,117987,110726
1766327554.1536903,118181,110778
1766327554.1646507,118019,110736
1766327554.1757143,118019,110736
1766327554.1866796,118019,110736
1766327554.1976373,118098,110749
1766327554.2085936,118098,110749
1766327554.2195601,118098,110749
1766327554.2305338,118262,110832
1766327554.2414925,118215,110817
1766327554.2524476,118215,110817
1766327554.2634013,118215,110817
1766327554.2743664,118395,110894
1766327554.285322,118376,110889
1766327554.2962759,118376,110889
1766327554.3072307,118542,110948
1766327554.3181903,118474,110928
1766327554.3291447,118474,110928
1766327554.3400972,118474,110928
1766327554.351052,118517,110923
1766327554.3620055,118581,110965
1766327554.3729963,118581,110965
1766327554.3839524,118581,110965
1766327554.3949049,118506,110927
1766327554.4058723,118633,110980
1766327554.4168415,118633,110980
1766327554.4277952,118549,110965
1766327554.438747,118723,111028
1766327554.4497077,118723,111028
1766327554.4606621,118723,111028
1766327554.4716249,118641,110984
1766327554.4825811,118798,111089
1766327554.493535,118798,111089
1766327554.504488,118798,111089
1766327554.5154448,118707,111011
1766327554.526399,118878,111068
1766327554.5373576,118878,111068
1766327554.5483127,118850,111072
1766327554.5592654,118766,111028
1766327554.5702562,118766,111028
1766327554.5812337,118766,111028
1766327554.5923018,118940,111099
1766327554.6033216,118230,110807
1766327554.6142871,118230,110807
1766327554.6252544,119009,111145
1766327554.636211,117949,110685
1766327554.6471653,117949,110685
1766327554.6581187,117949,110685
1766327554.6690786,119053,111157
1766327554.6800332,117908,110685
1766327554.6909857,117908,110685
1766327554.7019403,117908,110685
1766327554.7128944,119130,111185
1766327554.723853,117911,110682
1766327554.734807,117911,110682
1766327554.74576,119157,111200
1766327554.7567127,118034,110739
1766327554.7677042,118034,110739
1766327554.7786698,118034,110739
1766327554.7896247,118978,111095
1766327554.8005788,118216,110833
1766327554.8115313,118216,110833
1766327554.8224964,118216,110833
1766327554.8334525,118461,110877
1766327554.8444068,118243,110825
1766327554.8553572,118243,110825
1766327554.8663208,118288,110827
1766327554.8772757,118237,110818
1766327554.8882282,118237,110818
1766327554.8991928,118237,110818
1766327554.9101493,118294,110829
1766327554.9211133,118279,110836
1766327554.9320843,118279,110836
1766327554.9430387,118320,110844
1766327554.9539928,118367,110876
1766327554.9649515,118367,110876
1766327554.975929,118367,110876
1766327554.9868846,118453,110906
1766327554.997837,118495,110926
1766327555.00879,118495,110926
1766327555.0197606,118495,110926
1766327555.0307164,118589,110959
1766327555.0416698,118631,111001
1766327555.0526252,118631,111001
1766327555.0635805,118581,110975
1766327555.074542,118728,111026
1766327555.0865836,118728,111026
1766327555.0976288,118728,111026
1766327555.1085908,118554,110942
1766327555.119557,118780,111033
1766327555.1305141,118780,111033
1766327555.1414692,118562,110941
1766327555.152424,118877,111080
1766327555.1633794,118877,111080
1766327555.1743543,118877,111080
1766327555.1853101,118668,110987
1766327555.196297,118935,111114
1766327555.2072558,118935,111114
1766327555.218221,118935,111114
1766327555.2291765,118785,111029
1766327555.2401328,118988,111113
1766327555.2510855,118988,111113
1766327555.2620382,118851,111041
1766327555.2729943,119049,111151
1766327555.2839706,119049,111151
1766327555.2949235,119049,111151
1766327555.3058772,118940,111104
1766327555.3168316,118885,111054
1766327555.3277822,118885,111054
1766327555.3387337,118885,111054
1766327555.3496852,119036,111152
1766327555.3606381,118367,110881
1766327555.3716257,118367,110881
1766327555.3826292,119061,111140
1766327555.393589,118181,110778
1766327555.404562,118181,110778
1766327555.4155276,118181,110778
1766327555.4264817,119122,111173
1766327555.4374363,118150,110772
1766327555.448392,118150,110772
1766327555.459345,119136,111175
1766327555.4703054,118262,110832
1766327555.4812617,118262,110832
1766327555.492216,118262,110832
1766327555.5031798,119096,111154
1766327555.5141358,118395,110894
1766327555.5250888,118395,110894
1766327555.5360415,118395,110894
1766327555.546994,118628,110953
1766327555.5579448,118542,110948
1766327555.568934,118542,110948
1766327555.5798926,118233,110791
1766327555.5909474,118517,110923
1766327555.6019607,118517,110923
1766327555.6129293,118517,110923
1766327555.6238892,118218,110800
1766327555.634863,118506,110927
1766327555.645819,118506,110927
1766327555.6568468,118506,110927
1766327555.667813,118251,110836
1766327555.6787708,118549,110965
1766327555.6897273,118549,110965
1766327555.7006836,118273,110833
1766327555.7116365,118641,110984
1766327555.7225924,118641,110984
1766327555.7335458,118641,110984
1766327555.7444994,118414,110891
1766327555.7554517,118707,111011
1766327555.7664053,118707,111011
1766327555.777372,118451,110893
1766327555.7883255,118850,111072
1766327555.7992785,118850,111072
1766327555.8102381,118850,111072
1766327555.821194,118469,110899
1766327555.8321602,118940,111099
1766327555.8431165,118940,111099
1766327555.8540692,118940,111099
1766327555.865032,118484,110909
1766327555.8759844,119009,111145
1766327555.8869379,119009,111145
1766327555.8978903,118513,110903
1766327555.9088583,119053,111157
1766327555.9198127,119053,111157
1766327555.9307659,119053,111157
1766327555.9417179,118639,110976
1766327555.9526718,119130,111185
1766327555.9636233,119130,111185
1766327555.9746053,119130,111185
1766327555.9855685,118762,111033
1766327555.9965227,119157,111200
1766327556.0074775,119157,111200
1766327556.0184317,118829,111045
1766327556.0293853,118978,111095
1766327556.0403378,118978,111095
1766327556.051289,118978,111095
1766327556.0622416,118905,111088
1766327556.0731978,118461,110877
1766327556.084314,118461,110877
1766327556.0953672,118961,111117
1766327556.1063263,118288,110827
1766327556.1172988,118288,110827
1766327556.1282575,118288,110827
1766327556.139211,119016,111131
1766327556.1501644,118294,110829
1766327556.1611166,118294,110829
1766327556.172096,118294,110829
1766327556.1830525,119079,111144
1766327556.1940062,118320,110844
1766327556.2052364,118320,110844
1766327556.2172377,119074,111134
1766327556.2283232,118453,110906
1766327556.2394402,118453,110906
1766327556.2505376,118453,110906
1766327556.2616322,118880,111044
1766327556.2727244,118589,110959
1766327556.2838082,118589,110959
1766327556.2948885,118390,110867
1766327556.3060954,118581,110975
1766327556.3174105,118581,110975
1766327556.32854,118581,110975
1766327556.3396175,118158,110771
1766327556.3506968,118554,110942
1766327556.3616586,118554,110942
1766327556.3726416,118554,110942
1766327556.3835974,118112,110737
1766327556.3945553,118562,110941
1766327556.405522,118562,110941
1766327556.4164848,118155,110765
1766327556.4274404,118668,110987
1766327556.4383938,118668,110987
1766327556.4493465,118668,110987
1766327556.4603,118240,110802
1766327556.4712534,118785,111029
1766327556.4822054,118785,111029
1766327556.4931576,118351,110816
1766327556.5041187,118851,111041
1766327556.5150723,118851,111041
1766327556.5260262,118851,111041
1766327556.53698,118413,110870
1766327556.5479326,118940,111104
1766327556.558885,118940,111104
1766327556.5698514,118940,111104
1766327556.5808058,118420,110856
1766327556.5918517,119036,111152
1766327556.6028576,119036,111152
1766327556.6138234,118424,110907
1766327556.62478,119061,111140
1766327556.635734,119061,111140
1766327556.6466875,119061,111140
1766327556.657642,118516,110916
1766327556.6685956,119122,111173
1766327556.6795726,119122,111173
1766327556.690528,119122,111173
1766327556.7014854,118584,110934
1766327556.7124395,119136,111175
1766327556.723393,119136,111175
1766327556.7343464,118712,110997
1766327556.7453024,119096,111154
1766327556.7562568,119096,111154
1766327556.76721,119096,111154
1766327556.7782633,118806,111029
1766327556.7893007,118628,110953
1766327556.8003423,118628,110953
1766327556.8113797,118860,111043
1766327556.8224196,118233,110791
1766327556.8334556,118233,110791
1766327556.84449,118233,110791
1766327556.8555279,118942,111083
1766327556.8665643,118218,110800
1766327556.8776004,118218,110800
1766327556.8886356,118218,110800
1766327556.8996742,118980,111105
1766327556.9107468,118251,110836
1766327556.9217923,118251,110836
1766327556.9328325,119085,111117
1766327556.9438732,118273,110833
1766327556.9549134,118273,110833
1766327556.9659505,118273,110833
1766327556.977033,119053,111121
1766327556.9880714,118414,110891
1766327556.9991045,118414,110891
1766327557.0101502,118622,110919
1766327557.021198,118451,110893
1766327557.0322635,118451,110893
1766327557.0433939,118451,110893
1766327557.0545094,118249,110778
1766327557.0655634,118469,110899
1766327557.0766454,118469,110899
1766327557.0878863,118469,110899
1766327557.0990667,118183,110783
1766327557.1101136,118484,110909
1766327557.1211646,118484,110909
1766327557.132207,118170,110762
1766327557.1432474,118513,110903
1766327557.1543806,118513,110903
1766327557.1654375,118513,110903
1766327557.1764975,118231,110786
1766327557.187619,118639,110976
1766327557.198629,118639,110976
1766327557.2097676,118328,110816
1766327557.220894,118762,111033
1766327557.2319925,118762,111033
1766327557.2430887,118762,111033
1766327557.2541852,118444,110864
1766327557.2653205,118829,111045
1766327557.276339,118829,111045
1766327557.2874036,118829,110877
1766327557.2983818,118905,111088
1766327557.3093581,118905,111088
1766327557.320336,118905,111088
1766327557.331309,118443,110870
1766327557.3422832,118961,111117
1766327557.353256,118961,111117
1766327557.3642292,118961,111117
1766327557.3752255,118502,110883
1766327557.3862293,119016,111131
1766327557.3972504,119016,111131
1766327557.4083261,118562,110903
1766327557.419379,119079,111144
1766327557.430417,119079,111144
1766327557.441454,119079,111144
1766327557.4524915,118686,110977
1766327557.4635367,119074,111134
1766327557.4745853,119074,111134
1766327557.4856253,119074,111134
1766327557.4966874,118740,110975
1766327557.5077496,118880,111044
1766327557.5187936,118880,111044
1766327557.5298305,118852,111041
1766327557.5408695,118390,110867
1766327557.5519094,118390,110867
1766327557.562944,118390,110867
1766327557.5740027,118915,111061
1766327557.5850408,118158,110771
1766327557.596306,118158,110771
1766327557.6073508,118945,111053
1766327557.6183774,118112,110737
1766327557.629402,118112,110737
1766327557.640425,118112,110737
1766327557.6514416,119044,111103
1766327557.6624603,118155,110765
1766327557.6734805,118155,110765
1766327557.6845,118155,110765
1766327557.6955175,118240,110802
1766327557.7065597,118240,110802
1766327557.7175996,118240,110802
1766327557.728635,118726,110957
1766327557.7397041,118351,110816
1766327557.750744,118351,110816
1766327557.7617776,118351,110816
1766327557.7728455,118315,110806
1766327557.783885,118413,110870
1766327557.7949202,118413,110870
1766327557.8059864,118181,110729
1766327557.817023,118420,110856
1766327557.82806,118420,110856
1766327557.8390932,118420,110856
1766327557.8501272,118235,110781
1766327557.8611596,118424,110907
1766327557.872197,118424,110907
1766327557.8832293,118424,110907
1766327557.8942618,118516,110916
1766327557.905329,118516,110916
1766327557.9163723,118516,110916
1766327557.9274054,118487,110882
1766327557.9384427,118584,110934
1766327557.9494786,118584,110934
1766327557.9605165,118584,110934
1766327557.9715664,118551,110910
1766327557.9826145,118712,110997
1766327557.99365,118712,110997
1766327558.0046868,118522,110881
1766327558.0157251,118806,111029
1766327558.0267608,118806,111029
1766327558.0377975,118806,111029
1766327558.048832,118561,110910
1766327558.0598702,118860,111043
1766327558.070907,118860,111043
1766327558.0819907,118860,111043
1766327558.0933328,118860,111043
1766327558.1044862,118942,111083
1766327558.115542,118942,111083
1766327558.126552,118722,110966
1766327558.1375625,118980,111105
1766327558.1485698,118980,111105
1766327558.1595752,118980,111105
1766327558.1705828,118847,111010
1766327558.1816025,119085,111117
1766327558.1926155,119085,111117
1766327558.2036757,118918,111058
1766327558.214756,119053,111121
1766327558.2258003,119053,111121
1766327558.236845,119053,111121
1766327558.2478848,119008,111087
1766327558.2589214,118622,110919
1766327558.269959,118622,110919
1766327558.280993,118622,111115
1766327558.292034,118249,110778
1766327558.3030686,118249,110778
1766327558.3141034,118249,110778
1766327558.325144,119143,111141
1766327558.3362057,118183,110783
1766327558.3472438,118183,110783
1766327558.3582804,118183,110783
1766327558.3693187,119202,111160
1766327558.3804631,118170,110762
1766327558.3915133,118170,110762
1766327558.4025588,119017,111091
1766327558.41366,118231,110786
1766327558.4247315,118231,110786
1766327558.435776,118231,110786
1766327558.4468477,118553,110880
1766327558.4578862,118328,110816
1766327558.468924,118328,110816
1766327558.4799633,118351,110825
1766327558.4909978,118444,110864
1766327558.5020585,118444,110864
1766327558.51315,118444,110864
1766327558.5242238,118310,110795
1766327558.5352647,118463,110877
1766327558.546301,118463,110877
1766327558.5573359,118463,110877
1766327558.568375,118373,110814
1766327558.5794308,118443,110870
1766327558.590529,118443,110870
1766327558.6016583,118490,110903
1766327558.6127021,118502,110883
1766327558.6237543,118502,110883
1766327558.6347883,118502,110883
1766327558.6458106,118620,110921
1766327558.6568806,118562,110903
1766327558.6680365,118562,110903
1766327558.6790674,118617,110889
1766327558.6900854,118686,110977
1766327558.7011223,118686,110977
1766327558.7121434,118686,110977
1766327558.7231956,118582,110904
1766327558.7342794,118740,110975
1766327558.7453198,118740,110975
1766327558.7563572,118740,110975
1766327558.7673972,118598,110923
1766327558.7784512,118852,111041
1766327558.7895148,118852,111041
1766327558.8005695,118684,110923
1766327558.8116107,118915,111061
1766327558.8226473,118915,111061
1766327558.8337133,118915,111061
1766327558.8447526,118762,110977
1766327558.8557909,118945,111053
1766327558.8668265,118945,111053
1766327558.877861,118816,110992
1766327558.8888955,119044,111103
1766327558.899933,119044,111103
1766327558.9110012,119044,111103
1766327558.9220455,118911,111053
1766327558.9331262,119010,111076
1766327558.944196,119010,111076
1766327558.9552336,119010,111076
1766327558.9662707,118953,111077
1766327558.9773197,118726,110957
1766327558.9883566,118726,110957
1766327558.9993956,119035,111062
1766327559.0104325,118315,110806
1766327559.0214703,118315,110806
1766327559.032507,118315,110806
1766327559.0435722,119062,111102
1766327559.054616,118181,110729
1766327559.0656548,118181,110729
1766327559.0766916,118765,110960
1766327559.0879622,118235,110781
1766327559.0991502,118235,110781
1766327559.1102898,118235,110781
1766327559.1213439,118324,110793
1766327559.1323807,118284,110781
1766327559.143442,118284,110781
1766327559.1544626,118284,110781
1766327559.1654744,118148,110734
1766327559.1764934,118487,110882
1766327559.1874986,118487,110882
1766327559.1985059,118097,110700
1766327559.2095149,118551,110910
1766327559.220522,118551,110910
1766327559.23153,118551,110910
1766327559.2425356,118123,110714
1766327559.253596,118522,110881
1766327559.2646427,118522,110881
1766327559.275684,118194,110734
1766327559.2867203,118561,110910
1766327559.2977555,118561,110910
1766327559.3087926,118561,110910
1766327559.3198361,118324,110793
1766327559.3308723,118860,111043
1766327559.3419077,118860,111043
1766327559.3529663,118860,111043
1766327559.36401,118288,110803
1766327559.3750713,118722,110966
1766327559.3861082,118722,110966
1766327559.3971412,118318,110778
1766327559.4082162,118847,111010
1766327559.4192667,118847,111010
1766327559.4303026,118847,111010
1766327559.4413464,118364,110813
1766327559.4523838,118918,111058
1766327559.4634542,118918,111058
1766327559.4744937,118419,110831
1766327559.4855266,119008,111087
1766327559.4965963,119008,111087
1766327559.5076568,119008,111087
1766327559.5186994,118557,110880
1766327559.5297382,119080,111115
1766327559.540776,119080,111115
1766327559.5518148,119080,111115
1766327559.5628722,118617,110926
1766327559.5739336,119143,111141
1766327559.5849745,119143,111141
1766327559.5962796,118707,110940
1766327559.6073327,119202,111160
1766327559.6183674,119202,111160
1766327559.629412,119202,111160
1766327559.6404505,118774,110981
1766327559.65149,119017,111091
1766327559.6625378,119017,111091
1766327559.673565,118865,111029
1766327559.6845832,118553,110880
1766327559.6956058,118553,110880
1766327559.7066288,118553,110880
1766327559.717647,118906,111031
1766327559.72867,118351,110825
1766327559.7396872,118351,110825
1766327559.7507033,118351,110825
1766327559.761723,118927,111038
1766327559.7727761,118310,110795
1766327559.78383,118310,110795
1766327559.7948658,118539,110856
1766327559.8059015,118373,110814
1766327559.8169394,118373,110814
1766327559.827976,118373,110814
1766327559.839011,118079,110680
1766327559.850102,118490,110903
1766327559.861143,118490,110903
1766327559.872199,117931,110636
1766327559.8832371,118620,110921
1766327559.894271,118620,110921
1766327559.9053235,118620,110921
1766327559.9163644,117868,110604
1766327559.927404,118617,110889
1766327559.9384382,118617,110889
1766327559.9496295,118617,110889
1766327559.9609413,117905,110634
1766327559.9723783,118582,110904
1766327559.9836113,118582,110904
1766327559.994783,117965,110639
1766327560.0059276,118598,110923
1766327560.0170567,118598,110923
1766327560.028215,118598,110923
1766327560.0395164,118080,110676
1766327560.0506988,118684,110923
1766327560.061844,118684,110923
1766327560.0730126,118088,110651
1766327560.0841992,118762,110977
1766327560.0953443,118762,110977
1766327560.106467,118762,110977
1766327560.1175737,118074,110670
1766327560.128675,118816,110992
1766327560.1399674,118816,110992
1766327560.151098,118124,110705
1766327560.162158,118911,111053
1766327560.1733935,118911,111053
1766327560.1845205,118911,111053
1766327560.1956193,118193,110727
1766327560.2067292,118953,111077
1766327560.2177095,118953,111077
1766327560.228692,118953,110794
1766327560.2396517,119035,111062
1766327560.2506118,119035,111062
1766327560.2615664,119035,111062
1766327560.2725294,118399,110808
1766327560.2834842,119062,111102
1766327560.2945085,119062,111102
1766327560.3054686,119062,111102
1766327560.3164365,118480,110839
1766327560.3273911,118765,110960
1766327560.3383477,118765,110960
1766327560.3493013,118530,110859
1766327560.3602555,118324,110793
1766327560.3712163,118324,110793
1766327560.3821852,118324,110793
1766327560.393141,118618,110894
1766327560.4040952,118148,110734
1766327560.415058,118148,110734
1766327560.4260116,118148,110734
1766327560.4369652,118636,110923
1766327560.447918,118097,110700
1766327560.4588697,118097,110700
1766327560.469828,118679,110876
1766327560.4807816,118123,110714
1766327560.491741,118123,110714
1766327560.5026965,118123,110714
1766327560.5136542,118280,110738
1766327560.5246134,118194,110734
1766327560.535566,118194,110734
1766327560.5465188,118194,110734
1766327560.5574844,118324,110793
1766327560.568446,118324,110793
1766327560.57941,118324,110793
1766327560.5904524,117760,110536
1766327560.601479,118288,110803
1766327560.612443,118288,110803
1766327560.6234078,118288,110803
1766327560.6343641,117723,110518
1766327560.6453178,118318,110778
1766327560.6563485,118318,110778
1766327560.6673238,117733,110530
1766327560.6782796,118364,110813
1766327560.6892388,118364,110813
1766327560.7001936,118364,110813
1766327560.7111454,117842,110566
1766327560.7221067,118419,110831
1766327560.7330608,118419,110831
1766327560.744013,118419,110831
1766327560.754966,117896,110610
1766327560.7659237,118557,110880
1766327560.7768924,118557,110880
1766327560.787846,117958,110563
1766327560.7987986,118617,110926
1766327560.8097513,118617,110926
1766327560.82071,118617,110926
1766327560.8316636,117959,110615
1766327560.8426182,118707,110940
1766327560.8535707,118707,110940
1766327560.8645291,118707,110642
1766327560.8754866,118774,110981
1766327560.8864384,118774,110981
1766327560.897391,118774,110981
1766327560.9083664,118120,110672
1766327560.9193263,118865,111029
1766327560.9302812,118865,111029
1766327560.9412334,118865,111029
1766327560.952186,118243,110707
1766327560.9631379,118906,111031
1766327560.9740975,118906,111031
1766327560.985062,118345,110783
1766327560.9960146,118927,111038
1766327561.0069702,118927,111038
1766327561.0179281,118927,111038
1766327561.0288823,118435,110798
1766327561.0398402,118539,110856
1766327561.0507925,118539,110856
1766327561.0617442,118539,110856
1766327561.0727088,118461,110813
1766327561.0838006,118079,110680
1766327561.094868,118079,110680
1766327561.1058307,118567,110833
1766327561.11681,117931,110636
1766327561.1277654,117931,110636
1766327561.1387198,117931,110636
1766327561.1496723,118634,110871
1766327561.1606247,117868,110604
1766327561.1715848,117868,110604
1766327561.182558,117868,110911
1766327561.1935184,117905,110634
1766327561.204472,117905,110634
1766327561.2154377,117905,110634
1766327561.2263985,118729,110902
1766327561.2373526,117965,110639
1766327561.2483087,117965,110639
1766327561.2592783,117965,110639
1766327561.2702413,118362,110741
1766327561.281195,118080,110676
1766327561.2921617,118080,110676
1766327561.3031147,117952,110579
1766327561.3140728,118088,110651
1766327561.3250403,118088,110651
1766327561.3359935,118088,110651
1766327561.3469458,117825,110535
1766327561.3578994,118074,110670
1766327561.3688605,118074,110670
1766327561.3798215,118074,110670
1766327561.390775,117791,110535
1766327561.4017267,118124,110705
1766327561.412682,118124,110705
1766327561.4236434,117879,110538
1766327561.4345982,118193,110727
1766327561.4455492,118193,110727
1766327561.4565096,118193,110727
1766327561.4674706,118014,110602
1766327561.4784248,118326,110794
1766327561.489378,118326,110794
1766327561.500331,118326,110794
1766327561.5112827,118399,110808
1766327561.5222437,118399,110808
1766327561.5331984,118399,110808
1766327561.5441654,118084,110630
1766327561.5551236,118480,110839
1766327561.5660813,118480,110839
1766327561.5770621,118480,110839
1766327561.588021,118106,110645
1766327561.5990722,118530,110859
1766327561.610046,118530,110859
1766327561.6210222,118199,110704
1766327561.6319768,118618,110894
1766327561.6429296,118618,110894
1766327561.6538818,118618,110894
1766327561.6648421,118273,110710
1766327561.6757984,118636,110923
1766327561.686752,118636,110923
1766327561.6977062,118636,110923
1766327561.7086666,118342,110754
1766327561.7197025,118679,110876
1766327561.7306685,118679,110876
1766327561.7416255,118468,110765
1766327561.752581,118280,110738
1766327561.7636764,118280,110738
1766327561.7747467,118280,110738
1766327561.7858005,118549,110819
1766327561.7967663,117907,110579
1766327561.8077302,117907,110579
1766327561.818701,118622,110865
1766327561.8296602,117760,110536
1766327561.8406143,117760,110536
1766327561.8515663,117760,110536
1766327561.862518,118670,110867
1766327561.8734784,117723,110518
1766327561.884435,117723,110518
1766327561.895387,117723,110518
1766327561.9063408,118739,110901
1766327561.9173043,117733,110530
1766327561.9282653,117733,110530
1766327561.9392176,118767,110912
1766327561.9501855,117842,110566
1766327561.9611382,117842,110566
1766327561.9720962,117842,110566
1766327561.9830728,118660,110839
1766327561.9940279,117896,110610
1766327562.0049813,117896,110610
1766327562.0159407,117896,110610
1766327562.0269024,118140,110648
1766327562.0379446,117958,110563
1766327562.0489066,117958,110563
1766327562.0598614,117932,110530
1766327562.0708313,117959,110615
1766327562.081832,117959,110615
1766327562.0929008,117959,110615
1766327562.1038616,117896,110551
1766327562.1148357,118042,110642
1766327562.1258018,118042,110642
1766327562.1367571,117913,110568
1766327562.147764,118120,110672
1766327562.1587217,118120,110672
1766327562.1696985,118120,110672
1766327562.1806715,118022,110603
1766327562.1916254,118243,110707
1766327562.2025778,118243,110707
1766327562.2135375,118243,110707
1766327562.2245064,118154,110662
1766327562.2354615,118345,110783
1766327562.24642,118345,110783
1766327562.2573726,118131,110633
1766327562.2683372,118435,110798
1766327562.2792888,118435,110798
1766327562.290243,118435,110798
1766327562.3012178,118147,110655
1766327562.312172,118461,110813